benchmark,bits,distance,dual_status,ipopt_objective,objective,primal_status,random,time
unitbox_c_10_10_1_100.jl,6,1.929346575878125,false,-14.179042131697477,-12.59,true,false,1.2299999999991826
unitbox_c_10_10_1_100.jl,6,2.0015745889318923,false,-14.179042131697477,-11.079815775563931,true,true,6.0599999999946315
unitbox_c_10_10_1_100.jl,6,1.99915788142218,true,-14.179042131697477,-11.519733122211028,true,true,4.9200000000040385
unitbox_c_10_10_1_100.jl,6,1.7599170118028264,true,-14.179042131697477,-9.531063809855606,true,true,1.559999999998902
unitbox_c_10_10_1_100.jl,6,0.849928329444619,true,-14.179042131697477,-13.610000000000003,false,true,1.0499999999993357
unitbox_c_10_10_1_100.jl,6,1.4533898107885257,false,-14.179042131697477,-7.910558111649702,true,true,10.000020000021332
unitbox_c_10_10_1_100.jl,6,2.194933094551078,false,-14.179042131697477,-4.201495318684359,true,true,10.000020000021332
unitbox_c_10_10_1_100.jl,6,2.0928884223822357,true,-14.179042131697477,-4.795856871066808,true,true,0.9599999999994122
unitbox_c_10_10_1_100.jl,6,1.3989498936157723,false,-14.179042131697477,-6.499342156163225,true,true,10.000020000021332
unitbox_c_10_10_1_100.jl,6,1.4226191751889417,true,-14.179042131697477,-10.6,true,true,0.9899999999993867
unitbox_c_10_10_1_100.jl,6,1.4019786790234565,false,-14.179042131697477,-12.873585973563872,true,true,10.000020000021332
unitbox_c_10_10_1_100.jl,6,1.6499630878753813,true,-14.179042131697477,-12.129999999999999,false,true,1.1099999999992847
unitbox_c_10_10_1_100.jl,6,1.332447356821355,false,-14.179042131697477,-6.759622490831705,false,true,10.000020000021332
unitbox_c_10_10_1_100.jl,6,1.4206312327602424,false,-14.179042131697477,-10.84612953066804,true,true,10.000020000021332
unitbox_c_10_10_1_100.jl,6,1.9118853686785722,true,-14.179042131697477,-6.910000000000002,false,true,1.1699999999992337
unitbox_c_10_10_1_100.jl,6,1.911885368828238,true,-14.179042131697477,-7.040000000000003,false,true,0.8399999999995142
unitbox_c_10_10_1_100.jl,6,1.2593462721559623,false,-14.179042131697477,-10.716444667973525,true,true,10.000020000021332
unitbox_c_10_10_1_100.jl,6,2.1205784903447964,true,-14.179042131697477,-9.815745217806251,true,true,3.5700000000088132
unitbox_c_10_10_1_100.jl,6,2.0679313524785177,false,-14.179042131697477,-3.0282555164638274,true,true,4.830000000004781
unitbox_c_10_10_1_100.jl,6,2.0276862754406855,true,-14.179042131697477,-10.539275572031631,true,true,3.720000000009796
unitbox_c_10_10_1_100.jl,6,2.1576157403288403,true,-14.179042131697477,-8.31,false,true,0.5399999999997693
unitbox_c_10_10_1_100.jl,10,0.02383182774162205,false,-14.179042131697477,-14.176863827401647,true,false,3.780000000010189
unitbox_c_10_10_1_100.jl,10,1.019025411530081,false,-14.179042131697477,-13.722980242187147,false,true,10.000020000021332
unitbox_c_10_10_1_100.jl,10,0.1568548511239235,false,-14.179042131697477,-14.182994873379789,false,true,6.179999999993641
unitbox_c_10_10_1_100.jl,10,1.0606449734040466,false,-14.179042131697477,-13.860947033374277,false,true,10.000020000021332
unitbox_c_10_10_1_100.jl,10,1.01976523930368,false,-14.179042131697477,-13.678134758593256,true,true,10.000020000021332
unitbox_c_10_10_1_100.jl,10,1.7820908191067504,true,-14.179042131697477,-12.58471056580566,true,true,2.370000000000952
unitbox_c_10_10_1_100.jl,10,0.2013493518025661,false,-14.179042131697477,-14.076638352799183,true,true,10.000020000021332
unitbox_c_10_10_1_100.jl,10,0.05271755833691118,false,-14.179042131697477,-14.173573226840269,true,true,7.199999999985224
unitbox_c_10_10_1_100.jl,10,0.3840364874821698,false,-14.179042131697477,-13.945672798472934,true,true,10.000020000021332
unitbox_c_10_10_1_100.jl,10,1.5497682277611742,true,-14.179042131697477,-12.615739568943214,true,true,1.6799999999988
unitbox_c_10_10_1_100.jl,10,0.15109471415198852,false,-14.179042131697477,-14.155501877099246,true,true,5.639999999998097
unitbox_c_10_10_1_100.jl,10,0.03885025883423772,true,-14.179042131697477,-14.176728886669004,true,true,3.210000000006455
unitbox_c_10_10_1_100.jl,10,1.85512228478912,true,-14.179042131697477,-12.626027066717546,true,true,2.5200000000019345
unitbox_c_10_10_1_100.jl,10,0.5302428887138781,false,-14.179042131697477,-13.850495932077019,true,true,10.000020000021332
unitbox_c_10_10_1_100.jl,10,0.15484605266473264,false,-14.179042131697477,-14.14355787069994,true,true,10.000020000021332
unitbox_c_10_10_1_100.jl,10,1.651742627316134,false,-14.179042131697477,-12.77416033452685,true,true,10.000020000021332
unitbox_c_10_10_1_100.jl,10,1.024305464354054,false,-14.179042131697477,-13.799002970943333,false,true,8.789999999995493
unitbox_c_10_10_1_100.jl,10,0.042537101990873086,false,-14.179042131697477,-14.174756778120475,true,true,8.15999999998204
unitbox_c_10_10_1_100.jl,10,0.28676194057915927,true,-14.179042131697477,-14.121323411756986,false,true,2.880000000004293
unitbox_c_10_10_1_100.jl,10,0.18216727858549853,false,-14.179042131697477,-14.095320240633672,true,true,10.000020000021332
unitbox_c_10_10_1_100.jl,10,0.03817562213311091,false,-14.179042131697477,-14.176708334003406,true,true,3.6300000000092063
unitbox_c_10_10_1_100.jl,12,0.009642358215631112,true,-14.179042131697477,-14.17966482387378,false,false,3.1800000000062583
unitbox_c_10_10_1_100.jl,12,0.03617084370613499,true,-14.179042131697477,-14.177596346236289,true,true,4.20000000000998
unitbox_c_10_10_1_100.jl,12,0.025671352222219078,true,-14.179042131697477,-14.178023067684377,true,true,4.110000000010722
unitbox_c_10_10_1_100.jl,12,0.04840454483402989,false,-14.179042131697477,-14.176743767858365,true,true,6.239999999993146
unitbox_c_10_10_1_100.jl,12,0.05035239300986069,true,-14.179042131697477,-14.176947174365177,true,true,7.559999999982254
unitbox_c_10_10_1_100.jl,12,0.09733752900999042,true,-14.179042131697477,-14.173394356462245,true,true,4.740000000005524
unitbox_c_10_10_1_100.jl,12,0.013082392705575763,true,-14.179042131697477,-14.17797996118952,true,true,4.20000000000998
unitbox_c_10_10_1_100.jl,12,0.013488248606862707,true,-14.179042131697477,-14.17827762847408,true,true,2.0699999999989864
unitbox_c_10_10_1_100.jl,12,0.016848479193970756,false,-14.179042131697477,-14.180010946948617,false,true,7.559999999982254
unitbox_c_10_10_1_100.jl,12,0.015437583342454323,false,-14.179042131697477,-14.179841496578497,false,true,5.519999999999087
unitbox_c_10_10_1_100.jl,12,0.1360092788903551,true,-14.179042131697477,-14.167705164682648,true,true,5.160000000002058
unitbox_c_10_10_1_100.jl,12,0.03368891276957158,false,-14.179042131697477,-14.175976324241807,true,true,5.370000000000325
unitbox_c_10_10_1_100.jl,12,0.04238898255513882,false,-14.179042131697477,-14.1767826430952,true,true,10.000020000021332
unitbox_c_10_10_1_100.jl,12,0.04300580463051378,true,-14.179042131697477,-14.174302242706466,true,true,4.140000000010475
unitbox_c_10_10_1_100.jl,12,0.0713285337026664,true,-14.179042131697477,-14.175749934117016,true,true,3.0900000000056687
unitbox_c_10_10_1_100.jl,12,0.012667928477404621,true,-14.179042131697477,-14.179556552899474,false,true,3.0300000000052756
unitbox_c_10_10_1_100.jl,12,0.026769975036853466,true,-14.179042131697477,-14.178104433449706,true,true,4.530000000007257
unitbox_c_10_10_1_100.jl,12,0.044783623727416816,true,-14.179042131697477,-14.180868848827137,false,true,4.6500000000062665
unitbox_c_10_10_1_100.jl,12,0.0509080018291946,false,-14.179042131697477,-14.177168236550019,true,true,4.980000000003543
unitbox_c_10_10_1_100.jl,12,0.03618174189314711,true,-14.179042131697477,-14.177416806822478,true,true,5.400000000000078
unitbox_c_10_10_1_100.jl,12,0.055313074550839385,false,-14.179042131697477,-14.181468875104063,false,true,3.720000000009796
unitbox_c_10_10_1_50.jl,6,1.7320128564329975,true,-7.380000185475224,-6.579781456940871,true,false,2.5200000000019345
unitbox_c_10_10_1_50.jl,6,1.0005076777581978,false,-7.380000185475224,-6.559251996190038,false,true,10.000020000021332
unitbox_c_10_10_1_50.jl,6,2.6457513330268982,true,-7.380000185475224,-2.58,true,true,1.5299999999989276
unitbox_c_10_10_1_50.jl,6,2.6457513331996547,true,-7.380000185475224,-2.72,true,true,4.710000000005771
unitbox_c_10_10_1_50.jl,6,1.45996728323987,false,-7.380000185475224,-5.230685739203331,true,true,10.000020000021332
unitbox_c_10_10_1_50.jl,6,2.175398215431571,false,-7.380000185475224,-2.837711937393944,true,true,10.000020000021332
unitbox_c_10_10_1_50.jl,6,2.8284271484301073,true,-7.380000185475224,-2.2800000000000007,true,true,0.8399999999995142
unitbox_c_10_10_1_50.jl,6,1.5914364352286396,false,-7.380000185475224,-5.173433603367222,true,true,10.000020000021332
unitbox_c_10_10_1_50.jl,6,1.7350943653681161,false,-7.380000185475224,-2.9356185137358244,true,true,10.000020000021332
unitbox_c_10_10_1_50.jl,6,2.236173971693544,false,-7.380000185475224,-3.762786927104357,true,true,10.000020000021332
unitbox_c_10_10_1_50.jl,6,1.6481157447624077,false,-7.380000185475224,-3.9059090961037697,true,true,10.000020000021332
unitbox_c_10_10_1_50.jl,6,1.3153974916850313,false,-7.380000185475224,-4.242508340703792,true,true,10.000020000021332
unitbox_c_10_10_1_50.jl,6,1.4902402133233492,false,-7.380000185475224,-2.2616387719177906,false,true,10.000020000021332
unitbox_c_10_10_1_50.jl,6,2.682204133910197e-8,true,-7.380000185475224,-7.380000000000001,true,true,1.0199999999993612
unitbox_c_10_10_1_50.jl,6,1.1235894268346902,false,-7.380000185475224,-5.80544007014258,true,true,10.000020000021332
unitbox_c_10_10_1_50.jl,6,2.236067996165747,true,-7.380000185475224,-2.78,true,true,1.4099999999990296
unitbox_c_10_10_1_50.jl,6,2.5280176722189784,false,-7.380000185475224,-3.0049126326528444,true,true,10.000020000021332
unitbox_c_10_10_1_50.jl,6,1.7320508221016688,true,-7.380000185475224,-1.2700000000000005,true,true,3.6900000000095994
unitbox_c_10_10_1_50.jl,6,0.4532050980528499,false,-7.380000185475224,-6.373884702026431,true,true,10.000020000021332
unitbox_c_10_10_1_50.jl,6,2.0000000173167667,true,-7.380000185475224,-1.98,true,true,0.5699999999997438
unitbox_c_10_10_1_50.jl,6,2.682204133910197e-8,true,-7.380000185475224,-7.380000000000001,true,true,0.3599999999999223
unitbox_c_10_10_1_50.jl,10,1.4142135731728986,true,-7.380000185475224,-6.66,true,false,1.799999999998698
unitbox_c_10_10_1_50.jl,10,1.7290351823051657,true,-7.380000185475224,-6.580418590396936,true,true,2.9100000000044894
unitbox_c_10_10_1_50.jl,10,1.4142135731728986,true,-7.380000185475224,-6.66,true,true,5.699999999997602
unitbox_c_10_10_1_50.jl,10,2.682204133910197e-8,true,-7.380000185475224,-7.380000000000001,true,true,2.219999999999969
unitbox_c_10_10_1_50.jl,10,2.682204133910197e-8,true,-7.380000185475224,-7.380000000000001,true,true,0.7799999999995653
unitbox_c_10_10_1_50.jl,10,2.682204133910197e-8,true,-7.380000185475224,-7.380000000000001,true,true,1.0499999999993357
unitbox_c_10_10_1_50.jl,10,2.682204133910197e-8,true,-7.380000185475224,-7.380000000000001,true,true,0.6299999999996928
unitbox_c_10_10_1_50.jl,10,2.682204133910197e-8,true,-7.380000185475224,-7.380000000000001,true,true,3.3600000000074375
unitbox_c_10_10_1_50.jl,10,2.682204133910197e-8,true,-7.380000185475224,-7.380000000000001,true,true,0.8999999999994632
unitbox_c_10_10_1_50.jl,10,1.7320508202249572,true,-7.380000185475224,-6.580000000000001,true,true,6.389999999991908
unitbox_c_10_10_1_50.jl,10,2.682204133910197e-8,true,-7.380000185475224,-7.380000000000001,true,true,9.570000000012149
unitbox_c_10_10_1_50.jl,10,2.682204133910197e-8,true,-7.380000185475224,-7.380000000000001,true,true,1.499999999998953
unitbox_c_10_10_1_50.jl,10,1.4142135731728986,true,-7.380000185475224,-6.66,true,true,1.379999999999055
unitbox_c_10_10_1_50.jl,10,2.682204133910197e-8,true,-7.380000185475224,-7.380000000000001,true,true,1.499999999998953
unitbox_c_10_10_1_50.jl,10,2.828427148558135,true,-7.380000185475224,-2.95,true,true,2.5200000000019345
unitbox_c_10_10_1_50.jl,10,2.682204133910197e-8,true,-7.380000185475224,-7.380000000000001,true,true,1.4099999999990296
unitbox_c_10_10_1_50.jl,10,1.4142135731728986,true,-7.380000185475224,-6.66,true,true,3.5700000000088132
unitbox_c_10_10_1_50.jl,10,2.682204133910197e-8,true,-7.380000185475224,-7.380000000000001,true,true,2.670000000002917
unitbox_c_10_10_1_50.jl,10,1.4113963683550526,true,-7.380000185475224,-6.659840475461571,true,true,4.620000000006514
unitbox_c_10_10_1_50.jl,10,2.682204133910197e-8,true,-7.380000185475224,-7.380000000000001,true,true,7.109999999985967
unitbox_c_10_10_1_50.jl,10,1.4142135731728986,true,-7.380000185475224,-6.66,true,true,3.4800000000082236
unitbox_c_10_10_1_50.jl,12,1.4507314154202018,true,-7.380000185475224,-6.634123789478033,true,false,10.000020000021332
unitbox_c_10_10_1_50.jl,12,2.682204133910197e-8,true,-7.380000185475224,-7.380000000000001,true,true,2.7900000000037033
unitbox_c_10_10_1_50.jl,12,2.828427148558135,true,-7.380000185475224,-2.95,true,true,1.2299999999991826
unitbox_c_10_10_1_50.jl,12,1.1691324764518374,true,-7.380000185475224,-6.644227941676941,true,true,0.9599999999994122
unitbox_c_10_10_1_50.jl,12,1.7284046004134799,true,-7.380000185475224,-6.58050630539832,true,true,3.960000000011368
unitbox_c_10_10_1_50.jl,12,2.682204133910197e-8,true,-7.380000185475224,-7.380000000000001,true,true,1.8299999999986725
unitbox_c_10_10_1_50.jl,12,1.4142135731728986,true,-7.380000185475224,-6.66,true,true,8.489999999989086
unitbox_c_10_10_1_50.jl,12,1.7314003261809967,true,-7.380000185475224,-6.5800901689883835,true,true,2.3400000000007553
unitbox_c_10_10_1_50.jl,12,1.7155364978715346,true,-7.380000185475224,-6.582310755150685,true,true,2.490000000001738
unitbox_c_10_10_1_50.jl,12,2.682204133910197e-8,true,-7.380000185475224,-7.380000000000001,true,true,0.8699999999994887
unitbox_c_10_10_1_50.jl,12,1.4259258834855455,true,-7.380000185475224,-6.645409133328515,true,true,10.000020000021332
unitbox_c_10_10_1_50.jl,12,1.4142135731728986,true,-7.380000185475224,-6.66,true,true,5.4599999999995825
unitbox_c_10_10_1_50.jl,12,2.682204133910197e-8,true,-7.380000185475224,-7.380000000000001,true,true,3.0900000000056687
unitbox_c_10_10_1_50.jl,12,1.2581247506478082,true,-7.380000185475224,-6.650538575256605,true,true,1.439999999999004
unitbox_c_10_10_1_50.jl,12,1.4142135731728986,true,-7.380000185475224,-6.66,true,true,1.8899999999986214
unitbox_c_10_10_1_50.jl,12,1.3756874163701645,true,-7.380000185475224,-6.657789222547336,true,true,0.6899999999996418
unitbox_c_10_10_1_50.jl,12,2.682204133910197e-8,true,-7.380000185475224,-7.380000000000001,true,true,1.1099999999992847
unitbox_c_10_10_1_50.jl,12,2.682204133910197e-8,true,-7.380000185475224,-7.380000000000001,true,true,1.7099999999987745
unitbox_c_10_10_1_50.jl,12,2.682204133910197e-8,true,-7.380000185475224,-7.380000000000001,true,true,0.8999999999994632
unitbox_c_10_10_1_50.jl,12,2.682204133910197e-8,true,-7.380000185475224,-7.380000000000001,true,true,3.450000000008027
unitbox_c_10_10_1_50.jl,12,1.7300591219446981,true,-7.380000185475224,-6.580276296257517,true,true,1.799999999998698
unitbox_c_10_10_2_100.jl,6,0.00016021044596701623,true,-6.420000192955972,-6.419935915009297,true,false,0.9599999999994122
unitbox_c_10_10_2_100.jl,6,2.1661143047485623,false,-6.420000192955972,-0.22903700444921535,true,true,3.900000000010975
unitbox_c_10_10_2_100.jl,6,2.0000000165285807,true,-6.420000192955972,2.540000000000001,true,true,2.430000000001345
unitbox_c_10_10_2_100.jl,6,1.414213575197125,true,-6.420000192955972,1.8900000000000006,true,true,2.0699999999989864
unitbox_c_10_10_2_100.jl,6,1.5902182363409303,true,-6.420000192955972,-4.931528455723626,true,true,0.9599999999994122
unitbox_c_10_10_2_100.jl,6,1.7320508188874377,true,-6.420000192955972,-0.1799999999999997,true,true,2.6400000000027206
unitbox_c_10_10_2_100.jl,6,1.9713479113183523,true,-6.420000192955972,-1.4847789697693876,true,true,0.9299999999994377
unitbox_c_10_10_2_100.jl,6,1.0000000037420977,true,-6.420000192955972,-5.93,true,true,0.8999999999994632
unitbox_c_10_10_2_100.jl,6,2.1905845400035173,true,-6.420000192955972,3.079110249649354,true,true,1.499999999998953
unitbox_c_10_10_2_100.jl,6,2.000000018487092,true,-6.420000192955972,3.4,true,true,1.4099999999990296
unitbox_c_10_10_2_100.jl,6,1.058240450869698,true,-6.420000192955972,-3.6350937334400313,true,true,10.000020000021332
unitbox_c_10_10_2_100.jl,6,2.2900418262066324,true,-6.420000192955972,0.2921702557010812,true,true,2.03999999999879
unitbox_c_10_10_2_100.jl,6,2.026178097743492,true,-6.420000192955972,-1.0217660646251938,true,true,1.1999999999992081
unitbox_c_10_10_2_100.jl,6,2.6708538499284016,true,-6.420000192955972,1.5926358227546813,true,true,2.430000000001345
unitbox_c_10_10_2_100.jl,6,2.0000000180988424,true,-6.420000192955972,3.34,true,true,0.26999999999999885
unitbox_c_10_10_2_100.jl,6,2.8284271490150172,true,-6.420000192955972,9.829999999999998,true,true,1.5299999999989276
unitbox_c_10_10_2_100.jl,6,1.571770463028626,true,-6.420000192955972,-2.572241323406872,true,true,1.4699999999989786
unitbox_c_10_10_2_100.jl,6,2.0000000157123554,true,-6.420000192955972,1.2699999999999998,true,true,1.799999999998698
unitbox_c_10_10_2_100.jl,6,1.860648118379704,false,-6.420000192955972,-4.07753732100677,true,true,10.000020000021332
unitbox_c_10_10_2_100.jl,6,2.0000000128998145,true,-6.420000192955972,-5.4399999999999995,true,true,1.1399999999992592
unitbox_c_10_10_2_100.jl,6,2.449489760827163,true,-6.420000192955972,2.5,true,true,0.7499999999995908
unitbox_c_10_10_2_100.jl,10,2.112163279687645,true,-6.420000192955972,-6.544957380900101,true,false,1.499999999998953
unitbox_c_10_10_2_100.jl,10,2.5599075166168406e-8,true,-6.420000192955972,-6.42,true,true,2.880000000004293
unitbox_c_10_10_2_100.jl,10,2.2360679924146236,true,-6.420000192955972,-6.49,true,true,4.830000000004781
unitbox_c_10_10_2_100.jl,10,2.5599075166168406e-8,true,-6.420000192955972,-6.42,true,true,1.1999999999992081
unitbox_c_10_10_2_100.jl,10,2.5599075166168406e-8,true,-6.420000192955972,-6.42,true,true,1.439999999999004
unitbox_c_10_10_2_100.jl,10,2.1003386053472037,true,-6.420000192955972,-6.5464136923758645,true,true,2.7000000000031137
unitbox_c_10_10_2_100.jl,10,1.414213676569066,true,-6.420000192955972,-5.830229972091759,true,true,0.7499999999995908
unitbox_c_10_10_2_100.jl,10,2.5599075166168406e-8,true,-6.420000192955972,-6.42,true,true,2.7000000000031137
unitbox_c_10_10_2_100.jl,10,1.157576898629897,true,-6.420000192955972,-5.91301839427258,true,true,8.789999999995493
unitbox_c_10_10_2_100.jl,10,2.0048990379008456,true,-6.420000192955972,-6.465772854690869,true,true,3.210000000006455
unitbox_c_10_10_2_100.jl,10,2.5599075166168406e-8,true,-6.420000192955972,-6.42,true,true,4.170000000010227
unitbox_c_10_10_2_100.jl,10,2.5599075166168406e-8,true,-6.420000192955972,-6.42,true,true,1.499999999998953
unitbox_c_10_10_2_100.jl,10,2.5599075166168406e-8,true,-6.420000192955972,-6.42,true,true,1.3499999999990806
unitbox_c_10_10_2_100.jl,10,2.5599075166168406e-8,true,-6.420000192955972,-6.42,true,true,1.319999999999106
unitbox_c_10_10_2_100.jl,10,2.5599075166168406e-8,true,-6.420000192955972,-6.42,true,true,1.319999999999106
unitbox_c_10_10_2_100.jl,10,1.9999754663985532,true,-6.420000192955972,-1.7500049125171684,true,true,0.9899999999993867
unitbox_c_10_10_2_100.jl,10,2.0747837099014266,true,-6.420000192955972,-6.545660399191961,true,true,3.0900000000056687
unitbox_c_10_10_2_100.jl,10,2.0000000172003767,true,-6.420000192955972,-1.7499999999999998,true,true,0.8099999999995398
unitbox_c_10_10_2_100.jl,10,2.204329416134587,true,-6.420000192955972,-6.509231471789212,true,true,3.840000000010582
unitbox_c_10_10_2_100.jl,10,2.5599075166168406e-8,true,-6.420000192955972,-6.42,true,true,2.1299999999993795
unitbox_c_10_10_2_100.jl,10,2.0327165890201164,true,-6.420000192955972,-6.524637327537995,true,true,1.4699999999989786
unitbox_c_10_10_2_100.jl,12,2.5599075166168406e-8,true,-6.420000192955972,-6.42,true,false,2.7000000000031137
unitbox_c_10_10_2_100.jl,12,2.5599075166168406e-8,true,-6.420000192955972,-6.42,true,true,4.800000000005029
unitbox_c_10_10_2_100.jl,12,2.5599075166168406e-8,true,-6.420000192955972,-6.42,true,true,0.8999999999994632
unitbox_c_10_10_2_100.jl,12,2.5599075166168406e-8,true,-6.420000192955972,-6.42,true,true,1.4699999999989786
unitbox_c_10_10_2_100.jl,12,2.067080114427337,true,-6.420000192955972,-6.5441013914266115,true,true,0.5699999999997438
unitbox_c_10_10_2_100.jl,12,2.084222945500946,true,-6.420000192955972,-6.546651608057806,true,true,1.799999999998698
unitbox_c_10_10_2_100.jl,12,2.5599075166168406e-8,true,-6.420000192955972,-6.42,true,true,2.099999999999183
unitbox_c_10_10_2_100.jl,12,2.139561788297302,true,-6.420000192955972,-6.538278785464824,true,true,1.6799999999988
unitbox_c_10_10_2_100.jl,12,2.5599075166168406e-8,true,-6.420000192955972,-6.42,true,true,1.4099999999990296
unitbox_c_10_10_2_100.jl,12,2.5599075166168406e-8,true,-6.420000192955972,-6.42,true,true,1.919999999998596
unitbox_c_10_10_2_100.jl,12,2.5599075166168406e-8,true,-6.420000192955972,-6.42,true,true,2.370000000000952
unitbox_c_10_10_2_100.jl,12,2.091664928896418,true,-6.420000192955972,-6.546817435080824,true,true,3.0300000000052756
unitbox_c_10_10_2_100.jl,12,1.4428486491042867,true,-6.420000192955972,-5.888772744550403,true,true,2.940000000004686
unitbox_c_10_10_2_100.jl,12,2.5599075166168406e-8,true,-6.420000192955972,-6.42,true,true,0.8399999999995142
unitbox_c_10_10_2_100.jl,12,1.4475510454897325,true,-6.420000192955972,-5.888174659166441,true,true,1.439999999999004
unitbox_c_10_10_2_100.jl,12,2.0957276298846326,true,-6.420000192955972,-6.5467037746191625,true,true,3.51000000000842
unitbox_c_10_10_2_100.jl,12,2.5599075166168406e-8,true,-6.420000192955972,-6.42,true,true,1.7699999999987235
unitbox_c_10_10_2_100.jl,12,2.5599075166168406e-8,true,-6.420000192955972,-6.42,true,true,2.159999999999576
unitbox_c_10_10_2_100.jl,12,2.5599075166168406e-8,true,-6.420000192955972,-6.42,true,true,2.9100000000044894
unitbox_c_10_10_2_100.jl,12,2.5599075166168406e-8,true,-6.420000192955972,-6.42,true,true,1.2299999999991826
unitbox_c_10_10_2_100.jl,12,2.5599075166168406e-8,true,-6.420000192955972,-6.42,true,true,0.9599999999994122
unitbox_c_10_10_2_50.jl,6,0.9078279410001013,true,-6.950000192570484,-6.229582913869163,true,false,1.2299999999991826
unitbox_c_10_10_2_50.jl,6,2.2360679968410326,true,-6.950000192570484,0.6600000000000005,true,true,0.6299999999996928
unitbox_c_10_10_2_50.jl,6,1.7320508203299099,true,-6.950000192570484,-2.51,true,true,3.2400000000066513
unitbox_c_10_10_2_50.jl,6,1.4142135726192324,true,-6.950000192570484,-6.1899999999999995,true,true,6.539999999990671
unitbox_c_10_10_2_50.jl,6,2.236067995444833,true,-6.950000192570484,-2.4600000000000004,true,true,1.2599999999991571
unitbox_c_10_10_2_50.jl,6,1.4142135726409213,true,-6.950000192570484,-4.29,false,true,0.8399999999995142
unitbox_c_10_10_2_50.jl,6,1.000000008812649,true,-6.950000192570484,-4.81,false,true,3.1800000000062583
unitbox_c_10_10_2_50.jl,6,1.2101962212173483,false,-6.950000192570484,-3.0104268146120026,true,true,10.000020000021332
unitbox_c_10_10_2_50.jl,6,2.2381891482990026,false,-6.950000192570484,-3.8444763675224785,true,true,10.000020000021332
unitbox_c_10_10_2_50.jl,6,1.000000008540106,true,-6.950000192570484,-5.2299999999999995,false,true,0.4199999999998713
unitbox_c_10_10_2_50.jl,6,1.7321861584244744,false,-6.950000192570484,0.31389748587646515,false,true,10.000020000021332
unitbox_c_10_10_2_50.jl,6,2.4494897641767914,true,-6.950000192570484,0.52,true,true,1.2899999999991316
unitbox_c_10_10_2_50.jl,6,2.236067997047494,true,-6.950000192570484,-0.3799999999999999,true,true,2.880000000004293
unitbox_c_10_10_2_50.jl,6,2.291075829702268,false,-6.950000192570484,-2.42073915824081,true,true,10.000020000021332
unitbox_c_10_10_2_50.jl,6,2.000000016952995,true,-6.950000192570484,-0.3099999999999995,true,true,0.7199999999996163
unitbox_c_10_10_2_50.jl,6,1.3631435365134537,false,-6.950000192570484,-1.3227924335074899,true,true,10.000020000021332
unitbox_c_10_10_2_50.jl,6,2.23606799614841,true,-6.950000192570484,-2.6099999999999994,false,true,0.8699999999994887
unitbox_c_10_10_2_50.jl,6,1.7320508211623524,true,-6.950000192570484,-3.24,false,true,0.5399999999997693
unitbox_c_10_10_2_50.jl,6,2.0000000156721804,true,-6.950000192570484,-0.91,true,true,1.499999999998953
unitbox_c_10_10_2_50.jl,6,2.39075843538355,false,-6.950000192570484,0.7236862556282728,true,true,10.000020000021332
unitbox_c_10_10_2_50.jl,6,1.000000008812649,true,-6.950000192570484,-4.81,false,true,4.740000000005524
unitbox_c_10_10_2_50.jl,10,2.6756799082519708e-8,true,-6.950000192570484,-6.949999999999999,true,false,0.8399999999995142
unitbox_c_10_10_2_50.jl,10,2.6756799082519708e-8,true,-6.950000192570484,-6.949999999999999,true,true,1.7699999999987235
unitbox_c_10_10_2_50.jl,10,0.001785722374281401,false,-6.950000192570484,-6.947821428415451,true,true,10.000020000021332
unitbox_c_10_10_2_50.jl,10,0.5090637785525254,false,-6.950000192570484,-6.328942199877773,true,true,10.000020000021332
unitbox_c_10_10_2_50.jl,10,2.6756799082519708e-8,false,-6.950000192570484,-6.949999999999999,true,true,10.000020000021332
unitbox_c_10_10_2_50.jl,10,2.6756799082519708e-8,true,-6.950000192570484,-6.949999999999999,true,true,3.3000000000070444
unitbox_c_10_10_2_50.jl,10,1.7320508220565247,true,-6.950000192570484,-4.16,true,true,2.550000000002131
unitbox_c_10_10_2_50.jl,10,1.4142135726192324,true,-6.950000192570484,-6.1899999999999995,true,true,1.919999999998596
unitbox_c_10_10_2_50.jl,10,0.21058901606667343,false,-6.950000192570484,-6.827858373992115,true,true,10.000020000021332
unitbox_c_10_10_2_50.jl,10,2.6756799082519708e-8,true,-6.950000192570484,-6.949999999999999,true,true,1.499999999998953
unitbox_c_10_10_2_50.jl,10,1.9811844864539863,true,-6.950000192570484,-4.81305464143329,true,true,1.319999999999106
unitbox_c_10_10_2_50.jl,10,2.6756799082519708e-8,true,-6.950000192570484,-6.949999999999999,true,true,0.8999999999994632
unitbox_c_10_10_2_50.jl,10,2.82842714848213,true,-6.950000192570484,-1.33,true,true,1.2899999999991316
unitbox_c_10_10_2_50.jl,10,2.0000000157372257,true,-6.950000192570484,-4.81,true,true,0.9599999999994122
unitbox_c_10_10_2_50.jl,10,1.9446106044202598,true,-6.950000192570484,-4.8158774248935945,true,true,0.8699999999994887
unitbox_c_10_10_2_50.jl,10,2.6756799082519708e-8,true,-6.950000192570484,-6.949999999999999,true,true,7.949999999979036
unitbox_c_10_10_2_50.jl,10,0.9311586398825248,true,-6.950000192570484,-6.386630791114353,true,true,10.000020000021332
unitbox_c_10_10_2_50.jl,10,1.4142135726192324,true,-6.950000192570484,-6.1899999999999995,true,true,2.5800000000023275
unitbox_c_10_10_2_50.jl,10,2.6756799082519708e-8,true,-6.950000192570484,-6.949999999999999,true,true,1.3499999999990806
unitbox_c_10_10_2_50.jl,10,2.6756799082519708e-8,true,-6.950000192570484,-6.949999999999999,true,true,5.31000000000082
unitbox_c_10_10_2_50.jl,10,2.6756799082519708e-8,true,-6.950000192570484,-6.949999999999999,true,true,1.2299999999991826
unitbox_c_10_10_2_50.jl,12,2.6756799082519708e-8,true,-6.950000192570484,-6.949999999999999,true,false,2.280000000000362
unitbox_c_10_10_2_50.jl,12,0.6920537801842852,true,-6.950000192570484,-6.5486088108039,true,true,10.000020000021332
unitbox_c_10_10_2_50.jl,12,2.6756799082519708e-8,true,-6.950000192570484,-6.949999999999999,true,true,7.109999999985967
unitbox_c_10_10_2_50.jl,12,2.6756799082519708e-8,true,-6.950000192570484,-6.949999999999999,true,true,2.4000000000011483
unitbox_c_10_10_2_50.jl,12,2.6756799082519708e-8,true,-6.950000192570484,-6.949999999999999,true,true,1.439999999999004
unitbox_c_10_10_2_50.jl,12,2.6756799082519708e-8,true,-6.950000192570484,-6.949999999999999,true,true,8.009999999978836
unitbox_c_10_10_2_50.jl,12,2.6756799082519708e-8,true,-6.950000192570484,-6.949999999999999,true,true,8.21999999998332
unitbox_c_10_10_2_50.jl,12,2.6756799082519708e-8,true,-6.950000192570484,-6.949999999999999,true,true,9.210000000004461
unitbox_c_10_10_2_50.jl,12,2.6756799082519708e-8,true,-6.950000192570484,-6.949999999999999,true,true,7.799999999980273
unitbox_c_10_10_2_50.jl,12,2.6756799082519708e-8,true,-6.950000192570484,-6.949999999999999,true,true,0.8999999999994632
unitbox_c_10_10_2_50.jl,12,2.6756799082519708e-8,true,-6.950000192570484,-6.949999999999999,true,true,1.6799999999988
unitbox_c_10_10_2_50.jl,12,2.6756799082519708e-8,true,-6.950000192570484,-6.949999999999999,true,true,1.1699999999992337
unitbox_c_10_10_2_50.jl,12,2.6756799082519708e-8,true,-6.950000192570484,-6.949999999999999,true,true,1.1399999999992592
unitbox_c_10_10_2_50.jl,12,2.6756799082519708e-8,true,-6.950000192570484,-6.949999999999999,true,true,8.009999999978836
unitbox_c_10_10_2_50.jl,12,2.6756799082519708e-8,true,-6.950000192570484,-6.949999999999999,true,true,2.7300000000033102
unitbox_c_10_10_2_50.jl,12,2.6756799082519708e-8,true,-6.950000192570484,-6.949999999999999,true,true,2.1299999999993795
unitbox_c_10_10_2_50.jl,12,2.6756799082519708e-8,true,-6.950000192570484,-6.949999999999999,true,true,4.950000000003791
unitbox_c_10_10_2_50.jl,12,2.6756799082519708e-8,true,-6.950000192570484,-6.949999999999999,true,true,6.77999999998869
unitbox_c_10_10_2_50.jl,12,2.6756799082519708e-8,true,-6.950000192570484,-6.949999999999999,true,true,1.9499999999985704
unitbox_c_10_10_2_50.jl,12,2.6756799082519708e-8,true,-6.950000192570484,-6.949999999999999,true,true,9.18000000000382
unitbox_c_10_10_2_50.jl,12,2.6756799082519708e-8,true,-6.950000192570484,-6.949999999999999,true,true,8.309999999985243
unitbox_c_10_10_3_100.jl,6,1.414213571612974,true,-11.450000318656995,-11.790000000000001,true,false,0.6899999999996418
unitbox_c_10_10_3_100.jl,6,2.449489763163243,true,-11.450000318656995,-4.46,true,true,0.8699999999994887
unitbox_c_10_10_3_100.jl,6,2.2360679983397396,true,-11.450000318656995,0.3600000000000005,true,true,0.6599999999996673
unitbox_c_10_10_3_100.jl,6,1.4142135753704554,true,-11.450000318656995,-7.210000000000001,true,true,0.5399999999997693
unitbox_c_10_10_3_100.jl,6,2.4494897634997703,true,-11.450000318656995,1.7599999999999985,true,true,0.7199999999996163
unitbox_c_10_10_3_100.jl,6,1.414213574840918,true,-11.450000318656995,-7.540000000000002,true,true,0.2400000000000151
unitbox_c_10_10_3_100.jl,6,1.414213571612974,true,-11.450000318656995,-11.790000000000001,true,true,1.2899999999991316
unitbox_c_10_10_3_100.jl,6,2.643840932898499,true,-11.450000318656995,-1.0585198156122844,true,true,2.159999999999576
unitbox_c_10_10_3_100.jl,6,1.5888836688128447,true,-11.450000318656995,-4.4308479758295345,true,true,0.5699999999997438
unitbox_c_10_10_3_100.jl,6,1.0000000094722659,true,-11.450000318656995,-7.51,true,true,0.4199999999998713
unitbox_c_10_10_3_100.jl,6,0.6407729248613795,true,-11.450000318656995,-8.863829379842345,true,true,1.1399999999992592
unitbox_c_10_10_3_100.jl,6,2.000000016264124,true,-11.450000318656995,-2.71,true,true,0.7799999999995653
unitbox_c_10_10_3_100.jl,6,1.0000000045697959,true,-11.450000318656995,-11.299999999999999,true,true,0.5699999999997438
unitbox_c_10_10_3_100.jl,6,1.4142135753945178,true,-11.450000318656995,-5.390000000000001,true,true,3.060000000005472
unitbox_c_10_10_3_100.jl,6,2.236067995763423,true,-11.450000318656995,-3.7999999999999994,true,true,1.979999999998545
unitbox_c_10_10_3_100.jl,6,1.0000000091347978,true,-11.450000318656995,-8.669999999999996,true,true,0.32999999999994784
unitbox_c_10_10_3_100.jl,6,1.7320508202566918,true,-11.450000318656995,-10.6,true,true,0.4799999999998203
unitbox_c_10_10_3_100.jl,6,1.4142135746810973,true,-11.450000318656995,-10.21,true,true,1.799999999998698
unitbox_c_10_10_3_100.jl,6,3.0000000262414015,true,-11.450000318656995,-0.7699999999999999,true,true,0.5999999999997183
unitbox_c_10_10_3_100.jl,6,2.236067997703875,true,-11.450000318656995,-1.8599999999999994,true,true,0.3599999999999223
unitbox_c_10_10_3_100.jl,6,2.4496190312363884,true,-11.450000318656995,-6.291790169022993,true,true,6.0599999999946315
unitbox_c_10_10_3_100.jl,10,1.414213571612974,true,-11.450000318656995,-11.790000000000001,true,false,1.439999999999004
unitbox_c_10_10_3_100.jl,10,1.414213571612974,true,-11.450000318656995,-11.790000000000001,true,true,1.319999999999106
unitbox_c_10_10_3_100.jl,10,1.414213571612974,true,-11.450000318656995,-11.790000000000001,true,true,0.6599999999996673
unitbox_c_10_10_3_100.jl,10,2.8079265058217982e-8,true,-11.450000318656995,-11.450000000000001,true,true,0.9299999999994377
unitbox_c_10_10_3_100.jl,10,1.414213571612974,true,-11.450000318656995,-11.790000000000001,true,true,0.9899999999993867
unitbox_c_10_10_3_100.jl,10,2.449489765164668,true,-11.450000318656995,-6.37,true,true,1.439999999999004
unitbox_c_10_10_3_100.jl,10,1.414213571612974,true,-11.450000318656995,-11.790000000000001,true,true,1.799999999998698
unitbox_c_10_10_3_100.jl,10,1.4142135746810973,true,-11.450000318656995,-10.21,true,true,2.219999999999969
unitbox_c_10_10_3_100.jl,10,1.414213571612974,true,-11.450000318656995,-11.790000000000001,true,true,1.319999999999106
unitbox_c_10_10_3_100.jl,10,2.8079265058217982e-8,true,-11.450000318656995,-11.450000000000001,true,true,0.7799999999995653
unitbox_c_10_10_3_100.jl,10,1.4142135746810973,true,-11.450000318656995,-10.21,true,true,1.919999999998596
unitbox_c_10_10_3_100.jl,10,1.414213571612974,true,-11.450000318656995,-11.790000000000001,true,true,0.8099999999995398
unitbox_c_10_10_3_100.jl,10,1.414213571612974,true,-11.450000318656995,-11.790000000000001,true,true,0.8099999999995398
unitbox_c_10_10_3_100.jl,10,1.414213571612974,true,-11.450000318656995,-11.790000000000001,true,true,1.319999999999106
unitbox_c_10_10_3_100.jl,10,1.414213571612974,true,-11.450000318656995,-11.790000000000001,true,true,1.919999999998596
unitbox_c_10_10_3_100.jl,10,2.8079265058217982e-8,true,-11.450000318656995,-11.450000000000001,true,true,1.0499999999993357
unitbox_c_10_10_3_100.jl,10,1.414213571612974,true,-11.450000318656995,-11.790000000000001,true,true,0.9599999999994122
unitbox_c_10_10_3_100.jl,10,1.414213571612974,true,-11.450000318656995,-11.790000000000001,true,true,1.1099999999992847
unitbox_c_10_10_3_100.jl,10,1.414213571612974,true,-11.450000318656995,-11.790000000000001,true,true,3.720000000009796
unitbox_c_10_10_3_100.jl,10,1.4142135746810973,true,-11.450000318656995,-10.21,true,true,4.590000000006762
unitbox_c_10_10_3_100.jl,10,1.414213571612974,true,-11.450000318656995,-11.790000000000001,true,true,1.3499999999990806
unitbox_c_10_10_3_100.jl,12,2.8079265058217982e-8,true,-11.450000318656995,-11.450000000000001,true,false,1.8899999999986214
unitbox_c_10_10_3_100.jl,12,1.414213571612974,true,-11.450000318656995,-11.790000000000001,true,true,5.909999999995869
unitbox_c_10_10_3_100.jl,12,1.414213571612974,true,-11.450000318656995,-11.790000000000001,true,true,0.9299999999994377
unitbox_c_10_10_3_100.jl,12,1.414214143954685,true,-11.450000318656995,-10.210102012100574,true,true,1.2899999999991316
unitbox_c_10_10_3_100.jl,12,1.4142150060807301,true,-11.450000318656995,-10.210162223994905,true,true,0.9599999999994122
unitbox_c_10_10_3_100.jl,12,1.414213571612974,true,-11.450000318656995,-11.790000000000001,true,true,4.9200000000040385
unitbox_c_10_10_3_100.jl,12,1.414213571612974,true,-11.450000318656995,-11.790000000000001,true,true,3.390000000007634
unitbox_c_10_10_3_100.jl,12,1.414213571612974,true,-11.450000318656995,-11.790000000000001,true,true,1.5299999999989276
unitbox_c_10_10_3_100.jl,12,1.414213571612974,true,-11.450000318656995,-11.790000000000001,true,true,0.9899999999993867
unitbox_c_10_10_3_100.jl,12,1.4142188116017969,true,-11.450000318656995,-10.210312485188554,true,true,1.1999999999992081
unitbox_c_10_10_3_100.jl,12,2.4489205594661163,true,-11.450000318656995,-6.370071349643191,true,true,0.5399999999997693
unitbox_c_10_10_3_100.jl,12,1.414213571612974,true,-11.450000318656995,-11.790000000000001,true,true,6.629999999989928
unitbox_c_10_10_3_100.jl,12,1.414213571612974,true,-11.450000318656995,-11.790000000000001,true,true,4.830000000004781
unitbox_c_10_10_3_100.jl,12,2.8079265058217982e-8,true,-11.450000318656995,-11.450000000000001,true,true,0.5699999999997438
unitbox_c_10_10_3_100.jl,12,1.414213571612974,true,-11.450000318656995,-11.790000000000001,true,true,0.5099999999997948
unitbox_c_10_10_3_100.jl,12,1.414213571612974,true,-11.450000318656995,-11.790000000000001,true,true,1.319999999999106
unitbox_c_10_10_3_100.jl,12,2.8079265058217982e-8,true,-11.450000318656995,-11.450000000000001,true,true,0.4199999999998713
unitbox_c_10_10_3_100.jl,12,1.414213571612974,true,-11.450000318656995,-11.790000000000001,true,true,9.510000000010868
unitbox_c_10_10_3_100.jl,12,1.414213571612974,true,-11.450000318656995,-11.790000000000001,true,true,0.6599999999996673
unitbox_c_10_10_3_100.jl,12,1.414213571612974,true,-11.450000318656995,-11.790000000000001,true,true,4.620000000006514
unitbox_c_10_10_3_100.jl,12,1.414213571612974,true,-11.450000318656995,-11.790000000000001,true,true,0.8099999999995398
unitbox_c_10_10_3_50.jl,6,1.7228056923340438,true,-8.600000202584562,-8.721126992539604,true,false,0.7799999999995653
unitbox_c_10_10_3_50.jl,6,1.4142135735343373,true,-8.600000202584562,-5.709999999999999,true,true,1.5899999999988765
unitbox_c_10_10_3_50.jl,6,2.2360679941551806,true,-8.600000202584562,-5.18,true,true,0.6299999999996928
unitbox_c_10_10_3_50.jl,6,1.7320508209846395,true,-8.600000202584562,-7.59,true,true,2.550000000002131
unitbox_c_10_10_3_50.jl,6,1.0000000083138298,true,-8.600000202584562,-7.109999999999999,true,true,0.7199999999996163
unitbox_c_10_10_3_50.jl,6,1.7320508193309256,true,-8.600000202584562,-5.87,true,true,0.6299999999996928
unitbox_c_10_10_3_50.jl,6,2.0000000157753055,true,-8.600000202584562,-5.08,true,true,2.880000000004293
unitbox_c_10_10_3_50.jl,6,1.4238155366061958,true,-8.600000202584562,-5.204636269061409,true,true,2.4600000000015414
unitbox_c_10_10_3_50.jl,6,1.0000000024922653,true,-8.600000202584562,-8.26,true,true,0.9299999999994377
unitbox_c_10_10_3_50.jl,6,1.7320508186292536,true,-8.600000202584562,-10.299999999999999,true,true,7.949999999979036
unitbox_c_10_10_3_50.jl,6,2.4494897618135725,true,-8.600000202584562,-3.4,true,true,1.1399999999992592
unitbox_c_10_10_3_50.jl,6,2.236067993946328,true,-8.600000202584562,-6.79,true,true,1.619999999998851
unitbox_c_10_10_3_50.jl,6,1.4142135752891867,true,-8.600000202584562,-2.959999999999999,true,true,0.9899999999993867
unitbox_c_10_10_3_50.jl,6,1.7320508209846395,true,-8.600000202584562,-7.59,true,true,0.8999999999994632
unitbox_c_10_10_3_50.jl,6,1.4142135725949907,true,-8.600000202584562,-8.79,true,true,1.619999999998851
unitbox_c_10_10_3_50.jl,6,2.4494897618788785,true,-8.600000202584562,-1.72,true,true,4.530000000007257
unitbox_c_10_10_3_50.jl,6,1.0000000024922653,true,-8.600000202584562,-8.26,true,true,3.390000000007634
unitbox_c_10_10_3_50.jl,6,2.4494897604797172,true,-8.600000202584562,-2.1099999999999994,true,true,0.7799999999995653
unitbox_c_10_10_3_50.jl,6,1.7320508196986293,true,-8.600000202584562,-6.47,true,true,0.7499999999995908
unitbox_c_10_10_3_50.jl,6,2.6457513308876375,true,-8.600000202584562,-0.6399999999999999,true,true,1.1999999999992081
unitbox_c_10_10_3_50.jl,6,1.7320508186292536,true,-8.600000202584562,-10.299999999999999,true,true,3.390000000007634
unitbox_c_10_10_3_50.jl,10,1.7320508186292536,true,-8.600000202584562,-10.299999999999999,true,false,0.8399999999995142
unitbox_c_10_10_3_50.jl,10,1.7320508186292536,true,-8.600000202584562,-10.299999999999999,true,true,0.7199999999996163
unitbox_c_10_10_3_50.jl,10,1.7320508186292536,true,-8.600000202584562,-10.299999999999999,true,true,2.4600000000015414
unitbox_c_10_10_3_50.jl,10,1.7320508186292536,true,-8.600000202584562,-10.299999999999999,true,true,2.5800000000023275
unitbox_c_10_10_3_50.jl,10,1.7320508186292536,true,-8.600000202584562,-10.299999999999999,true,true,0.8399999999995142
unitbox_c_10_10_3_50.jl,10,1.7320508186292536,true,-8.600000202584562,-10.299999999999999,true,true,3.330000000007241
unitbox_c_10_10_3_50.jl,10,1.7320508186292536,true,-8.600000202584562,-10.299999999999999,true,true,2.7300000000033102
unitbox_c_10_10_3_50.jl,10,1.7320508186292536,true,-8.600000202584562,-10.299999999999999,true,true,0.7199999999996163
unitbox_c_10_10_3_50.jl,10,1.7320508186292536,true,-8.600000202584562,-10.299999999999999,true,true,1.0199999999993612
unitbox_c_10_10_3_50.jl,10,1.7320508186292536,true,-8.600000202584562,-10.299999999999999,true,true,1.6499999999988255
unitbox_c_10_10_3_50.jl,10,1.7320508186292536,true,-8.600000202584562,-10.299999999999999,true,true,0.8999999999994632
unitbox_c_10_10_3_50.jl,10,1.7320508186292536,true,-8.600000202584562,-10.299999999999999,true,true,0.8699999999994887
unitbox_c_10_10_3_50.jl,10,1.7320508186292536,true,-8.600000202584562,-10.299999999999999,true,true,0.5099999999997948
unitbox_c_10_10_3_50.jl,10,1.7320508186292536,true,-8.600000202584562,-10.299999999999999,true,true,0.8699999999994887
unitbox_c_10_10_3_50.jl,10,2.508644279098992e-8,true,-8.600000202584562,-8.6,true,true,3.5700000000088132
unitbox_c_10_10_3_50.jl,10,2.508644279098992e-8,true,-8.600000202584562,-8.6,true,true,2.3100000000005587
unitbox_c_10_10_3_50.jl,10,2.508644279098992e-8,true,-8.600000202584562,-8.6,true,true,2.7600000000035068
unitbox_c_10_10_3_50.jl,10,1.7320508186292536,true,-8.600000202584562,-10.299999999999999,true,true,0.7799999999995653
unitbox_c_10_10_3_50.jl,10,2.508644279098992e-8,true,-8.600000202584562,-8.6,true,true,1.6799999999988
unitbox_c_10_10_3_50.jl,10,1.7320508186292536,true,-8.600000202584562,-10.299999999999999,true,true,1.7099999999987745
unitbox_c_10_10_3_50.jl,10,2.508644279098992e-8,true,-8.600000202584562,-8.6,true,true,5.130000000002306
unitbox_c_10_10_3_50.jl,12,1.7320508186292536,true,-8.600000202584562,-10.299999999999999,true,false,0.8699999999994887
unitbox_c_10_10_3_50.jl,12,2.508644279098992e-8,true,-8.600000202584562,-8.6,true,true,2.099999999999183
unitbox_c_10_10_3_50.jl,12,1.7320508186292536,true,-8.600000202584562,-10.299999999999999,true,true,0.9299999999994377
unitbox_c_10_10_3_50.jl,12,1.7320508186292536,true,-8.600000202584562,-10.299999999999999,true,true,2.9700000000048825
unitbox_c_10_10_3_50.jl,12,2.508644279098992e-8,true,-8.600000202584562,-8.6,true,true,3.8700000000107786
unitbox_c_10_10_3_50.jl,12,1.7320508186292536,true,-8.600000202584562,-10.299999999999999,true,true,0.4799999999998203
unitbox_c_10_10_3_50.jl,12,2.508644279098992e-8,true,-8.600000202584562,-8.6,true,true,3.060000000005472
unitbox_c_10_10_3_50.jl,12,1.7320508186292536,true,-8.600000202584562,-10.299999999999999,true,true,1.4099999999990296
unitbox_c_10_10_3_50.jl,12,1.7320508186292536,true,-8.600000202584562,-10.299999999999999,true,true,2.3400000000007553
unitbox_c_10_10_3_50.jl,12,1.7320508186292536,true,-8.600000202584562,-10.299999999999999,true,true,1.379999999999055
unitbox_c_10_10_3_50.jl,12,1.7320508186292536,true,-8.600000202584562,-10.299999999999999,true,true,0.6899999999996418
unitbox_c_10_10_3_50.jl,12,1.7320508186292536,true,-8.600000202584562,-10.299999999999999,true,true,0.8699999999994887
unitbox_c_10_10_3_50.jl,12,1.7320508186292536,true,-8.600000202584562,-10.299999999999999,true,true,2.7600000000035068
unitbox_c_10_10_3_50.jl,12,2.508644279098992e-8,true,-8.600000202584562,-8.6,true,true,0.7799999999995653
unitbox_c_10_10_3_50.jl,12,2.508644279098992e-8,true,-8.600000202584562,-8.6,true,true,3.8100000000103855
unitbox_c_10_10_3_50.jl,12,2.508644279098992e-8,true,-8.600000202584562,-8.6,true,true,3.5700000000088132
unitbox_c_10_10_3_50.jl,12,1.7320508186292536,true,-8.600000202584562,-10.299999999999999,true,true,0.8399999999995142
unitbox_c_10_10_3_50.jl,12,2.508644279098992e-8,true,-8.600000202584562,-8.6,true,true,1.2899999999991316
unitbox_c_10_10_3_50.jl,12,1.7320508186292536,true,-8.600000202584562,-10.299999999999999,true,true,1.499999999998953
unitbox_c_10_10_3_50.jl,12,1.7320508186292536,true,-8.600000202584562,-10.299999999999999,true,true,0.7199999999996163
unitbox_c_10_10_3_50.jl,12,1.7320508186292536,true,-8.600000202584562,-10.299999999999999,true,true,0.8999999999994632
unitbox_c_10_15_1_100.jl,6,1.2749873208538183,false,-11.63646049982129,-9.319351033095334,true,false,7.679999999981264
unitbox_c_10_15_1_100.jl,6,2.1299196968953837,false,-11.63646049982129,-4.987208133208826,true,true,10.000020000021332
unitbox_c_10_15_1_100.jl,6,1.8459093669642659,false,-11.63646049982129,-3.7274824952935735,true,true,10.000020000021332
unitbox_c_10_15_1_100.jl,6,2.602440498478749,false,-11.63646049982129,0.30918442141218383,true,true,10.000020000021332
unitbox_c_10_15_1_100.jl,6,1.836185054718244,false,-11.63646049982129,-8.891285827911956,false,true,7.079999999986215
unitbox_c_10_15_1_100.jl,6,2.0813395411563773,true,-11.63646049982129,-3.1600000000000015,false,true,0.6899999999996418
unitbox_c_10_15_1_100.jl,6,1.5870604047983743,false,-11.63646049982129,-4.112591242245902,true,true,10.000020000021332
unitbox_c_10_15_1_100.jl,6,1.2110240908286312,false,-11.63646049982129,-10.070817034449236,false,true,9.750000000015993
unitbox_c_10_15_1_100.jl,6,2.3098371091777663,false,-11.63646049982129,-6.835662131383616,true,true,5.849999999996364
unitbox_c_10_15_1_100.jl,6,1.8123204355505849,false,-11.63646049982129,-2.616048937036286,true,true,10.000020000021332
unitbox_c_10_15_1_100.jl,6,1.2733171086437327,false,-11.63646049982129,-6.396004850480729,true,true,10.000020000021332
unitbox_c_10_15_1_100.jl,6,0.5771053446652438,false,-11.63646049982129,-12.102120535257853,false,true,10.000020000021332
unitbox_c_10_15_1_100.jl,6,1.8291032751744498,false,-11.63646049982129,-9.968772603149564,true,true,10.000020000021332
unitbox_c_10_15_1_100.jl,6,0.9309733549306662,false,-11.63646049982129,-8.760093384748588,true,true,4.770000000005276
unitbox_c_10_15_1_100.jl,6,1.8189840812499225,false,-11.63646049982129,-5.337373666174376,true,true,10.000020000021332
unitbox_c_10_15_1_100.jl,6,0.5799017314009779,false,-11.63646049982129,-9.166617778616935,true,true,10.000020000021332
unitbox_c_10_15_1_100.jl,6,1.1538503336641002,false,-11.63646049982129,-10.908808121157875,false,true,10.000020000021332
unitbox_c_10_15_1_100.jl,6,2.2100955170703975,false,-11.63646049982129,-4.320230710846423,false,true,10.000020000021332
unitbox_c_10_15_1_100.jl,6,1.368571253712463,false,-11.63646049982129,-9.97255084149361,false,true,10.000020000021332
unitbox_c_10_15_1_100.jl,6,1.528160597140006,false,-11.63646049982129,-5.83029548187441,false,true,10.000020000021332
unitbox_c_10_15_1_100.jl,6,1.131750586744495,false,-11.63646049982129,-12.907790475235013,false,true,10.000020000021332
unitbox_c_10_15_1_100.jl,10,1.1684296918938444,false,-11.63646049982129,-10.825739683098178,true,false,5.4599999999995825
unitbox_c_10_15_1_100.jl,10,0.6187562166699909,false,-11.63646049982129,-11.415377075827083,true,true,10.000020000021332
unitbox_c_10_15_1_100.jl,10,1.8254905973060704,false,-11.63646049982129,-10.44550967591082,false,true,6.209999999993394
unitbox_c_10_15_1_100.jl,10,0.5760743049439558,false,-11.63646049982129,-11.75517299981415,false,true,7.319999999984234
unitbox_c_10_15_1_100.jl,10,1.2021518142954455,false,-11.63646049982129,-10.39106701479795,true,true,10.000020000021332
unitbox_c_10_15_1_100.jl,10,1.1989534656222767,false,-11.63646049982129,-10.429644033485255,true,true,5.819999999996612
unitbox_c_10_15_1_100.jl,10,0.6230806170691061,false,-11.63646049982129,-11.38251491650841,true,true,6.479999999991166
unitbox_c_10_15_1_100.jl,10,0.1437034254546774,false,-11.63646049982129,-11.618487302584294,false,true,10.000020000021332
unitbox_c_10_15_1_100.jl,10,1.8262871392440163,false,-11.63646049982129,-10.400988659382438,true,true,7.349999999983987
unitbox_c_10_15_1_100.jl,10,0.058457090170044294,false,-11.63646049982129,-11.690728551081085,false,true,10.000020000021332
unitbox_c_10_15_1_100.jl,10,0.13621128912167185,false,-11.63646049982129,-11.673524437817095,false,true,10.000020000021332
unitbox_c_10_15_1_100.jl,10,0.642255033345337,false,-11.63646049982129,-11.239346197368754,true,true,6.629999999989928
unitbox_c_10_15_1_100.jl,10,1.1794023134403615,false,-11.63646049982129,-10.676605395306419,true,true,6.089999999994384
unitbox_c_10_15_1_100.jl,10,1.5645229013277016,false,-11.63646049982129,-9.625525227571607,true,true,9.810000000017274
unitbox_c_10_15_1_100.jl,10,1.8274783264725634,false,-11.63646049982129,-10.363446764587842,true,true,7.799999999980273
unitbox_c_10_15_1_100.jl,10,0.08647529544307479,false,-11.63646049982129,-11.361655997423671,false,true,10.000020000021332
unitbox_c_10_15_1_100.jl,10,1.828437733663515,false,-11.63646049982129,-10.340056105437903,true,true,7.559999999982254
unitbox_c_10_15_1_100.jl,10,1.8253895791726695,false,-11.63646049982129,-10.25941726779932,true,true,7.349999999983987
unitbox_c_10_15_1_100.jl,10,1.8371386159720868,false,-11.63646049982129,-10.199776710097765,true,true,6.8999999999877
unitbox_c_10_15_1_100.jl,10,0.5981178013994531,false,-11.63646049982129,-11.5757489640085,false,true,5.939999999995622
unitbox_c_10_15_1_100.jl,10,1.1596321531903397,false,-11.63646049982129,-10.952646123823047,false,true,6.029999999994879
unitbox_c_10_15_1_100.jl,12,0.02819418769022736,false,-11.63646049982129,-11.646511628665946,false,false,10.000020000021332
unitbox_c_10_15_1_100.jl,12,0.003275013744672337,false,-11.63646049982129,-11.63831894316984,false,true,10.000020000021332
unitbox_c_10_15_1_100.jl,12,1.531877150832421,false,-11.63646049982129,-10.064233239392578,false,true,8.969999999999336
unitbox_c_10_15_1_100.jl,12,0.03618699024533646,false,-11.63646049982129,-11.653722323911405,false,true,10.000020000021332
unitbox_c_10_15_1_100.jl,12,1.16438930329169,false,-11.63646049982129,-10.883106118366799,true,true,7.7399999999807685
unitbox_c_10_15_1_100.jl,12,0.05378313478725759,false,-11.63646049982129,-11.651469693441747,false,true,10.000020000021332
unitbox_c_10_15_1_100.jl,12,0.022165559047366612,false,-11.63646049982129,-11.695521605972848,false,true,10.000020000021332
unitbox_c_10_15_1_100.jl,12,1.52879685365931,false,-11.63646049982129,-9.95832649361262,true,true,10.000020000021332
unitbox_c_10_15_1_100.jl,12,0.04062540210621485,false,-11.63646049982129,-11.56908927858972,false,true,10.000020000021332
unitbox_c_10_15_1_100.jl,12,1.159127146331254,false,-11.63646049982129,-10.96016631868117,false,true,10.000020000021332
unitbox_c_10_15_1_100.jl,12,0.07678610934607615,false,-11.63646049982129,-11.56759192137716,true,true,10.000020000021332
unitbox_c_10_15_1_100.jl,12,0.01234680730347653,false,-11.63646049982129,-11.69777036052171,false,true,10.000020000021332
unitbox_c_10_15_1_100.jl,12,1.5339611899847432,false,-11.63646049982129,-9.981130519423523,false,true,9.18000000000382
unitbox_c_10_15_1_100.jl,12,0.046379586744404705,false,-11.63646049982129,-11.764204327721759,false,true,10.000020000021332
unitbox_c_10_15_1_100.jl,12,0.3217677700099987,false,-11.63646049982129,-11.581559822433613,true,true,6.749999999988938
unitbox_c_10_15_1_100.jl,12,0.07559786767355661,false,-11.63646049982129,-11.61993122560689,true,true,10.000020000021332
unitbox_c_10_15_1_100.jl,12,0.0362274647282715,false,-11.63646049982129,-11.669080019699722,false,true,10.000020000021332
unitbox_c_10_15_1_100.jl,12,1.8257175279890572,false,-11.63646049982129,-10.428086479066128,false,true,6.8699999999879475
unitbox_c_10_15_1_100.jl,12,1.5279812503492962,false,-11.63646049982129,-10.002449053052585,true,true,9.240000000005102
unitbox_c_10_15_1_100.jl,12,0.02635867833546389,false,-11.63646049982129,-11.651299888811401,false,true,10.000020000021332
unitbox_c_10_15_1_100.jl,12,1.8257983353724707,false,-11.63646049982129,-10.423358956097344,false,true,6.419999999991661
unitbox_c_10_15_1_50.jl,6,2.5339731157252614e-8,true,-5.390000158863376,-5.390000000000001,true,false,1.1999999999992081
unitbox_c_10_15_1_50.jl,6,0.06251201213459809,true,-5.390000158863376,-5.2631006331653705,true,true,1.319999999999106
unitbox_c_10_15_1_50.jl,6,1.7320508156833312,true,-5.390000158863376,-2.27,true,true,5.939999999995622
unitbox_c_10_15_1_50.jl,6,2.2457908886288545,false,-5.390000158863376,-0.6730998738970178,true,true,10.000020000021332
unitbox_c_10_15_1_50.jl,6,2.292075925864973,false,-5.390000158863376,-2.5553212617784693,true,true,10.000020000021332
unitbox_c_10_15_1_50.jl,6,1.4570808585480308,false,-5.390000158863376,-1.1647016778666166,true,true,10.000020000021332
unitbox_c_10_15_1_50.jl,6,1.9419798727647195,true,-5.390000158863376,-1.040221412864628,true,true,6.479999999991166
unitbox_c_10_15_1_50.jl,6,1.045134420406926,true,-5.390000158863376,-5.162274395273037,true,true,1.8299999999986725
unitbox_c_10_15_1_50.jl,6,1.655047413772035,false,-5.390000158863376,-4.060122858955419,true,true,10.000020000021332
unitbox_c_10_15_1_50.jl,6,2.580538270460183,false,-5.390000158863376,-0.2763343373113536,true,true,10.000020000021332
unitbox_c_10_15_1_50.jl,6,2.2360679857581975,true,-5.390000158863376,-1.45,true,true,1.8899999999986214
unitbox_c_10_15_1_50.jl,6,2.5036036116444915,false,-5.390000158863376,-1.5283851530447243,true,true,10.000020000021332
unitbox_c_10_15_1_50.jl,6,1.937937225055979,false,-5.390000158863376,-3.7716665901476096,true,true,10.000020000021332
unitbox_c_10_15_1_50.jl,6,1.4142135653061114,true,-5.390000158863376,-3.0100000000000002,true,true,2.4000000000011483
unitbox_c_10_15_1_50.jl,6,2.44948975942617,true,-5.390000158863376,-1.9899999999999998,true,true,5.819999999996612
unitbox_c_10_15_1_50.jl,6,2.236067996756659,true,-5.390000158863376,0.5,false,true,0.7499999999995908
unitbox_c_10_15_1_50.jl,6,2.000000011629275,true,-5.390000158863376,-2.37,true,true,1.739999999998749
unitbox_c_10_15_1_50.jl,6,1.8248282404023077,false,-5.390000158863376,-1.539557293340481,true,true,10.000020000021332
unitbox_c_10_15_1_50.jl,6,2.0005228473220735,false,-5.390000158863376,-0.3913371080563828,false,true,10.000020000021332
unitbox_c_10_15_1_50.jl,6,1.41421356525003,true,-5.390000158863376,-4.6499999999999995,true,true,4.830000000004781
unitbox_c_10_15_1_50.jl,6,2.0271092626176297,false,-5.390000158863376,-1.6604647463679492,true,true,10.000020000021332
unitbox_c_10_15_1_50.jl,10,1.4142135646450669,true,-5.390000158863376,-5.38,true,false,2.4600000000015414
unitbox_c_10_15_1_50.jl,10,2.5339731157252614e-8,true,-5.390000158863376,-5.390000000000001,true,true,9.330000000007024
unitbox_c_10_15_1_50.jl,10,1.4142135646450669,true,-5.390000158863376,-5.38,true,true,1.859999999998647
unitbox_c_10_15_1_50.jl,10,0.37366769519135684,true,-5.390000158863376,-5.326476491032092,true,true,1.2599999999991571
unitbox_c_10_15_1_50.jl,10,1.2341204761287452,true,-5.390000158863376,-5.335715883508953,true,true,1.1999999999992081
unitbox_c_10_15_1_50.jl,10,2.5339731157252614e-8,true,-5.390000158863376,-5.390000000000001,true,true,1.6499999999988255
unitbox_c_10_15_1_50.jl,10,1.9277293444442047,false,-5.390000158863376,-5.457800876079285,false,true,10.000020000021332
unitbox_c_10_15_1_50.jl,10,0.734711577656179,true,-5.390000158863376,-5.265099031013072,true,true,10.000020000021332
unitbox_c_10_15_1_50.jl,10,1.820969747264567,false,-5.390000158863376,-5.13952647108441,true,true,10.000020000021332
unitbox_c_10_15_1_50.jl,10,1.8882580559431834,false,-5.390000158863376,-5.352250759286211,false,true,10.000020000021332
unitbox_c_10_15_1_50.jl,10,2.5339731157252614e-8,true,-5.390000158863376,-5.390000000000001,true,true,8.18999999998268
unitbox_c_10_15_1_50.jl,10,0.00011084318396118618,true,-5.390000158863376,-5.389981155873825,true,true,0.6599999999996673
unitbox_c_10_15_1_50.jl,10,1.3362731498757638,true,-5.390000158863376,-5.3618168668272155,true,true,0.6599999999996673
unitbox_c_10_15_1_50.jl,10,1.4142135646450669,true,-5.390000158863376,-5.38,true,true,0.9599999999994122
unitbox_c_10_15_1_50.jl,10,1.4142135646450669,true,-5.390000158863376,-5.38,true,true,2.4600000000015414
unitbox_c_10_15_1_50.jl,10,2.5339731157252614e-8,true,-5.390000158863376,-5.390000000000001,true,true,1.4099999999990296
unitbox_c_10_15_1_50.jl,10,0.8818210352967044,true,-5.390000158863376,-5.222454002687557,true,true,0.8399999999995142
unitbox_c_10_15_1_50.jl,10,0.47247348757562585,true,-5.390000158863376,-5.309679506326766,true,true,9.540000000011508
unitbox_c_10_15_1_50.jl,10,1.9692659270230073,false,-5.390000158863376,-5.559463458106577,false,true,10.000020000021332
unitbox_c_10_15_1_50.jl,10,2.5339731157252614e-8,true,-5.390000158863376,-5.390000000000001,true,true,3.0900000000056687
unitbox_c_10_15_1_50.jl,10,0.12461415831351944,true,-5.390000158863376,-5.366323309314362,true,true,0.7199999999996163
unitbox_c_10_15_1_50.jl,12,2.5339731157252614e-8,true,-5.390000158863376,-5.390000000000001,true,false,8.279999999984602
unitbox_c_10_15_1_50.jl,12,1.8104057083461007,false,-5.390000158863376,-5.10006973839901,true,true,10.000020000021332
unitbox_c_10_15_1_50.jl,12,2.2360679918224005,true,-5.390000158863376,-2.56,true,true,1.5299999999989276
unitbox_c_10_15_1_50.jl,12,2.5339731157252614e-8,true,-5.390000158863376,-5.390000000000001,true,true,6.689999999989433
unitbox_c_10_15_1_50.jl,12,2.2360679918224005,true,-5.390000158863376,-2.56,true,true,3.210000000006455
unitbox_c_10_15_1_50.jl,12,2.2344238931503253,true,-5.390000158863376,-2.5598895477259482,true,true,1.0499999999993357
unitbox_c_10_15_1_50.jl,12,1.8046104938363863,false,-5.390000158863376,-5.077364851345979,true,true,10.000020000021332
unitbox_c_10_15_1_50.jl,12,2.5339731157252614e-8,true,-5.390000158863376,-5.390000000000001,true,true,1.619999999998851
unitbox_c_10_15_1_50.jl,12,2.5339731157252614e-8,true,-5.390000158863376,-5.390000000000001,true,true,5.879999999996117
unitbox_c_10_15_1_50.jl,12,2.2360679918224005,true,-5.390000158863376,-2.56,true,true,1.0199999999993612
unitbox_c_10_15_1_50.jl,12,1.9507935058699224,false,-5.390000158863376,-5.515255538427469,false,true,10.000020000021332
unitbox_c_10_15_1_50.jl,12,2.5339731157252614e-8,true,-5.390000158863376,-5.390000000000001,true,true,7.7399999999807685
unitbox_c_10_15_1_50.jl,12,2.5339731157252614e-8,true,-5.390000158863376,-5.390000000000001,true,true,5.7299999999973545
unitbox_c_10_15_1_50.jl,12,1.8147112751233085,false,-5.390000158863376,-5.116433179297483,true,true,10.000020000021332
unitbox_c_10_15_1_50.jl,12,2.5339731157252614e-8,true,-5.390000158863376,-5.390000000000001,true,true,5.010000000003296
unitbox_c_10_15_1_50.jl,12,1.4142135646450669,true,-5.390000158863376,-5.38,true,true,2.3400000000007553
unitbox_c_10_15_1_50.jl,12,2.5339731157252614e-8,true,-5.390000158863376,-5.390000000000001,true,true,3.780000000010189
unitbox_c_10_15_1_50.jl,12,2.5339731157252614e-8,true,-5.390000158863376,-5.390000000000001,true,true,5.7299999999973545
unitbox_c_10_15_1_50.jl,12,1.8213910285200068,false,-5.390000158863376,-5.1410534068415235,true,true,10.000020000021332
unitbox_c_10_15_1_50.jl,12,1.8659344704601841,false,-5.390000158863376,-5.287340848317098,true,true,10.000020000021332
unitbox_c_10_15_1_50.jl,12,1.9608140534158023,false,-5.390000158863376,-5.539420576539947,false,true,10.000020000021332
unitbox_c_10_15_2_100.jl,6,0.19174334082630123,true,-28.070000530332194,-27.984767440538793,true,false,0.4799999999998203
unitbox_c_10_15_2_100.jl,6,2.8852930733838003e-8,true,-28.070000530332194,-28.069999999999997,true,true,0.5099999999997948
unitbox_c_10_15_2_100.jl,6,1.7320508205788,true,-28.070000530332194,-20.839999999999996,true,true,0.3599999999999223
unitbox_c_10_15_2_100.jl,6,1.0000000096844932,true,-28.070000530332194,-20.81,true,true,1.2899999999991316
unitbox_c_10_15_2_100.jl,6,1.813424095181674,true,-28.070000530332194,-20.100823968329443,true,true,1.2899999999991316
unitbox_c_10_15_2_100.jl,6,1.0403287287796041,true,-28.070000530332194,-23.427143119570317,true,true,1.739999999998749
unitbox_c_10_15_2_100.jl,6,1.9771947735892272,true,-28.070000530332194,-15.752216732320361,true,true,1.0499999999993357
unitbox_c_10_15_2_100.jl,6,1.8025995158393384,false,-28.070000530332194,-12.02470977351849,true,true,5.010000000003296
unitbox_c_10_15_2_100.jl,6,1.4142135717703537,true,-28.070000530332194,-21.799999999999997,true,true,0.7199999999996163
unitbox_c_10_15_2_100.jl,6,1.4886116914069798,false,-28.070000530332194,-23.639826687902783,true,true,8.279999999984602
unitbox_c_10_15_2_100.jl,6,1.3640582941687975,false,-28.070000530332194,-24.96398383363526,true,true,10.000020000021332
unitbox_c_10_15_2_100.jl,6,1.4142135757785752,true,-28.070000530332194,-20.88,true,true,1.8299999999986725
unitbox_c_10_15_2_100.jl,6,1.414213571966056,true,-28.070000530332194,-21.19,true,true,1.8299999999986725
unitbox_c_10_15_2_100.jl,6,1.1126055019944756,false,-28.070000530332194,-22.552303564918695,true,true,5.42999999999983
unitbox_c_10_15_2_100.jl,6,1.9383881752127043,false,-28.070000530332194,-10.319918867827434,true,true,10.000020000021332
unitbox_c_10_15_2_100.jl,6,1.1394220958425862,false,-28.070000530332194,-24.30349208525883,true,true,10.000020000021332
unitbox_c_10_15_2_100.jl,6,2.000000346506729,true,-28.070000530332194,-9.456027230668779,true,true,2.0699999999989864
unitbox_c_10_15_2_100.jl,6,1.7320508238432493,true,-28.070000530332194,-19.890000000000004,true,true,0.8399999999995142
unitbox_c_10_15_2_100.jl,6,1.4142135756427572,true,-28.070000530332194,-21.990000000000002,true,true,1.1699999999992337
unitbox_c_10_15_2_100.jl,6,1.414213575957447,true,-28.070000530332194,-16.389999999999997,true,true,1.5899999999988765
unitbox_c_10_15_2_100.jl,6,1.0000062453925862,false,-28.070000530332194,-27.45151084963668,true,true,8.849999999996774
unitbox_c_10_15_2_100.jl,10,2.8852930733838003e-8,true,-28.070000530332194,-28.069999999999997,true,false,1.2599999999991571
unitbox_c_10_15_2_100.jl,10,2.8852930733838003e-8,true,-28.070000530332194,-28.069999999999997,true,true,1.2899999999991316
unitbox_c_10_15_2_100.jl,10,0.3064696561839051,true,-28.070000530332194,-27.927441185948076,true,true,4.500000000007504
unitbox_c_10_15_2_100.jl,10,2.8852930733838003e-8,true,-28.070000530332194,-28.069999999999997,true,true,1.2299999999991826
unitbox_c_10_15_2_100.jl,10,0.03894473050090092,true,-28.070000530332194,-28.053759657568587,true,true,6.419999999991661
unitbox_c_10_15_2_100.jl,10,2.8852930733838003e-8,true,-28.070000530332194,-28.069999999999997,true,true,1.7699999999987235
unitbox_c_10_15_2_100.jl,10,2.8852930733838003e-8,true,-28.070000530332194,-28.069999999999997,true,true,1.1699999999992337
unitbox_c_10_15_2_100.jl,10,0.021331139789177733,true,-28.070000530332194,-28.061172331147507,true,true,6.629999999989928
unitbox_c_10_15_2_100.jl,10,2.8852930733838003e-8,true,-28.070000530332194,-28.069999999999997,true,true,0.4199999999998713
unitbox_c_10_15_2_100.jl,10,2.8852930733838003e-8,true,-28.070000530332194,-28.069999999999997,true,true,1.379999999999055
unitbox_c_10_15_2_100.jl,10,2.8852930733838003e-8,true,-28.070000530332194,-28.069999999999997,true,true,2.8200000000039
unitbox_c_10_15_2_100.jl,10,2.8852930733838003e-8,true,-28.070000530332194,-28.069999999999997,true,true,1.439999999999004
unitbox_c_10_15_2_100.jl,10,2.8852930733838003e-8,true,-28.070000530332194,-28.069999999999997,true,true,1.9499999999985704
unitbox_c_10_15_2_100.jl,10,0.680408163365523,true,-28.070000530332194,-27.707700707173956,true,true,2.8500000000040964
unitbox_c_10_15_2_100.jl,10,2.8852930733838003e-8,true,-28.070000530332194,-28.069999999999997,true,true,1.7699999999987235
unitbox_c_10_15_2_100.jl,10,0.5330203648582049,true,-28.070000530332194,-27.80032172505249,true,true,4.3200000000089895
unitbox_c_10_15_2_100.jl,10,2.8852930733838003e-8,true,-28.070000530332194,-28.069999999999997,true,true,0.5399999999997693
unitbox_c_10_15_2_100.jl,10,2.8852930733838003e-8,true,-28.070000530332194,-28.069999999999997,true,true,0.4799999999998203
unitbox_c_10_15_2_100.jl,10,2.8852930733838003e-8,true,-28.070000530332194,-28.069999999999997,true,true,3.0900000000056687
unitbox_c_10_15_2_100.jl,10,0.398720931892866,true,-28.070000530332194,-27.877908311389604,true,true,5.130000000002306
unitbox_c_10_15_2_100.jl,10,2.8852930733838003e-8,true,-28.070000530332194,-28.069999999999997,true,true,0.7799999999995653
unitbox_c_10_15_2_100.jl,12,2.8852930733838003e-8,true,-28.070000530332194,-28.069999999999997,true,false,2.1899999999997726
unitbox_c_10_15_2_100.jl,12,2.8852930733838003e-8,true,-28.070000530332194,-28.069999999999997,true,true,2.370000000000952
unitbox_c_10_15_2_100.jl,12,2.8852930733838003e-8,true,-28.070000530332194,-28.069999999999997,true,true,2.670000000002917
unitbox_c_10_15_2_100.jl,12,2.8852930733838003e-8,true,-28.070000530332194,-28.069999999999997,true,true,1.7699999999987235
unitbox_c_10_15_2_100.jl,12,2.8852930733838003e-8,true,-28.070000530332194,-28.069999999999997,true,true,3.3000000000070444
unitbox_c_10_15_2_100.jl,12,2.8852930733838003e-8,true,-28.070000530332194,-28.069999999999997,true,true,1.439999999999004
unitbox_c_10_15_2_100.jl,12,2.8852930733838003e-8,true,-28.070000530332194,-28.069999999999997,true,true,0.5699999999997438
unitbox_c_10_15_2_100.jl,12,2.8852930733838003e-8,true,-28.070000530332194,-28.069999999999997,true,true,1.859999999998647
unitbox_c_10_15_2_100.jl,12,2.8852930733838003e-8,true,-28.070000530332194,-28.069999999999997,true,true,2.490000000001738
unitbox_c_10_15_2_100.jl,12,2.8852930733838003e-8,true,-28.070000530332194,-28.069999999999997,true,true,1.5299999999989276
unitbox_c_10_15_2_100.jl,12,2.8852930733838003e-8,true,-28.070000530332194,-28.069999999999997,true,true,0.8699999999994887
unitbox_c_10_15_2_100.jl,12,2.8852930733838003e-8,true,-28.070000530332194,-28.069999999999997,true,true,2.4600000000015414
unitbox_c_10_15_2_100.jl,12,2.8852930733838003e-8,true,-28.070000530332194,-28.069999999999997,true,true,1.439999999999004
unitbox_c_10_15_2_100.jl,12,2.8852930733838003e-8,true,-28.070000530332194,-28.069999999999997,true,true,0.4799999999998203
unitbox_c_10_15_2_100.jl,12,2.8852930733838003e-8,true,-28.070000530332194,-28.069999999999997,true,true,0.4199999999998713
unitbox_c_10_15_2_100.jl,12,2.8852930733838003e-8,true,-28.070000530332194,-28.069999999999997,true,true,0.4799999999998203
unitbox_c_10_15_2_100.jl,12,2.8852930733838003e-8,true,-28.070000530332194,-28.069999999999997,true,true,2.7600000000035068
unitbox_c_10_15_2_100.jl,12,2.8852930733838003e-8,true,-28.070000530332194,-28.069999999999997,true,true,0.4799999999998203
unitbox_c_10_15_2_100.jl,12,2.8852930733838003e-8,true,-28.070000530332194,-28.069999999999997,true,true,0.5099999999997948
unitbox_c_10_15_2_100.jl,12,2.8852930733838003e-8,true,-28.070000530332194,-28.069999999999997,true,true,0.6299999999996928
unitbox_c_10_15_2_100.jl,12,2.8852930733838003e-8,true,-28.070000530332194,-28.069999999999997,true,true,0.6899999999996418
unitbox_c_10_15_2_50.jl,6,1.0266622800423089,true,-11.60277253958132,-10.590053258198326,true,false,1.0499999999993357
unitbox_c_10_15_2_50.jl,6,2.142146198640793,true,-11.60277253958132,-2.249999999999999,true,true,2.2500000000001656
unitbox_c_10_15_2_50.jl,6,1.535273687183095,false,-11.60277253958132,-4.173883876883487,true,true,10.000020000021332
unitbox_c_10_15_2_50.jl,6,0.23267329859248678,true,-11.60277253958132,-11.64,false,true,1.4099999999990296
unitbox_c_10_15_2_50.jl,6,1.7476089139033295,true,-11.60277253958132,-4.84,true,true,0.7499999999995908
unitbox_c_10_15_2_50.jl,6,0.23267329859248678,true,-11.60277253958132,-11.64,false,true,0.8099999999995398
unitbox_c_10_15_2_50.jl,6,2.248140777047624,true,-11.60277253958132,-1.07,true,true,1.859999999998647
unitbox_c_10_15_2_50.jl,6,1.608971814560598,true,-11.60277253958132,-7.25,true,true,8.099999999980758
unitbox_c_10_15_2_50.jl,6,1.02671168244887,true,-11.60277253958132,-10.590000000000002,true,true,0.9599999999994122
unitbox_c_10_15_2_50.jl,6,2.0134887469196245,true,-11.60277253958132,-2.7300000000000004,true,true,0.9899999999993867
unitbox_c_10_15_2_50.jl,6,2.0134887471405283,true,-11.60277253958132,-5.1899999999999995,true,true,0.9599999999994122
unitbox_c_10_15_2_50.jl,6,2.0207271031907177,true,-11.60277253958132,-5.080887709571815,true,true,0.8399999999995142
unitbox_c_10_15_2_50.jl,6,2.091333912228172,false,-11.60277253958132,-4.236456826369585,true,true,10.000020000021332
unitbox_c_10_15_2_50.jl,6,1.6089718146843361,true,-11.60277253958132,-6.540000000000001,true,true,4.590000000006762
unitbox_c_10_15_2_50.jl,6,1.4332260455467505,true,-11.60277253958132,-8.209999999999999,true,true,1.1699999999992337
unitbox_c_10_15_2_50.jl,6,1.7476089139464088,true,-11.60277253958132,-6.54,true,true,2.9700000000048825
unitbox_c_10_15_2_50.jl,6,0.23267329859248678,true,-11.60277253958132,-11.64,false,true,1.739999999998749
unitbox_c_10_15_2_50.jl,6,1.7476089137894075,true,-11.60277253958132,-7.0,true,true,0.4499999999998458
unitbox_c_10_15_2_50.jl,6,1.416870910008523,false,-11.60277253958132,-8.696586385526086,true,true,10.000020000021332
unitbox_c_10_15_2_50.jl,6,1.2604722470549923,true,-11.60277253958132,-7.07,true,true,2.7300000000033102
unitbox_c_10_15_2_50.jl,6,2.2221489646535617,false,-11.60277253958132,-4.618565527849733,true,true,10.000020000021332
unitbox_c_10_15_2_50.jl,10,0.05187081021826835,false,-11.60277253958132,-11.611071601860123,false,false,10.000020000021332
unitbox_c_10_15_2_50.jl,10,0.00220754419612446,false,-11.60277253958132,-11.603125479296555,false,true,10.000020000021332
unitbox_c_10_15_2_50.jl,10,0.07853293037546043,false,-11.60277253958132,-11.59020700336513,true,true,10.000020000021332
unitbox_c_10_15_2_50.jl,10,0.2374260241573854,false,-11.60277253958132,-11.590368727326101,false,true,10.000020000021332
unitbox_c_10_15_2_50.jl,10,0.23267329859248678,true,-11.60277253958132,-11.64,false,true,0.9599999999994122
unitbox_c_10_15_2_50.jl,10,0.7673267014075154,true,-11.60277253958132,-11.480000000000002,true,true,0.8399999999995142
unitbox_c_10_15_2_50.jl,10,0.12670968842803135,false,-11.60277253958132,-11.582498722076718,true,true,10.000020000021332
unitbox_c_10_15_2_50.jl,10,0.232031961463183,false,-11.60277253958132,-11.63989738605931,false,true,10.000020000021332
unitbox_c_10_15_2_50.jl,10,0.06736642762023697,true,-11.60277253958132,-11.591993643805965,true,true,10.000020000021332
unitbox_c_10_15_2_50.jl,10,0.7673267014075154,true,-11.60277253958132,-11.480000000000002,true,true,0.7199999999996163
unitbox_c_10_15_2_50.jl,10,0.15262141327179876,false,-11.60277253958132,-11.578352846101714,true,true,10.000020000021332
unitbox_c_10_15_2_50.jl,10,0.7673267014075154,true,-11.60277253958132,-11.480000000000002,true,true,0.6899999999996418
unitbox_c_10_15_2_50.jl,10,0.2656609591003457,false,-11.60277253958132,-11.505375096930413,true,true,10.000020000021332
unitbox_c_10_15_2_50.jl,10,0.00032639850784251147,true,-11.60277253958132,-11.602720048464128,true,true,10.000020000021332
unitbox_c_10_15_2_50.jl,10,0.31844039698753135,true,-11.60277253958132,-11.551821808707198,true,true,2.0699999999989864
unitbox_c_10_15_2_50.jl,10,0.37291759943644304,false,-11.60277253958132,-11.33399990006259,true,true,10.000020000021332
unitbox_c_10_15_2_50.jl,10,0.10731221871795103,false,-11.60277253958132,-11.585602317230332,true,true,10.000020000021332
unitbox_c_10_15_2_50.jl,10,0.6694933011594697,true,-11.60277253958132,-11.49565334403969,true,true,0.4799999999998203
unitbox_c_10_15_2_50.jl,10,0.23267329859248678,true,-11.60277253958132,-11.64,false,true,6.119999999994136
unitbox_c_10_15_2_50.jl,10,0.24314884816876522,false,-11.60277253958132,-11.5638684565182,true,true,10.000020000021332
unitbox_c_10_15_2_50.jl,10,0.7673267014075154,true,-11.60277253958132,-11.480000000000002,true,true,0.7199999999996163
unitbox_c_10_15_2_50.jl,12,0.03225612457245132,false,-11.60277253958132,-11.607933252156792,false,false,10.000020000021332
unitbox_c_10_15_2_50.jl,12,0.0128927796879782,true,-11.60277253958132,-11.60070942747513,true,true,10.000020000021332
unitbox_c_10_15_2_50.jl,12,0.03608946837535822,false,-11.60277253958132,-11.60854658716526,false,true,10.000020000021332
unitbox_c_10_15_2_50.jl,12,0.005427062196085465,false,-11.60277253958132,-11.601903942273841,true,true,10.000020000021332
unitbox_c_10_15_2_50.jl,12,0.07305958138420017,false,-11.60277253958132,-11.591082739203731,true,true,10.000020000021332
unitbox_c_10_15_2_50.jl,12,0.062339324053470244,false,-11.60277253958132,-11.612746564073758,false,true,10.000020000021332
unitbox_c_10_15_2_50.jl,12,0.05706995796301965,false,-11.60277253958132,-11.59364107895112,true,true,10.000020000021332
unitbox_c_10_15_2_50.jl,12,0.07210975783362586,false,-11.60277253958132,-11.591234710971825,true,true,10.000020000021332
unitbox_c_10_15_2_50.jl,12,0.039426130771332876,false,-11.60277253958132,-11.59646409130179,true,true,10.000020000021332
unitbox_c_10_15_2_50.jl,12,0.03888635986333727,false,-11.60277253958132,-11.59655045464707,true,true,10.000020000021332
unitbox_c_10_15_2_50.jl,12,0.07581669537600366,false,-11.60277253958132,-11.590641600965041,true,true,10.000020000021332
unitbox_c_10_15_2_50.jl,12,0.13036050377529734,false,-11.60277253958132,-11.62362995282925,false,true,10.000020000021332
unitbox_c_10_15_2_50.jl,12,0.013107936320017367,false,-11.60277253958132,-11.600675002414004,true,true,10.000020000021332
unitbox_c_10_15_2_50.jl,12,0.038403689960862256,false,-11.60277253958132,-11.608916862618939,false,true,10.000020000021332
unitbox_c_10_15_2_50.jl,12,0.04068718177211014,false,-11.60277253958132,-11.596262323141666,true,true,10.000020000021332
unitbox_c_10_15_2_50.jl,12,0.09970665165723339,false,-11.60277253958132,-11.586819207960048,true,true,10.000020000021332
unitbox_c_10_15_2_50.jl,12,0.04421990831722547,false,-11.60277253958132,-11.609847457555958,false,true,10.000020000021332
unitbox_c_10_15_2_50.jl,12,0.040105373498146794,false,-11.60277253958132,-11.596355412465503,true,true,10.000020000021332
unitbox_c_10_15_2_50.jl,12,0.024283141758456472,false,-11.60277253958132,-11.598886969543852,true,true,10.000020000021332
unitbox_c_10_15_2_50.jl,12,0.012773987938739123,false,-11.60277253958132,-11.600728434155009,true,true,10.000020000021332
unitbox_c_10_15_2_50.jl,12,0.017230675109236048,false,-11.60277253958132,-11.605529180242677,false,true,10.000020000021332
unitbox_c_10_15_2_50.jl_new,6,1.0266734819452419,true,-11.60277253958132,-10.59004118198969,true,false,1.8299999999986725
unitbox_c_10_15_2_50.jl_new,6,2.0134887467848324,true,-11.60277253958132,-4.829999999999999,true,true,3.4800000000082236
unitbox_c_10_15_2_50.jl_new,6,2.2482084594328233,false,-11.60277253958132,-3.5277270173403474,true,true,10.000020000021332
unitbox_c_10_15_2_50.jl_new,6,1.2744685775067137,false,-11.60277253958132,-9.001883610015641,true,true,10.000020000021332
unitbox_c_10_15_2_50.jl_new,6,2.1421461996236006,true,-11.60277253958132,-4.34,true,true,1.559999999998902
unitbox_c_10_15_2_50.jl_new,6,1.4470654344856235,true,-11.60277253958132,-7.208090122063047,true,true,0.8699999999994887
unitbox_c_10_15_2_50.jl_new,6,1.0296023937672867,true,-11.60277253958132,-10.272353371491986,true,true,2.5800000000023275
unitbox_c_10_15_2_50.jl_new,6,1.4332260452891687,true,-11.60277253958132,-9.23,true,true,0.4499999999998458
unitbox_c_10_15_2_50.jl_new,6,2.6559625355801613,true,-11.60277253958132,-0.8899999999999999,true,true,0.9899999999993867
unitbox_c_10_15_2_50.jl_new,6,0.9143698282052001,false,-11.60277253958132,-9.447007777695994,false,true,10.000020000021332
unitbox_c_10_15_2_50.jl_new,6,1.5927213663754232,false,-11.60277253958132,-6.940969577579874,true,true,10.000020000021332
unitbox_c_10_15_2_50.jl_new,6,2.142146198717532,true,-11.60277253958132,-7.12,true,true,1.2599999999991571
unitbox_c_10_15_2_50.jl_new,6,2.338968665141537,false,-11.60277253958132,-5.185007054323673,true,true,10.000020000021332
unitbox_c_10_15_2_50.jl_new,6,0.23267329859248678,true,-11.60277253958132,-11.64,false,true,1.1699999999992337
unitbox_c_10_15_2_50.jl_new,6,1.260472246823816,true,-11.60277253958132,-8.56,true,true,0.6299999999996928
unitbox_c_10_15_2_50.jl_new,6,1.4332260454078394,true,-11.60277253958132,-8.920000000000002,true,true,0.8399999999995142
unitbox_c_10_15_2_50.jl_new,6,1.0331685728894424,false,-11.60277253958132,-10.24517094646671,true,true,10.000020000021332
unitbox_c_10_15_2_50.jl_new,6,2.375730650637784,true,-11.60277253958132,-2.8370143956744984,true,true,10.000020000021332
unitbox_c_10_15_2_50.jl_new,6,1.4617762475350298,false,-11.60277253958132,-5.7701245913575825,false,true,10.000020000021332
unitbox_c_10_15_2_50.jl_new,6,1.4332260454078394,true,-11.60277253958132,-8.920000000000002,true,true,2.03999999999879
unitbox_c_10_15_2_50.jl_new,6,1.6665596064509718,false,-11.60277253958132,-8.144295076467408,true,true,10.000020000021332
unitbox_c_10_15_2_50.jl_new,10,0.039312744668924274,false,-11.60277253958132,-11.609062311372226,false,false,10.000020000021332
unitbox_c_10_15_2_50.jl_new,10,0.20257884743932003,true,-11.60277253958132,-11.570359656634912,true,true,2.8200000000039
unitbox_c_10_15_2_50.jl_new,10,0.15944198173944435,true,-11.60277253958132,-11.577261555146894,true,true,10.000020000021332
unitbox_c_10_15_2_50.jl_new,10,0.23267329859248678,true,-11.60277253958132,-11.64,false,true,7.679999999981264
unitbox_c_10_15_2_50.jl_new,10,0.1404850043548522,false,-11.60277253958132,-11.62524987292198,false,true,10.000020000021332
unitbox_c_10_15_2_50.jl_new,10,0.6892575375405141,true,-11.60277253958132,-11.49249106621872,true,true,10.000020000021332
unitbox_c_10_15_2_50.jl_new,10,0.7673267014075154,true,-11.60277253958132,-11.480000000000002,true,true,9.390000000008305
unitbox_c_10_15_2_50.jl_new,10,0.1004563532829228,false,-11.60277253958132,-11.586699255699935,true,true,10.000020000021332
unitbox_c_10_15_2_50.jl_new,10,0.27592994424510825,false,-11.60277253958132,-11.484258175170028,true,true,10.000020000021332
unitbox_c_10_15_2_50.jl_new,10,0.5537748846225901,true,-11.60277253958132,-11.51416829068559,true,true,0.5699999999997438
unitbox_c_10_15_2_50.jl_new,10,0.06522924565431842,false,-11.60277253958132,-11.592335592920511,true,true,10.000020000021332
unitbox_c_10_15_2_50.jl_new,10,0.23267329859248678,true,-11.60277253958132,-11.64,false,true,4.170000000010227
unitbox_c_10_15_2_50.jl_new,10,0.1179387119462846,false,-11.60277253958132,-11.621642466136608,false,true,10.000020000021332
unitbox_c_10_15_2_50.jl_new,10,0.03545805039578429,true,-11.60277253958132,-11.608445560288526,false,true,3.060000000005472
unitbox_c_10_15_2_50.jl_new,10,0.23267329859248678,true,-11.60277253958132,-11.64,false,true,2.940000000004686
unitbox_c_10_15_2_50.jl_new,10,0.7673267014075154,true,-11.60277253958132,-11.480000000000002,true,true,1.2899999999991316
unitbox_c_10_15_2_50.jl_new,10,0.7673267014075154,true,-11.60277253958132,-11.480000000000002,true,true,0.3899999999998968
unitbox_c_10_15_2_50.jl_new,10,0.1954474514605412,false,-11.60277253958132,-11.634043864458889,false,true,10.000020000021332
unitbox_c_10_15_2_50.jl_new,10,0.38141167512086105,true,-11.60277253958132,-11.541746404205867,true,true,0.5699999999997438
unitbox_c_10_15_2_50.jl_new,10,0.16015018627516595,false,-11.60277253958132,-11.577148242421178,true,true,10.000020000021332
unitbox_c_10_15_2_50.jl_new,10,0.7633672812734369,true,-11.60277253958132,-11.480633507221453,true,true,1.5899999999988765
unitbox_c_10_15_2_50.jl_new,12,0.015038613970157957,false,-11.60277253958132,-11.600366093989981,true,false,10.000020000021332
unitbox_c_10_15_2_50.jl_new,12,0.01602163319410173,false,-11.60277253958132,-11.605335733536254,false,true,10.000020000021332
unitbox_c_10_15_2_50.jl_new,12,0.08471779497719538,false,-11.60277253958132,-11.616327119421552,false,true,10.000020000021332
unitbox_c_10_15_2_50.jl_new,12,0.04320660907072771,false,-11.60277253958132,-11.609685329676518,false,true,10.000020000021332
unitbox_c_10_15_2_50.jl_new,12,0.00946771770552106,false,-11.60277253958132,-11.604287107058079,false,true,10.000020000021332
unitbox_c_10_15_2_50.jl_new,12,0.09999991417404454,false,-11.60277253958132,-11.586772285957355,true,true,10.000020000021332
unitbox_c_10_15_2_50.jl_new,12,0.1163209905349109,false,-11.60277253958132,-11.621383630710787,false,true,10.000020000021332
unitbox_c_10_15_2_50.jl_new,12,0.009610835808192126,false,-11.60277253958132,-11.601234538495897,true,true,10.000020000021332
unitbox_c_10_15_2_50.jl_new,12,0.03950949894254376,false,-11.60277253958132,-11.60909379205601,false,true,10.000020000021332
unitbox_c_10_15_2_50.jl_new,12,0.07899926080021981,false,-11.60277253958132,-11.590132390497168,true,true,10.000020000021332
unitbox_c_10_15_2_50.jl_new,12,0.04083224565304782,false,-11.60277253958132,-11.596239112920717,true,true,10.000020000021332
unitbox_c_10_15_2_50.jl_new,12,0.016610153152852337,false,-11.60277253958132,-11.600114647720751,true,true,10.000020000021332
unitbox_c_10_15_2_50.jl_new,12,0.11998006186679729,false,-11.60277253958132,-11.621969082123888,false,true,10.000020000021332
unitbox_c_10_15_2_50.jl_new,12,0.06994026003341132,false,-11.60277253958132,-11.613962713830546,false,true,10.000020000021332
unitbox_c_10_15_2_50.jl_new,12,0.050133776179282316,true,-11.60277253958132,-11.610793676413888,false,true,10.000020000021332
unitbox_c_10_15_2_50.jl_new,12,0.03813162731337141,false,-11.60277253958132,-11.596671211855067,true,true,10.000020000021332
unitbox_c_10_15_2_50.jl_new,12,0.03555477421389203,false,-11.60277253958132,-11.597083508350984,true,true,10.000020000021332
unitbox_c_10_15_2_50.jl_new,12,0.10141884593412138,false,-11.60277253958132,-11.618999287574661,false,true,10.000020000021332
unitbox_c_10_15_2_50.jl_new,12,0.09034128735605004,false,-11.60277253958132,-11.588317666248235,true,true,10.000020000021332
unitbox_c_10_15_2_50.jl_new,12,0.02066007149376681,false,-11.60277253958132,-11.606077883664202,false,true,10.000020000021332
unitbox_c_10_15_2_50.jl_new,12,0.7655537597169999,true,-11.60277253958132,-11.480283670670484,true,true,0.8699999999994887
unitbox_c_10_15_2_50_new.jl,6,0.28444208060851617,true,-11.60277253958132,-11.468202444560458,true,false,0.7199999999996163
unitbox_c_10_15_2_50_new.jl,6,1.4332260455978019,true,-11.60277253958132,-5.63,true,true,0.8699999999994887
unitbox_c_10_15_2_50_new.jl,6,2.1421461995609232,true,-11.60277253958132,-3.41,true,true,0.8699999999994887
unitbox_c_10_15_2_50_new.jl,6,1.2690689871734069,true,-11.60277253958132,-7.196452262462325,true,true,0.8999999999994632
unitbox_c_10_15_2_50_new.jl,6,0.30366317548003424,false,-11.60277253958132,-11.434359382900503,true,true,10.000020000021332
unitbox_c_10_15_2_50_new.jl,6,2.4605155907015215,true,-11.60277253958132,-1.5999999999999999,true,true,1.619999999998851
unitbox_c_10_15_2_50_new.jl,6,0.23267329859248678,true,-11.60277253958132,-11.64,false,true,1.799999999998698
unitbox_c_10_15_2_50_new.jl,6,1.02671168244887,true,-11.60277253958132,-10.590000000000002,true,true,0.7499999999995908
unitbox_c_10_15_2_50_new.jl,6,2.4605155904998655,true,-11.60277253958132,-3.3499999999999996,true,true,6.209999999993394
unitbox_c_10_15_2_50_new.jl,6,1.121946855551649,false,-11.60277253958132,-9.83456195663614,true,true,10.000020000021332
unitbox_c_10_15_2_50_new.jl,6,1.433226046705576,true,-11.60277253958132,-4.1,false,true,1.3499999999990806
unitbox_c_10_15_2_50_new.jl,6,1.7476089136612791,true,-11.60277253958132,-8.24,true,true,0.9899999999993867
unitbox_c_10_15_2_50_new.jl,6,1.0267116840665187,true,-11.60277253958132,-8.31,false,true,0.5999999999997183
unitbox_c_10_15_2_50_new.jl,6,2.2481407769016304,true,-11.60277253958132,-5.86,true,true,1.3499999999990806
unitbox_c_10_15_2_50_new.jl,6,2.013488746929126,true,-11.60277253958132,-5.18,true,true,1.1999999999992081
unitbox_c_10_15_2_50_new.jl,6,2.2481407769938104,true,-11.60277253958132,-3.2299999999999995,true,true,2.280000000000362
unitbox_c_10_15_2_50_new.jl,6,1.0762648152516796,false,-11.60277253958132,-9.82170198320647,true,true,10.000020000021332
unitbox_c_10_15_2_50_new.jl,6,2.2481407766836043,true,-11.60277253958132,-3.7800000000000002,true,true,0.8099999999995398
unitbox_c_10_15_2_50_new.jl,6,1.7476089138725237,true,-11.60277253958132,-7.15,true,true,2.099999999999183
unitbox_c_10_15_2_50_new.jl,6,2.1834305082078886,false,-11.60277253958132,-3.6294740302309565,true,true,10.000020000021332
unitbox_c_10_15_2_50_new.jl,6,2.043867551689979,false,-11.60277253958132,-3.893263038889639,true,true,10.000020000021332
unitbox_c_10_15_2_50_new.jl,10,0.025878409160958467,false,-11.60277253958132,-11.598631726759452,true,false,10.000020000021332
unitbox_c_10_15_2_50_new.jl,10,0.27396626650102623,false,-11.60277253958132,-11.55893766958504,true,true,10.000020000021332
unitbox_c_10_15_2_50_new.jl,10,0.08478991745071121,false,-11.60277253958132,-11.589205885433088,true,true,10.000020000021332
unitbox_c_10_15_2_50_new.jl,10,0.4377250929113896,true,-11.60277253958132,-11.532736257359385,true,true,3.0900000000056687
unitbox_c_10_15_2_50_new.jl,10,0.204172074598212,true,-11.60277253958132,-11.570104740289489,true,true,0.5699999999997438
unitbox_c_10_15_2_50_new.jl,10,0.7673267014075154,true,-11.60277253958132,-11.480000000000002,true,true,1.1399999999992592
unitbox_c_10_15_2_50_new.jl,10,0.042872008420750625,false,-11.60277253958132,-11.609631793572522,false,true,10.000020000021332
unitbox_c_10_15_2_50_new.jl,10,0.029383241476181567,false,-11.60277253958132,-11.598070953589017,true,true,10.000020000021332
unitbox_c_10_15_2_50_new.jl,10,0.7673267014075154,true,-11.60277253958132,-11.480000000000002,true,true,0.9599999999994122
unitbox_c_10_15_2_50_new.jl,10,0.7673267014075154,true,-11.60277253958132,-11.480000000000002,true,true,9.300000000006383
unitbox_c_10_15_2_50_new.jl,10,0.7673267014075154,true,-11.60277253958132,-11.480000000000002,true,true,0.5999999999997183
unitbox_c_10_15_2_50_new.jl,10,0.2374565414308321,false,-11.60277253958132,-11.590208024861202,false,true,10.000020000021332
unitbox_c_10_15_2_50_new.jl,10,0.23540271493093032,false,-11.60277253958132,-11.602469677651667,false,true,10.000020000021332
unitbox_c_10_15_2_50_new.jl,10,0.23267329859248678,true,-11.60277253958132,-11.64,false,true,4.890000000004286
unitbox_c_10_15_2_50_new.jl,10,0.7415965291515129,true,-11.60277253958132,-11.484116827560962,true,true,10.000020000021332
unitbox_c_10_15_2_50_new.jl,10,0.21349678625138677,false,-11.60277253958132,-11.636931758025424,false,true,10.000020000021332
unitbox_c_10_15_2_50_new.jl,10,0.7673267014075154,true,-11.60277253958132,-11.480000000000002,true,true,4.110000000010722
unitbox_c_10_15_2_50_new.jl,10,0.19455654065726471,false,-11.60277253958132,-11.633901318730366,false,true,10.000020000021332
unitbox_c_10_15_2_50_new.jl,10,0.7673267014075154,true,-11.60277253958132,-11.480000000000002,true,true,1.7099999999987745
unitbox_c_10_15_2_50_new.jl,10,0.7638283984694589,true,-11.60277253958132,-11.480559728470093,true,true,0.5999999999997183
unitbox_c_10_15_2_50_new.jl,10,0.23267329859248678,true,-11.60277253958132,-11.64,false,true,2.0099999999985934
unitbox_c_10_15_2_50_new.jl,12,0.04533142003338346,false,-11.60277253958132,-11.610025299430543,false,false,10.000020000021332
unitbox_c_10_15_2_50_new.jl,12,0.001298008347550789,true,-11.60277253958132,-11.602979953560764,false,true,10.000020000021332
unitbox_c_10_15_2_50_new.jl,12,0.05513123372676657,false,-11.60277253958132,-11.611593269621483,false,true,10.000020000021332
unitbox_c_10_15_2_50_new.jl,12,0.040028358179414976,false,-11.60277253958132,-11.60917680953391,false,true,10.000020000021332
unitbox_c_10_15_2_50_new.jl,12,0.11902752201850085,false,-11.60277253958132,-11.58372786870224,true,true,10.000020000021332
unitbox_c_10_15_2_50_new.jl,12,0.12791655143083236,false,-11.60277253958132,-11.623238920454133,false,true,10.000020000021332
unitbox_c_10_15_2_50_new.jl,12,0.1310026329776705,true,-11.60277253958132,-11.581811850948776,true,true,10.000020000021332
unitbox_c_10_15_2_50_new.jl,12,0.09642710338375442,false,-11.60277253958132,-11.618200608766603,false,true,10.000020000021332
unitbox_c_10_15_2_50_new.jl,12,0.11901504310841014,false,-11.60277253958132,-11.621814679122547,false,true,10.000020000021332
unitbox_c_10_15_2_50_new.jl,12,0.059023759613422024,false,-11.60277253958132,-11.612216073763351,false,true,10.000020000021332
unitbox_c_10_15_2_50_new.jl,12,0.007754526624576099,false,-11.60277253958132,-11.60153154796528,true,true,10.000020000021332
unitbox_c_10_15_2_50_new.jl,12,0.014315004493936679,false,-11.60277253958132,-11.605062672944229,false,true,10.000020000021332
unitbox_c_10_15_2_50_new.jl,12,0.08341423092011646,false,-11.60277253958132,-11.589425995277985,true,true,10.000020000021332
unitbox_c_10_15_2_50_new.jl,12,0.09240797068511218,false,-11.60277253958132,-11.587986996915586,true,true,10.000020000021332
unitbox_c_10_15_2_50_new.jl,12,0.003978981943182592,true,-11.60277253958132,-11.60213563511431,true,true,10.000020000021332
unitbox_c_10_15_2_50_new.jl,12,0.006006417892620673,false,-11.60277253958132,-11.601811245362393,true,true,10.000020000021332
unitbox_c_10_15_2_50_new.jl,12,0.07820725232010102,false,-11.60277253958132,-11.615285432596417,false,true,10.000020000021332
unitbox_c_10_15_2_50_new.jl,12,0.06076826505082253,false,-11.60277253958132,-11.61249519463333,false,true,10.000020000021332
unitbox_c_10_15_2_50_new.jl,12,0.05954621155669314,false,-11.60277253958132,-11.593244878376131,true,true,10.000020000021332
unitbox_c_10_15_2_50_new.jl,12,0.049234277409948964,false,-11.60277253958132,-11.59489478783961,true,true,10.000020000021332
unitbox_c_10_15_2_50_new.jl,12,0.030627121238943025,false,-11.60277253958132,-11.607672611623432,false,true,10.000020000021332
unitbox_c_10_15_3_100.jl,6,2.4609245620942963,true,-7.980000305565994,-1.2983949428443244,true,false,2.280000000000362
unitbox_c_10_15_3_100.jl,6,1.4266344708128804,true,-7.980000305565994,-1.5820709764460272,true,true,1.8899999999986214
unitbox_c_10_15_3_100.jl,6,1.0924639635167488,true,-7.980000305565994,-4.513046001265989,true,true,1.319999999999106
unitbox_c_10_15_3_100.jl,6,1.552238905873945,true,-7.980000305565994,-2.5395794744007234,true,true,1.319999999999106
unitbox_c_10_15_3_100.jl,6,2.2360679952556435,true,-7.980000305565994,0.46000000000000063,true,true,2.670000000002917
unitbox_c_10_15_3_100.jl,6,1.0000000071172355,true,-7.980000305565994,-7.199999999999999,true,true,0.7499999999995908
unitbox_c_10_15_3_100.jl,6,2.255241502556989,true,-7.980000305565994,1.4466720142169907,true,true,2.9100000000044894
unitbox_c_10_15_3_100.jl,6,1.4142135750050968,true,-7.980000305565994,-5.489999999999998,true,true,2.1299999999993795
unitbox_c_10_15_3_100.jl,6,2.4586880784248932,true,-7.980000305565994,1.348673899056044,true,true,2.7600000000035068
unitbox_c_10_15_3_100.jl,6,1.7320508203372091,true,-7.980000305565994,-1.7099999999999997,true,true,1.0499999999993357
unitbox_c_10_15_3_100.jl,6,2.6457513327020887,true,-7.980000305565994,1.8600000000000003,true,true,3.1800000000062583
unitbox_c_10_15_3_100.jl,6,2.0000000184212934,true,-7.980000305565994,0.020000000000000323,true,true,0.9299999999994377
unitbox_c_10_15_3_100.jl,6,1.4142135713432955,true,-7.980000305565994,-4.209999999999999,true,true,0.9599999999994122
unitbox_c_10_15_3_100.jl,6,2.1133744724874464,true,-7.980000305565994,-2.020750232556787,true,true,2.159999999999576
unitbox_c_10_15_3_100.jl,6,2.8284271480133096,true,-7.980000305565994,5.320000000000001,true,true,0.21000000000001284
unitbox_c_10_15_3_100.jl,6,1.0000000094190369,true,-7.980000305565994,-4.2700000000000005,true,true,0.8999999999994632
unitbox_c_10_15_3_100.jl,6,2.2360679954314224,true,-7.980000305565994,1.4000000000000001,true,true,0.6299999999996928
unitbox_c_10_15_3_100.jl,6,2.0000000144197903,true,-7.980000305565994,-1.7199999999999998,true,true,0.7499999999995908
unitbox_c_10_15_3_100.jl,6,1.4614080572035988,true,-7.980000305565994,-3.0573539558013416,true,true,1.2599999999991571
unitbox_c_10_15_3_100.jl,6,1.4355717974033135,true,-7.980000305565994,-3.1420084895551366,true,true,1.0499999999993357
unitbox_c_10_15_3_100.jl,6,2.000000015631174,true,-7.980000305565994,4.860000000000003,true,true,1.1399999999992592
unitbox_c_10_15_3_100.jl,10,2.7413817187994272e-8,true,-7.980000305565994,-7.979999999999999,true,false,1.1399999999992592
unitbox_c_10_15_3_100.jl,10,2.7413817187994272e-8,true,-7.980000305565994,-7.979999999999999,true,true,2.4600000000015414
unitbox_c_10_15_3_100.jl,10,2.7413817187994272e-8,true,-7.980000305565994,-7.979999999999999,true,true,1.6499999999988255
unitbox_c_10_15_3_100.jl,10,2.7413817187994272e-8,true,-7.980000305565994,-7.979999999999999,true,true,1.5299999999989276
unitbox_c_10_15_3_100.jl,10,2.7413817187994272e-8,true,-7.980000305565994,-7.979999999999999,true,true,2.7300000000033102
unitbox_c_10_15_3_100.jl,10,2.7413817187994272e-8,true,-7.980000305565994,-7.979999999999999,true,true,2.0699999999989864
unitbox_c_10_15_3_100.jl,10,1.4142135711995096,true,-7.980000305565994,-7.109999999999998,true,true,0.7499999999995908
unitbox_c_10_15_3_100.jl,10,2.7413817187994272e-8,true,-7.980000305565994,-7.979999999999999,true,true,1.319999999999106
unitbox_c_10_15_3_100.jl,10,2.7413817187994272e-8,true,-7.980000305565994,-7.979999999999999,true,true,1.4099999999990296
unitbox_c_10_15_3_100.jl,10,2.7413817187994272e-8,true,-7.980000305565994,-7.979999999999999,true,true,1.6799999999988
unitbox_c_10_15_3_100.jl,10,2.7413817187994272e-8,true,-7.980000305565994,-7.979999999999999,true,true,3.1500000000060617
unitbox_c_10_15_3_100.jl,10,2.7413817187994272e-8,true,-7.980000305565994,-7.979999999999999,true,true,4.110000000010722
unitbox_c_10_15_3_100.jl,10,2.6776037666851082,true,-7.980000305565994,-1.1747402847932962,true,true,1.8299999999986725
unitbox_c_10_15_3_100.jl,10,2.7413817187994272e-8,true,-7.980000305565994,-7.979999999999999,true,true,2.8500000000040964
unitbox_c_10_15_3_100.jl,10,2.7413817187994272e-8,true,-7.980000305565994,-7.979999999999999,true,true,6.689999999989433
unitbox_c_10_15_3_100.jl,10,1.4142135711995096,true,-7.980000305565994,-7.109999999999998,true,true,3.270000000006848
unitbox_c_10_15_3_100.jl,10,2.7413817187994272e-8,true,-7.980000305565994,-7.979999999999999,true,true,1.6499999999988255
unitbox_c_10_15_3_100.jl,10,2.7413817187994272e-8,true,-7.980000305565994,-7.979999999999999,true,true,1.619999999998851
unitbox_c_10_15_3_100.jl,10,1.4142135711995096,true,-7.980000305565994,-7.109999999999998,true,true,0.5699999999997438
unitbox_c_10_15_3_100.jl,10,2.7413817187994272e-8,true,-7.980000305565994,-7.979999999999999,true,true,2.4600000000015414
unitbox_c_10_15_3_100.jl,10,2.7413817187994272e-8,true,-7.980000305565994,-7.979999999999999,true,true,1.1999999999992081
unitbox_c_10_15_3_100.jl,12,2.7413817187994272e-8,true,-7.980000305565994,-7.979999999999999,true,false,1.0799999999993102
unitbox_c_10_15_3_100.jl,12,2.7413817187994272e-8,true,-7.980000305565994,-7.979999999999999,true,true,1.499999999998953
unitbox_c_10_15_3_100.jl,12,2.6765468744401364,true,-7.980000305565994,-1.1748012897012072,true,true,3.660000000009403
unitbox_c_10_15_3_100.jl,12,2.7413817187994272e-8,true,-7.980000305565994,-7.979999999999999,true,true,1.7099999999987745
unitbox_c_10_15_3_100.jl,12,2.7413817187994272e-8,true,-7.980000305565994,-7.979999999999999,true,true,3.660000000009403
unitbox_c_10_15_3_100.jl,12,2.7413817187994272e-8,true,-7.980000305565994,-7.979999999999999,true,true,6.089999999994384
unitbox_c_10_15_3_100.jl,12,2.7413817187994272e-8,true,-7.980000305565994,-7.979999999999999,true,true,1.6799999999988
unitbox_c_10_15_3_100.jl,12,1.4142135711995096,true,-7.980000305565994,-7.109999999999998,true,true,0.8699999999994887
unitbox_c_10_15_3_100.jl,12,2.6780146631114463,true,-7.980000305565994,-1.1746971627082512,true,true,2.610000000002524
unitbox_c_10_15_3_100.jl,12,1.4142135711995096,true,-7.980000305565994,-7.109999999999998,true,true,2.610000000002524
unitbox_c_10_15_3_100.jl,12,2.7413817187994272e-8,true,-7.980000305565994,-7.979999999999999,true,true,2.3400000000007553
unitbox_c_10_15_3_100.jl,12,1.4142135711995096,true,-7.980000305565994,-7.109999999999998,true,true,0.6899999999996418
unitbox_c_10_15_3_100.jl,12,2.7413817187994272e-8,true,-7.980000305565994,-7.979999999999999,true,true,2.8500000000040964
unitbox_c_10_15_3_100.jl,12,2.7413817187994272e-8,true,-7.980000305565994,-7.979999999999999,true,true,1.379999999999055
unitbox_c_10_15_3_100.jl,12,2.672620483624588,true,-7.980000305565994,-1.1743401277545582,true,true,2.2500000000001656
unitbox_c_10_15_3_100.jl,12,1.4142135711995096,true,-7.980000305565994,-7.109999999999998,true,true,2.7600000000035068
unitbox_c_10_15_3_100.jl,12,2.7413817187994272e-8,true,-7.980000305565994,-7.979999999999999,true,true,1.4699999999989786
unitbox_c_10_15_3_100.jl,12,2.7413817187994272e-8,true,-7.980000305565994,-7.979999999999999,true,true,3.0300000000052756
unitbox_c_10_15_3_100.jl,12,2.7413817187994272e-8,true,-7.980000305565994,-7.979999999999999,true,true,3.0900000000056687
unitbox_c_10_15_3_100.jl,12,2.7413817187994272e-8,true,-7.980000305565994,-7.979999999999999,true,true,1.739999999998749
unitbox_c_10_15_3_100.jl,12,2.7413817187994272e-8,true,-7.980000305565994,-7.979999999999999,true,true,2.7000000000031137
unitbox_c_10_15_3_50.jl,6,2.6949944096200945e-8,true,-7.830000170106608,-7.83,true,false,1.0499999999993357
unitbox_c_10_15_3_50.jl,6,2.0000000171498713,true,-7.830000170106608,-2.4200000000000004,true,true,1.0799999999993102
unitbox_c_10_15_3_50.jl,6,1.4142135743668052,true,-7.830000170106608,-3.9500000000000006,true,true,1.1099999999992847
unitbox_c_10_15_3_50.jl,6,1.4142135746534723,true,-7.830000170106608,-5.09,true,true,3.660000000009403
unitbox_c_10_15_3_50.jl,6,1.7320508216521766,true,-7.830000170106608,-5.760000000000002,true,true,2.7900000000037033
unitbox_c_10_15_3_50.jl,6,1.7320508218421722,true,-7.830000170106608,-2.1100000000000003,true,true,1.5899999999988765
unitbox_c_10_15_3_50.jl,6,2.000000017414799,true,-7.830000170106608,-0.8700000000000006,true,true,0.6899999999996418
unitbox_c_10_15_3_50.jl,6,1.4142135741902322,true,-7.830000170106608,-4.790000000000001,true,true,1.1399999999992592
unitbox_c_10_15_3_50.jl,6,1.7320508215415233,true,-7.830000170106608,-5.24,true,true,1.1999999999992081
unitbox_c_10_15_3_50.jl,6,1.7320508215415233,true,-7.830000170106608,-5.24,true,true,3.000000000005079
unitbox_c_10_15_3_50.jl,6,1.5764596431148388,true,-7.830000170106608,-1.0214536220679975,true,true,0.5699999999997438
unitbox_c_10_15_3_50.jl,6,1.4142135747209625,true,-7.830000170106608,-2.010000000000001,true,true,1.3499999999990806
unitbox_c_10_15_3_50.jl,6,1.7320508221875313,true,-7.830000170106608,-3.2,true,true,0.7799999999995653
unitbox_c_10_15_3_50.jl,6,2.0000000162699694,true,-7.830000170106608,-3.9600000000000004,true,true,1.619999999998851
unitbox_c_10_15_3_50.jl,6,1.4146297132017587,true,-7.830000170106608,-2.8782416598581557,true,true,8.429999999987805
unitbox_c_10_15_3_50.jl,6,1.4142135741902322,true,-7.830000170106608,-4.790000000000001,true,true,2.8500000000040964
unitbox_c_10_15_3_50.jl,6,1.4142135743668052,true,-7.830000170106608,-3.9500000000000006,true,true,0.5099999999997948
unitbox_c_10_15_3_50.jl,6,1.7320508219800357,true,-7.830000170106608,-6.379999999999999,true,true,2.3400000000007553
unitbox_c_10_15_3_50.jl,6,2.000000016112811,true,-7.830000170106608,-7.0,true,true,0.5699999999997438
unitbox_c_10_15_3_50.jl,6,1.7320508224278655,true,-7.830000170106608,-3.8200000000000007,true,true,0.7499999999995908
unitbox_c_10_15_3_50.jl,6,2.2360679962634142,true,-7.830000170106608,0.9399999999999996,true,true,1.0499999999993357
unitbox_c_10_15_3_50.jl,10,2.6949944096200945e-8,true,-7.830000170106608,-7.83,true,false,3.6900000000095994
unitbox_c_10_15_3_50.jl,10,2.2360679961033028,true,-7.830000170106608,-5.119999999999999,true,true,0.7799999999995653
unitbox_c_10_15_3_50.jl,10,2.6949944096200945e-8,true,-7.830000170106608,-7.83,true,true,1.5899999999988765
unitbox_c_10_15_3_50.jl,10,2.6949944096200945e-8,true,-7.830000170106608,-7.83,true,true,1.1699999999992337
unitbox_c_10_15_3_50.jl,10,2.6949944096200945e-8,true,-7.830000170106608,-7.83,true,true,1.6799999999988
unitbox_c_10_15_3_50.jl,10,2.6949944096200945e-8,true,-7.830000170106608,-7.83,true,true,3.8100000000103855
unitbox_c_10_15_3_50.jl,10,2.6949944096200945e-8,true,-7.830000170106608,-7.83,true,true,4.230000000009732
unitbox_c_10_15_3_50.jl,10,2.000000016112811,true,-7.830000170106608,-7.0,true,true,0.6299999999996928
unitbox_c_10_15_3_50.jl,10,2.6949944096200945e-8,true,-7.830000170106608,-7.83,true,true,1.1099999999992847
unitbox_c_10_15_3_50.jl,10,2.000000016112811,true,-7.830000170106608,-7.0,true,true,1.1699999999992337
unitbox_c_10_15_3_50.jl,10,2.6949944096200945e-8,true,-7.830000170106608,-7.83,true,true,2.670000000002917
unitbox_c_10_15_3_50.jl,10,2.2360679961033028,true,-7.830000170106608,-5.119999999999999,true,true,1.4099999999990296
unitbox_c_10_15_3_50.jl,10,2.000000016112811,true,-7.830000170106608,-7.0,true,true,1.1099999999992847
unitbox_c_10_15_3_50.jl,10,2.000000016112811,true,-7.830000170106608,-7.0,true,true,1.0199999999993612
unitbox_c_10_15_3_50.jl,10,2.000000016112811,true,-7.830000170106608,-7.0,true,true,0.8399999999995142
unitbox_c_10_15_3_50.jl,10,1.388322346269079,true,-7.830000170106608,-6.805194718485329,true,true,1.4099999999990296
unitbox_c_10_15_3_50.jl,10,2.6949944096200945e-8,true,-7.830000170106608,-7.83,true,true,1.319999999999106
unitbox_c_10_15_3_50.jl,10,2.6949944096200945e-8,true,-7.830000170106608,-7.83,true,true,1.619999999998851
unitbox_c_10_15_3_50.jl,10,2.6949944096200945e-8,true,-7.830000170106608,-7.83,true,true,2.8500000000040964
unitbox_c_10_15_3_50.jl,10,2.6949944096200945e-8,true,-7.830000170106608,-7.83,true,true,2.880000000004293
unitbox_c_10_15_3_50.jl,10,2.000000016112811,true,-7.830000170106608,-7.0,true,true,1.4099999999990296
unitbox_c_10_15_3_50.jl,12,2.6949944096200945e-8,true,-7.830000170106608,-7.83,true,false,0.7799999999995653
unitbox_c_10_15_3_50.jl,12,2.000000016112811,true,-7.830000170106608,-7.0,true,true,0.9299999999994377
unitbox_c_10_15_3_50.jl,12,2.2360679961033028,true,-7.830000170106608,-5.119999999999999,true,true,0.7499999999995908
unitbox_c_10_15_3_50.jl,12,2.6949944096200945e-8,true,-7.830000170106608,-7.83,true,true,3.840000000010582
unitbox_c_10_15_3_50.jl,12,2.6949944096200945e-8,true,-7.830000170106608,-7.83,true,true,3.51000000000842
unitbox_c_10_15_3_50.jl,12,1.413083407802574,true,-7.830000170106608,-6.81017588281452,true,true,1.1699999999992337
unitbox_c_10_15_3_50.jl,12,2.6949944096200945e-8,true,-7.830000170106608,-7.83,true,true,1.4699999999989786
unitbox_c_10_15_3_50.jl,12,2.6949944096200945e-8,true,-7.830000170106608,-7.83,true,true,0.6599999999996673
unitbox_c_10_15_3_50.jl,12,1.4008096488170123,true,-7.830000170106608,-6.812095234247502,true,true,1.0799999999993102
unitbox_c_10_15_3_50.jl,12,2.6949944096200945e-8,true,-7.830000170106608,-7.83,true,true,1.0799999999993102
unitbox_c_10_15_3_50.jl,12,2.6949944096200945e-8,true,-7.830000170106608,-7.83,true,true,4.3200000000089895
unitbox_c_10_15_3_50.jl,12,2.6949944096200945e-8,true,-7.830000170106608,-7.83,true,true,4.020000000011465
unitbox_c_10_15_3_50.jl,12,2.6949944096200945e-8,true,-7.830000170106608,-7.83,true,true,1.559999999998902
unitbox_c_10_15_3_50.jl,12,2.6949944096200945e-8,true,-7.830000170106608,-7.83,true,true,2.099999999999183
unitbox_c_10_15_3_50.jl,12,1.4140232685621894,true,-7.830000170106608,-6.810029606422814,true,true,1.499999999998953
unitbox_c_10_15_3_50.jl,12,2.6949944096200945e-8,true,-7.830000170106608,-7.83,true,true,0.8999999999994632
unitbox_c_10_15_3_50.jl,12,2.2360679961033028,true,-7.830000170106608,-5.119999999999999,true,true,0.7799999999995653
unitbox_c_10_15_3_50.jl,12,2.6949944096200945e-8,true,-7.830000170106608,-7.83,true,true,5.160000000002058
unitbox_c_10_15_3_50.jl,12,2.6949944096200945e-8,true,-7.830000170106608,-7.83,true,true,3.5400000000086167
unitbox_c_10_15_3_50.jl,12,2.6949944096200945e-8,true,-7.830000170106608,-7.83,true,true,6.119999999994136
unitbox_c_10_15_3_50.jl,12,1.4121888756499423,true,-7.830000170106608,-6.810315195111855,true,true,1.2299999999991826
unitbox_c_10_20_1_100.jl,6,0.5196519859852446,true,-8.19000024730909,-7.92502270355858,true,false,0.7199999999996163
unitbox_c_10_20_1_100.jl,6,1.7320508227858935,false,-8.19000024730909,-5.22,false,true,10.000020000021332
unitbox_c_10_20_1_100.jl,6,2.0219648395466594,true,-8.19000024730909,-5.870334437229539,true,true,1.9499999999985704
unitbox_c_10_20_1_100.jl,6,2.284239585014552,false,-8.19000024730909,-2.918648536771247,true,true,10.000020000021332
unitbox_c_10_20_1_100.jl,6,1.9494737689218873,false,-8.19000024730909,-5.225555947623255,false,true,10.000020000021332
unitbox_c_10_20_1_100.jl,6,2.001038316296062,false,-8.19000024730909,-6.35975707554437,true,true,10.000020000021332
unitbox_c_10_20_1_100.jl,6,2.638873317606634,true,-8.19000024730909,1.2433874313928233,true,true,1.2299999999991826
unitbox_c_10_20_1_100.jl,6,1.0259115570936617,false,-8.19000024730909,-2.2348479147539404,true,true,9.12000000000254
unitbox_c_10_20_1_100.jl,6,2.0261569154922032,false,-8.19000024730909,-6.413589104912442,true,true,10.000020000021332
unitbox_c_10_20_1_100.jl,6,2.226275477563066,false,-8.19000024730909,-4.891753155892575,false,true,10.000020000021332
unitbox_c_10_20_1_100.jl,6,2.5765145560939797,false,-8.19000024730909,-3.8522953056412192,true,true,10.000020000021332
unitbox_c_10_20_1_100.jl,6,2.645751335689326,true,-8.19000024730909,3.0900000000000007,false,true,3.780000000010189
unitbox_c_10_20_1_100.jl,6,2.645751335179538,true,-8.19000024730909,-3.7499999999999996,false,true,0.7199999999996163
unitbox_c_10_20_1_100.jl,6,2.161349527687426,false,-8.19000024730909,-4.571069076480796,true,true,10.000020000021332
unitbox_c_10_20_1_100.jl,6,2.3806015572383203,false,-8.19000024730909,-1.8069171848172052,true,true,10.000020000021332
unitbox_c_10_20_1_100.jl,6,1.772443460784175,false,-8.19000024730909,-2.283529115225874,true,true,10.000020000021332
unitbox_c_10_20_1_100.jl,6,1.8555224515502164,false,-8.19000024730909,-4.4378651124488835,false,true,10.000020000021332
unitbox_c_10_20_1_100.jl,6,2.0000000177225066,true,-8.19000024730909,-5.1499999999999995,true,true,1.439999999999004
unitbox_c_10_20_1_100.jl,6,2.018167381750441,false,-8.19000024730909,-2.6357991670938663,true,true,9.390000000008305
unitbox_c_10_20_1_100.jl,6,1.7320594903833428,false,-8.19000024730909,-7.46135560293772,true,true,10.000020000021332
unitbox_c_10_20_1_100.jl,6,1.0006772225865959,false,-8.19000024730909,-7.018096285218425,true,true,10.000020000021332
unitbox_c_10_20_1_100.jl,10,2.8695216800339494e-8,true,-8.19000024730909,-8.19,true,false,2.2500000000001656
unitbox_c_10_20_1_100.jl,10,2.4494897647636913,true,-8.19000024730909,-6.95,true,true,0.7199999999996163
unitbox_c_10_20_1_100.jl,10,2.8695216800339494e-8,true,-8.19000024730909,-8.19,true,true,1.1699999999992337
unitbox_c_10_20_1_100.jl,10,2.8695216800339494e-8,true,-8.19000024730909,-8.19,true,true,0.8399999999995142
unitbox_c_10_20_1_100.jl,10,1.7330884617013838,false,-8.19000024730909,-8.122691901042312,false,true,10.000020000021332
unitbox_c_10_20_1_100.jl,10,2.4494897647636913,true,-8.19000024730909,-6.95,true,true,1.1699999999992337
unitbox_c_10_20_1_100.jl,10,1.7320508223302988,true,-8.19000024730909,-7.47,true,true,2.7300000000033102
unitbox_c_10_20_1_100.jl,10,0.9785506259912138,false,-8.19000024730909,-7.8869896267905615,false,true,3.1500000000060617
unitbox_c_10_20_1_100.jl,10,2.8695216800339494e-8,true,-8.19000024730909,-8.19,true,true,1.559999999998902
unitbox_c_10_20_1_100.jl,10,2.4494897647636913,true,-8.19000024730909,-6.95,true,true,1.0799999999993102
unitbox_c_10_20_1_100.jl,10,2.8695216800339494e-8,true,-8.19000024730909,-8.19,true,true,1.2599999999991571
unitbox_c_10_20_1_100.jl,10,2.8695216800339494e-8,true,-8.19000024730909,-8.19,true,true,1.2599999999991571
unitbox_c_10_20_1_100.jl,10,1.5208919988133958,false,-8.19000024730909,-6.582132324198086,false,true,10.000020000021332
unitbox_c_10_20_1_100.jl,10,2.8695216800339494e-8,true,-8.19000024730909,-8.19,true,true,1.859999999998647
unitbox_c_10_20_1_100.jl,10,1.735814360699458,false,-8.19000024730909,-7.978639368523757,true,true,10.000020000021332
unitbox_c_10_20_1_100.jl,10,2.4494897647636913,true,-8.19000024730909,-6.95,true,true,1.2599999999991571
unitbox_c_10_20_1_100.jl,10,1.7445911350068433,true,-8.19000024730909,-8.152290325390668,false,true,2.490000000001738
unitbox_c_10_20_1_100.jl,10,0.06774221276883731,true,-8.19000024730909,-8.169795324794096,true,true,2.099999999999183
unitbox_c_10_20_1_100.jl,10,1.7634577454433125,true,-8.19000024730909,-8.148060712727373,false,true,0.3599999999999223
unitbox_c_10_20_1_100.jl,10,2.4494897647636913,true,-8.19000024730909,-6.95,true,true,2.1299999999993795
unitbox_c_10_20_1_100.jl,10,2.8695216800339494e-8,true,-8.19000024730909,-8.19,true,true,0.9599999999994122
unitbox_c_10_20_1_100.jl,12,2.8695216800339494e-8,true,-8.19000024730909,-8.19,true,false,4.980000000003543
unitbox_c_10_20_1_100.jl,12,1.5102525175838295,false,-8.19000024730909,-6.59773341859111,true,true,10.000020000021332
unitbox_c_10_20_1_100.jl,12,1.7320508223302988,true,-8.19000024730909,-7.47,true,true,1.6499999999988255
unitbox_c_10_20_1_100.jl,12,1.7419117509618711,false,-8.19000024730909,-8.15012600655276,false,true,10.000020000021332
unitbox_c_10_20_1_100.jl,12,2.8695216800339494e-8,true,-8.19000024730909,-8.19,true,true,1.4699999999989786
unitbox_c_10_20_1_100.jl,12,2.8695216800339494e-8,true,-8.19000024730909,-8.19,true,true,1.919999999998596
unitbox_c_10_20_1_100.jl,12,2.4494897647636913,true,-8.19000024730909,-6.95,true,true,1.1699999999992337
unitbox_c_10_20_1_100.jl,12,2.8695216800339494e-8,true,-8.19000024730909,-8.19,true,true,1.8299999999986725
unitbox_c_10_20_1_100.jl,12,2.8695216800339494e-8,true,-8.19000024730909,-8.19,true,true,1.499999999998953
unitbox_c_10_20_1_100.jl,12,2.8695216800339494e-8,true,-8.19000024730909,-8.19,true,true,1.0499999999993357
unitbox_c_10_20_1_100.jl,12,2.8695216800339494e-8,true,-8.19000024730909,-8.19,true,true,1.4099999999990296
unitbox_c_10_20_1_100.jl,12,1.745366949155755,true,-8.19000024730909,-8.152707766745749,false,true,0.5999999999997183
unitbox_c_10_20_1_100.jl,12,2.8695216800339494e-8,true,-8.19000024730909,-8.19,true,true,2.03999999999879
unitbox_c_10_20_1_100.jl,12,1.7527168364880044,true,-8.19000024730909,-8.153460152380832,false,true,1.379999999999055
unitbox_c_10_20_1_100.jl,12,2.8695216800339494e-8,true,-8.19000024730909,-8.19,true,true,1.8299999999986725
unitbox_c_10_20_1_100.jl,12,1.3521038617138508,true,-8.19000024730909,-7.241242144591601,true,true,2.0099999999985934
unitbox_c_10_20_1_100.jl,12,2.8695216800339494e-8,true,-8.19000024730909,-8.19,true,true,1.6499999999988255
unitbox_c_10_20_1_100.jl,12,2.4494897647636913,true,-8.19000024730909,-6.95,true,true,1.799999999998698
unitbox_c_10_20_1_100.jl,12,1.509895651244257,false,-8.19000024730909,-6.605487829741525,false,true,10.000020000021332
unitbox_c_10_20_1_100.jl,12,1.7320508223302988,true,-8.19000024730909,-7.47,true,true,2.5800000000023275
unitbox_c_10_20_1_100.jl,12,1.7406119224404875,false,-8.19000024730909,-8.148574400389078,false,true,10.000020000021332
unitbox_c_10_20_1_50.jl,6,2.6465564332498834,true,-5.04000019035865,-2.730894947183489,true,false,0.9299999999994377
unitbox_c_10_20_1_50.jl,6,2.236067992180646,true,-5.04000019035865,-2.4099999999999993,true,true,0.6899999999996418
unitbox_c_10_20_1_50.jl,6,1.414213570780297,true,-5.04000019035865,-5.4,true,true,1.5299999999989276
unitbox_c_10_20_1_50.jl,6,1.994141929082227,false,-5.04000019035865,0.6371786350565292,true,true,10.000020000021332
unitbox_c_10_20_1_50.jl,6,1.4142135670725318,true,-5.04000019035865,-2.9899999999999993,true,true,0.5699999999997438
unitbox_c_10_20_1_50.jl,6,1.7320508201692788,true,-5.04000019035865,-0.76,true,true,3.0300000000052756
unitbox_c_10_20_1_50.jl,6,1.4142135716969402,true,-5.04000019035865,-2.6,true,true,2.03999999999879
unitbox_c_10_20_1_50.jl,6,2.6457513290355554,true,-5.04000019035865,-0.69,true,true,0.6899999999996418
unitbox_c_10_20_1_50.jl,6,1.732050814036382,true,-5.04000019035865,-3.33,true,true,0.8999999999994632
unitbox_c_10_20_1_50.jl,6,2.6457513284559835,true,-5.04000019035865,-2.7,true,true,1.0199999999993612
unitbox_c_10_20_1_50.jl,6,2.2360845404140135,false,-5.04000019035865,-1.2919576856233415,true,true,10.000020000021332
unitbox_c_10_20_1_50.jl,6,2.6457513284559835,true,-5.04000019035865,-2.7,true,true,0.9899999999993867
unitbox_c_10_20_1_50.jl,6,2.0689992849728047,true,-5.04000019035865,-0.8209480306966033,true,true,5.040000000003048
unitbox_c_10_20_1_50.jl,6,2.832127963287868,false,-5.04000019035865,-1.3650001061782766,true,true,10.000020000021332
unitbox_c_10_20_1_50.jl,6,2.4787587815265884,false,-5.04000019035865,-1.9490352781309566,true,true,10.000020000021332
unitbox_c_10_20_1_50.jl,6,2.243214286947756,false,-5.04000019035865,-2.6661338155961873,false,true,10.000020000021332
unitbox_c_10_20_1_50.jl,6,0.9819469905865454,false,-5.04000019035865,-3.0761060363270962,true,true,10.000020000021332
unitbox_c_10_20_1_50.jl,6,0.99999999800738,true,-5.04000019035865,-4.83,true,true,0.9899999999993867
unitbox_c_10_20_1_50.jl,6,1.732050822165003,true,-5.04000019035865,-2.88,true,true,3.210000000006455
unitbox_c_10_20_1_50.jl,6,1.7320508225211104,true,-5.04000019035865,-0.8,true,true,0.8699999999994887
unitbox_c_10_20_1_50.jl,6,1.7959453189826828,false,-5.04000019035865,0.9503819590311902,true,true,10.000020000021332
unitbox_c_10_20_1_50.jl,10,1.414213570780297,true,-5.04000019035865,-5.4,true,false,2.0699999999989864
unitbox_c_10_20_1_50.jl,10,2.5052015688393285e-8,true,-5.04000019035865,-5.04,true,true,6.5999999999901755
unitbox_c_10_20_1_50.jl,10,2.7062453468361625,false,-5.04000019035865,-3.7765819970897274,true,true,10.000020000021332
unitbox_c_10_20_1_50.jl,10,2.5052015688393285e-8,true,-5.04000019035865,-5.04,true,true,6.419999999991661
unitbox_c_10_20_1_50.jl,10,1.414213570780297,true,-5.04000019035865,-5.4,true,true,2.1299999999993795
unitbox_c_10_20_1_50.jl,10,2.789311837498367,false,-5.04000019035865,-4.034325275879296,false,true,10.000020000021332
unitbox_c_10_20_1_50.jl,10,2.7182904383324304,false,-5.04000019035865,-3.8162273631050097,true,true,10.000020000021332
unitbox_c_10_20_1_50.jl,10,1.414213570780297,true,-5.04000019035865,-5.4,true,true,0.9899999999993867
unitbox_c_10_20_1_50.jl,10,1.414213570780297,true,-5.04000019035865,-5.4,true,true,1.559999999998902
unitbox_c_10_20_1_50.jl,10,1.414213570780297,true,-5.04000019035865,-5.4,true,true,1.1099999999992847
unitbox_c_10_20_1_50.jl,10,2.438145613074615,true,-5.04000019035865,-3.2540951473513138,true,true,1.2599999999991571
unitbox_c_10_20_1_50.jl,10,1.414213570780297,true,-5.04000019035865,-5.4,true,true,2.159999999999576
unitbox_c_10_20_1_50.jl,10,2.5052015688393285e-8,true,-5.04000019035865,-5.04,true,true,5.819999999996612
unitbox_c_10_20_1_50.jl,10,2.3884244148243132,true,-5.04000019035865,-3.264818379800152,true,true,3.3600000000074375
unitbox_c_10_20_1_50.jl,10,1.414213570780297,true,-5.04000019035865,-5.4,true,true,1.379999999999055
unitbox_c_10_20_1_50.jl,10,1.413893508145522,true,-5.04000019035865,-4.43018107296386,true,true,1.739999999998749
unitbox_c_10_20_1_50.jl,10,0.9998396243224179,true,-5.04000019035865,-4.830033678473842,true,true,6.149999999993889
unitbox_c_10_20_1_50.jl,10,2.7692533215281805,false,-5.04000019035865,-3.9805794608672356,false,true,10.000020000021332
unitbox_c_10_20_1_50.jl,10,1.414213570780297,true,-5.04000019035865,-5.4,true,true,3.720000000009796
unitbox_c_10_20_1_50.jl,10,2.5052015688393285e-8,true,-5.04000019035865,-5.04,true,true,9.66000000001407
unitbox_c_10_20_1_50.jl,10,1.4142135667152091,true,-5.04000019035865,-4.430000000000001,true,true,6.65999999998968
unitbox_c_10_20_1_50.jl,12,1.414213570780297,true,-5.04000019035865,-5.4,true,false,2.550000000002131
unitbox_c_10_20_1_50.jl,12,2.752341525835122,true,-5.04000019035865,-3.932003251790058,true,true,10.000020000021332
unitbox_c_10_20_1_50.jl,12,1.414213570780297,true,-5.04000019035865,-5.4,true,true,0.6299999999996928
unitbox_c_10_20_1_50.jl,12,2.5052015688393285e-8,true,-5.04000019035865,-5.04,true,true,1.0199999999993612
unitbox_c_10_20_1_50.jl,12,2.790878855928083,false,-5.04000019035865,-4.038372670263585,false,true,10.000020000021332
unitbox_c_10_20_1_50.jl,12,1.414213570780297,true,-5.04000019035865,-5.4,true,true,1.7699999999987235
unitbox_c_10_20_1_50.jl,12,2.5052015688393285e-8,true,-5.04000019035865,-5.04,true,true,3.060000000005472
unitbox_c_10_20_1_50.jl,12,1.414213570780297,true,-5.04000019035865,-5.4,true,true,0.5999999999997183
unitbox_c_10_20_1_50.jl,12,0.11687433883930073,true,-5.04000019035865,-5.015456388425298,true,true,10.000020000021332
unitbox_c_10_20_1_50.jl,12,1.414213570780297,true,-5.04000019035865,-5.4,true,true,1.2599999999991571
unitbox_c_10_20_1_50.jl,12,1.414213570780297,true,-5.04000019035865,-5.4,true,true,3.5700000000088132
unitbox_c_10_20_1_50.jl,12,1.414213570780297,true,-5.04000019035865,-5.4,true,true,2.670000000002917
unitbox_c_10_20_1_50.jl,12,1.414213570780297,true,-5.04000019035865,-5.4,true,true,0.9899999999993867
unitbox_c_10_20_1_50.jl,12,0.2535800273914195,true,-5.04000019035865,-4.986748193829352,true,true,10.000020000021332
unitbox_c_10_20_1_50.jl,12,1.414213570780297,true,-5.04000019035865,-5.4,true,true,1.6799999999988
unitbox_c_10_20_1_50.jl,12,1.414213570780297,true,-5.04000019035865,-5.4,true,true,1.439999999999004
unitbox_c_10_20_1_50.jl,12,1.414213570780297,true,-5.04000019035865,-5.4,true,true,2.430000000001345
unitbox_c_10_20_1_50.jl,12,1.414213570780297,true,-5.04000019035865,-5.4,true,true,1.619999999998851
unitbox_c_10_20_1_50.jl,12,1.414213570780297,true,-5.04000019035865,-5.4,true,true,0.8099999999995398
unitbox_c_10_20_1_50.jl,12,2.5052015688393285e-8,true,-5.04000019035865,-5.04,true,true,3.2400000000066513
unitbox_c_10_20_1_50.jl,12,1.414213570780297,true,-5.04000019035865,-5.4,true,true,0.3899999999998968
unitbox_c_10_20_2_100.jl,6,0.07074208101667377,true,-15.944192991720142,-15.94078809608762,true,false,1.1399999999992592
unitbox_c_10_20_2_100.jl,6,1.402995663512348,true,-15.944192991720142,-13.689999999999998,true,true,0.5699999999997438
unitbox_c_10_20_2_100.jl,6,1.0133254522766908,false,-15.944192991720142,-11.302553365968288,true,true,10.000020000021332
unitbox_c_10_20_2_100.jl,6,0.9840715500098068,true,-15.944192991720142,-15.489999999999997,true,true,1.7099999999987745
unitbox_c_10_20_2_100.jl,6,0.066364420606933,true,-15.944192991720142,-15.939999999999996,true,true,0.6899999999996418
unitbox_c_10_20_2_100.jl,6,1.7229036112672889,true,-15.944192991720142,-5.57,true,true,0.2400000000000151
unitbox_c_10_20_2_100.jl,6,1.752190295596377,true,-15.944192991720142,-1.9802717827047296,true,true,1.6799999999988
unitbox_c_10_20_2_100.jl,6,0.9840715500098068,true,-15.944192991720142,-15.489999999999997,true,true,1.2899999999991316
unitbox_c_10_20_2_100.jl,6,1.402995663512348,true,-15.944192991720142,-13.689999999999998,true,true,0.32999999999994784
unitbox_c_10_20_2_100.jl,6,1.0797104898124898,false,-15.944192991720142,-8.617380227950857,true,true,10.000020000021332
unitbox_c_10_20_2_100.jl,6,0.1821742349075896,false,-15.944192991720142,-14.573874843456748,true,true,3.5700000000088132
unitbox_c_10_20_2_100.jl,6,1.3699098113228123,true,-15.944192991720142,-11.849999999999996,true,true,2.1299999999993795
unitbox_c_10_20_2_100.jl,6,1.611287941780037,true,-15.944192991720142,-9.912013305336345,true,true,0.7499999999995908
unitbox_c_10_20_2_100.jl,6,1.0021997069537805,true,-15.944192991720142,-14.579999999999997,true,true,1.6499999999988255
unitbox_c_10_20_2_100.jl,6,2.01667012800675,true,-15.944192991720142,-6.129942493394008,true,true,1.5299999999989276
unitbox_c_10_20_2_100.jl,6,1.0023415427915565,false,-15.944192991720142,-14.500755029712463,true,true,10.000020000021332
unitbox_c_10_20_2_100.jl,6,1.1672935034612788,true,-15.944192991720142,-12.861136580776954,true,true,0.7799999999995653
unitbox_c_10_20_2_100.jl,6,0.12942591540758033,true,-15.944192991720142,-15.936869102779127,true,true,0.5699999999997438
unitbox_c_10_20_2_100.jl,6,1.57638644089798,true,-15.944192991720142,-9.225687584892505,true,true,2.7300000000033102
unitbox_c_10_20_2_100.jl,6,1.801680178790089,true,-15.944192991720142,-7.232944919847094,true,true,0.7499999999995908
unitbox_c_10_20_2_100.jl,6,1.722903610373139,true,-15.944192991720142,-12.419999999999995,true,true,1.3499999999990806
unitbox_c_10_20_2_100.jl,10,0.0681404743297266,true,-15.944192991720142,-15.93976079424062,true,false,2.8200000000039
unitbox_c_10_20_2_100.jl,10,0.2506241856444964,true,-15.944192991720142,-15.889994334646905,true,true,1.7699999999987235
unitbox_c_10_20_2_100.jl,10,0.018095527745247975,true,-15.944192991720142,-15.944019368414382,true,true,2.3400000000007553
unitbox_c_10_20_2_100.jl,10,0.12776496674597002,true,-15.944192991720142,-15.937035636976082,true,true,2.940000000004686
unitbox_c_10_20_2_100.jl,10,0.066364420606933,true,-15.944192991720142,-15.939999999999996,true,true,1.559999999998902
unitbox_c_10_20_2_100.jl,10,0.22812226971458974,true,-15.944192991720142,-15.905619488829608,true,true,3.5700000000088132
unitbox_c_10_20_2_100.jl,10,0.050648743717489175,true,-15.944192991720142,-15.941740847901356,true,true,2.7300000000033102
unitbox_c_10_20_2_100.jl,10,0.11491335946890993,true,-15.944192991720142,-15.933279050419635,true,true,1.4699999999989786
unitbox_c_10_20_2_100.jl,10,0.11801332388412367,true,-15.944192991720142,-15.931282807728254,true,true,1.7699999999987235
unitbox_c_10_20_2_100.jl,10,0.1253842642584742,true,-15.944192991720142,-15.935306422980203,true,true,2.9700000000048825
unitbox_c_10_20_2_100.jl,10,0.39410338587881194,true,-15.944192991720142,-15.87514923090468,true,true,2.7000000000031137
unitbox_c_10_20_2_100.jl,10,0.2370379138503442,true,-15.944192991720142,-15.920132228071983,true,true,2.7600000000035068
unitbox_c_10_20_2_100.jl,10,0.1961535781931598,true,-15.944192991720142,-15.911309230495762,true,true,1.5899999999988765
unitbox_c_10_20_2_100.jl,10,0.25323005551116434,true,-15.944192991720142,-15.91661733530802,true,true,3.270000000006848
unitbox_c_10_20_2_100.jl,10,0.1440718355404868,true,-15.944192991720142,-15.926749533459846,true,true,3.900000000010975
unitbox_c_10_20_2_100.jl,10,0.3574489650259142,true,-15.944192991720142,-15.826369574396582,true,true,1.6499999999988255
unitbox_c_10_20_2_100.jl,10,0.1635127695687444,true,-15.944192991720142,-15.926809903697892,true,true,2.3100000000005587
unitbox_c_10_20_2_100.jl,10,0.06388223257909703,true,-15.944192991720142,-15.940581365033518,true,true,2.0099999999985934
unitbox_c_10_20_2_100.jl,10,0.03246343340799085,true,-15.944192991720142,-15.943214099805676,true,true,2.1899999999997726
unitbox_c_10_20_2_100.jl,10,0.3037750655882151,true,-15.944192991720142,-15.902318931239929,true,true,1.5299999999989276
unitbox_c_10_20_2_100.jl,10,0.10436326021034288,true,-15.944192991720142,-15.939068768204407,true,true,3.2400000000066513
unitbox_c_10_20_2_100.jl,12,0.03894083125663241,true,-15.944192991720142,-15.943114967936069,true,false,2.490000000001738
unitbox_c_10_20_2_100.jl,12,0.1491332988066257,true,-15.944192991720142,-15.93353597401307,true,true,2.9100000000044894
unitbox_c_10_20_2_100.jl,12,0.019107398173049055,true,-15.944192991720142,-15.944037664590004,true,true,2.4000000000011483
unitbox_c_10_20_2_100.jl,12,0.01706857934199131,true,-15.944192991720142,-15.944067248230981,true,true,1.379999999999055
unitbox_c_10_20_2_100.jl,12,0.08378276805971567,true,-15.944192991720142,-15.938590473942583,true,true,1.7099999999987745
unitbox_c_10_20_2_100.jl,12,0.03199656935406822,true,-15.944192991720142,-15.94327244732786,true,true,3.9300000000111717
unitbox_c_10_20_2_100.jl,12,0.1193003474556919,true,-15.944192991720142,-15.936980844076784,true,true,3.0900000000056687
unitbox_c_10_20_2_100.jl,12,0.0773005020205975,true,-15.944192991720142,-15.94155839551194,true,true,3.000000000005079
unitbox_c_10_20_2_100.jl,12,0.06277265293774688,true,-15.944192991720142,-15.942489223095599,true,true,3.3000000000070444
unitbox_c_10_20_2_100.jl,12,0.01808055525780151,true,-15.944192991720142,-15.944020829617264,true,true,2.550000000002131
unitbox_c_10_20_2_100.jl,12,0.032663529679037566,true,-15.944192991720142,-15.943185349552966,true,true,1.739999999998749
unitbox_c_10_20_2_100.jl,12,0.02742378988645496,true,-15.944192991720142,-15.94356177726108,true,true,3.900000000010975
unitbox_c_10_20_2_100.jl,12,0.056013677089857425,true,-15.944192991720142,-15.942560003438375,true,true,2.9700000000048825
unitbox_c_10_20_2_100.jl,12,0.19058266323310247,true,-15.944192991720142,-15.928777214722237,true,true,3.1800000000062583
unitbox_c_10_20_2_100.jl,12,0.058884543044416864,true,-15.944192991720142,-15.94158957272798,true,true,2.5200000000019345
unitbox_c_10_20_2_100.jl,12,0.09748615919217692,true,-15.944192991720142,-15.93945244457035,true,true,3.960000000011368
unitbox_c_10_20_2_100.jl,12,0.018681650363081403,true,-15.944192991720142,-15.944043080376685,true,true,1.799999999998698
unitbox_c_10_20_2_100.jl,12,0.044451682747320184,true,-15.944192991720142,-15.942590189524463,true,true,2.1899999999997726
unitbox_c_10_20_2_100.jl,12,0.20293618474668387,true,-15.944192991720142,-15.924837516947978,true,true,3.51000000000842
unitbox_c_10_20_2_100.jl,12,0.016551355335772462,true,-15.944192991720142,-15.943934404631634,true,true,2.159999999999576
unitbox_c_10_20_2_100.jl,12,0.060869988344580184,true,-15.944192991720142,-15.942054111038173,true,true,4.08000000001097
unitbox_c_10_20_2_50.jl,6,1.7699019086366845,true,-3.080000149309092,-3.0608251999605103,true,false,2.5200000000019345
unitbox_c_10_20_2_50.jl,6,1.7320508225308127,true,-3.080000149309092,-0.43000000000000016,true,true,6.569999999990423
unitbox_c_10_20_2_50.jl,6,2.6946151081139207,false,-3.080000149309092,3.001498282147466,true,true,10.000020000021332
unitbox_c_10_20_2_50.jl,6,2.2360679981662,true,-3.080000149309092,-2.3899999999999997,true,true,1.4699999999989786
unitbox_c_10_20_2_50.jl,6,2.0000000184518854,true,-3.080000149309092,1.6400000000000001,true,true,0.7799999999995653
unitbox_c_10_20_2_50.jl,6,2.4494897646981584,true,-3.080000149309092,-1.69,true,true,1.2899999999991316
unitbox_c_10_20_2_50.jl,6,1.7320508219909156,true,-3.080000149309092,0.37000000000000055,true,true,1.2299999999991826
unitbox_c_10_20_2_50.jl,6,2.236067996678728,true,-3.080000149309092,0.37,true,true,3.780000000010189
unitbox_c_10_20_2_50.jl,6,2.4248590335836653,false,-3.080000149309092,-0.8131842602406445,true,true,10.000020000021332
unitbox_c_10_20_2_50.jl,6,1.7320508202637066,true,-3.080000149309092,-1.89,true,true,3.450000000008027
unitbox_c_10_20_2_50.jl,6,1.9403849309615897,false,-3.080000149309092,0.8833703725323585,true,true,10.000020000021332
unitbox_c_10_20_2_50.jl,6,2.236067997173069,true,-3.080000149309092,-0.8600000000000001,true,true,1.739999999998749
unitbox_c_10_20_2_50.jl,6,2.6457513337207073,true,-3.080000149309092,-0.7899999999999996,false,true,0.8999999999994632
unitbox_c_10_20_2_50.jl,6,2.449489764346962,true,-3.080000149309092,-0.7200000000000001,true,true,2.3100000000005587
unitbox_c_10_20_2_50.jl,6,2.044331411812669,false,-3.080000149309092,-1.561713751605114,true,true,10.000020000021332
unitbox_c_10_20_2_50.jl,6,2.000000018383449,true,-3.080000149309092,-0.8899999999999995,true,true,2.280000000000362
unitbox_c_10_20_2_50.jl,6,2.2357389142679702,false,-3.080000149309092,-0.5899337538199778,true,true,10.000020000021332
unitbox_c_10_20_2_50.jl,6,3.0000000262656985,true,-3.080000149309092,0.2799999999999999,true,true,0.7499999999995908
unitbox_c_10_20_2_50.jl,6,2.0000000170512484,true,-3.080000149309092,0.5,true,true,3.1500000000060617
unitbox_c_10_20_2_50.jl,6,2.233294840899128,false,-3.080000149309092,-2.390497315421341,true,true,10.000020000021332
unitbox_c_10_20_2_50.jl,6,2.2360679971430626,true,-3.080000149309092,-2.3899999999999997,true,true,0.5099999999997948
unitbox_c_10_20_2_50.jl,10,1.7320508207603724,true,-3.080000149309092,-3.1300000000000003,true,false,7.889999999979531
unitbox_c_10_20_2_50.jl,10,1.4142135740824846,true,-3.080000149309092,-2.95,true,true,3.2400000000066513
unitbox_c_10_20_2_50.jl,10,2.818827874156288e-8,true,-3.080000149309092,-3.08,true,true,1.1699999999992337
unitbox_c_10_20_2_50.jl,10,1.4142135748707731,true,-3.080000149309092,-2.9299999999999997,true,true,1.1399999999992592
unitbox_c_10_20_2_50.jl,10,1.4142135748707731,true,-3.080000149309092,-2.9299999999999997,true,true,0.8999999999994632
unitbox_c_10_20_2_50.jl,10,1.4142135740824846,true,-3.080000149309092,-2.95,true,true,2.0699999999989864
unitbox_c_10_20_2_50.jl,10,1.4142135748707731,true,-3.080000149309092,-2.9299999999999997,true,true,2.8200000000039
unitbox_c_10_20_2_50.jl,10,1.7320508207603724,true,-3.080000149309092,-3.1300000000000003,true,true,7.769999999980521
unitbox_c_10_20_2_50.jl,10,1.7320508207603724,true,-3.080000149309092,-3.1300000000000003,true,true,6.959999999987205
unitbox_c_10_20_2_50.jl,10,1.7320508238916628,true,-3.080000149309092,-0.85,true,true,2.1899999999997726
unitbox_c_10_20_2_50.jl,10,1.4142135748707731,true,-3.080000149309092,-2.9299999999999997,true,true,0.9299999999994377
unitbox_c_10_20_2_50.jl,10,1.4142135748707731,true,-3.080000149309092,-2.9299999999999997,true,true,0.8099999999995398
unitbox_c_10_20_2_50.jl,10,1.4142135748707731,true,-3.080000149309092,-2.9299999999999997,true,true,1.5899999999988765
unitbox_c_10_20_2_50.jl,10,1.4142135748707731,true,-3.080000149309092,-2.9299999999999997,true,true,1.0199999999993612
unitbox_c_10_20_2_50.jl,10,2.0000000184281217,true,-3.080000149309092,-2.4699999999999998,true,true,6.959999999987205
unitbox_c_10_20_2_50.jl,10,2.4494897646981584,true,-3.080000149309092,-1.69,true,true,2.03999999999879
unitbox_c_10_20_2_50.jl,10,2.818827874156288e-8,true,-3.080000149309092,-3.08,true,true,7.859999999979778
unitbox_c_10_20_2_50.jl,10,1.7320508207603724,true,-3.080000149309092,-3.1300000000000003,true,true,0.5999999999997183
unitbox_c_10_20_2_50.jl,10,2.4494897646981584,true,-3.080000149309092,-1.69,true,true,1.859999999998647
unitbox_c_10_20_2_50.jl,10,1.4142135748707731,true,-3.080000149309092,-2.9299999999999997,true,true,1.499999999998953
unitbox_c_10_20_2_50.jl,10,1.4142135748707731,true,-3.080000149309092,-2.9299999999999997,true,true,0.8699999999994887
unitbox_c_10_20_2_50.jl,12,2.0197018940185494,true,-3.080000149309092,-2.4474866209769686,true,false,10.000020000021332
unitbox_c_10_20_2_50.jl,12,2.2347924876161893,true,-3.080000149309092,-2.390228431133944,true,true,1.5299999999989276
unitbox_c_10_20_2_50.jl,12,2.239382655270151,false,-3.080000149309092,-1.0341663492383901,false,true,10.000020000021332
unitbox_c_10_20_2_50.jl,12,1.7320508207603724,true,-3.080000149309092,-3.1300000000000003,true,true,5.54999999999884
unitbox_c_10_20_2_50.jl,12,2.2358460097676387,true,-3.080000149309092,-2.3900397181974546,true,true,1.439999999999004
unitbox_c_10_20_2_50.jl,12,2.4494897646981584,true,-3.080000149309092,-1.69,true,true,2.370000000000952
unitbox_c_10_20_2_50.jl,12,1.4142135748707731,true,-3.080000149309092,-2.9299999999999997,true,true,1.1099999999992847
unitbox_c_10_20_2_50.jl,12,1.4142135748707731,true,-3.080000149309092,-2.9299999999999997,true,true,2.4000000000011483
unitbox_c_10_20_2_50.jl,12,2.4494897646981584,true,-3.080000149309092,-1.69,true,true,2.490000000001738
unitbox_c_10_20_2_50.jl,12,1.7320508207603724,true,-3.080000149309092,-3.1300000000000003,true,true,7.559999999982254
unitbox_c_10_20_2_50.jl,12,1.4142135748707731,true,-3.080000149309092,-2.9299999999999997,true,true,1.4099999999990296
unitbox_c_10_20_2_50.jl,12,2.818827874156288e-8,true,-3.080000149309092,-3.08,true,true,2.280000000000362
unitbox_c_10_20_2_50.jl,12,1.4142135748707731,true,-3.080000149309092,-2.9299999999999997,true,true,1.7099999999987745
unitbox_c_10_20_2_50.jl,12,1.4142135748707731,true,-3.080000149309092,-2.9299999999999997,true,true,1.439999999999004
unitbox_c_10_20_2_50.jl,12,1.4142135748707731,true,-3.080000149309092,-2.9299999999999997,true,true,1.2899999999991316
unitbox_c_10_20_2_50.jl,12,1.4142135748707731,true,-3.080000149309092,-2.9299999999999997,true,true,1.5899999999988765
unitbox_c_10_20_2_50.jl,12,2.0000000184281217,true,-3.080000149309092,-2.4699999999999998,true,true,1.919999999998596
unitbox_c_10_20_2_50.jl,12,1.4142135748707731,true,-3.080000149309092,-2.9299999999999997,true,true,0.9599999999994122
unitbox_c_10_20_2_50.jl,12,2.0194534585849944,true,-3.080000149309092,-2.4476297063084616,true,true,0.8999999999994632
unitbox_c_10_20_2_50.jl,12,2.025982547946941,true,-3.080000149309092,-2.4441258174944704,true,true,0.9599999999994122
unitbox_c_10_20_2_50.jl,12,2.4494897646981584,true,-3.080000149309092,-1.69,true,true,1.4099999999990296
unitbox_c_10_20_3_100.jl,6,2.245503359126542,true,-5.898699756310571,-2.12003099323908,true,false,0.9299999999994377
unitbox_c_10_20_3_100.jl,6,1.0186863312705194,true,-5.898699756310571,-5.19,true,true,0.7799999999995653
unitbox_c_10_20_3_100.jl,6,2.1398537951301266,false,-5.898699756310571,-0.48817786441228916,true,true,10.000020000021332
unitbox_c_10_20_3_100.jl,6,1.9103087596350448,false,-5.898699756310571,-2.5500000000000003,true,true,10.000020000021332
unitbox_c_10_20_3_100.jl,6,2.3324009670559,false,-5.898699756310571,0.19158965042576892,false,true,10.000020000021332
unitbox_c_10_20_3_100.jl,6,1.4232597316900442,true,-5.898699756310571,0.1811741257798266,true,true,4.680000000006019
unitbox_c_10_20_3_100.jl,6,2.156218814519548,true,-5.898699756310571,-2.1099999999999994,false,true,0.4799999999998203
unitbox_c_10_20_3_100.jl,6,1.742906160281204,true,-5.898699756310571,-3.08,true,true,1.919999999998596
unitbox_c_10_20_3_100.jl,6,2.009408346692139,true,-5.898699756310571,1.2000000000000004,false,true,2.6400000000027206
unitbox_c_10_20_3_100.jl,6,1.4274879563826102,true,-5.898699756310571,-0.039999999999999813,true,true,0.8099999999995398
unitbox_c_10_20_3_100.jl,6,2.244487004941397,true,-5.898699756310571,3.42,true,true,0.3599999999999223
unitbox_c_10_20_3_100.jl,6,2.0869963608580826,false,-5.898699756310571,0.06967589104257828,true,true,10.000020000021332
unitbox_c_10_20_3_100.jl,6,1.8911634335635956,true,-5.898699756310571,-3.072818945835666,false,true,1.619999999998851
unitbox_c_10_20_3_100.jl,6,1.6613820183924206,false,-5.898699756310571,-2.5056930056384186,false,true,10.000020000021332
unitbox_c_10_20_3_100.jl,6,1.422735638808269,true,-5.898699756310571,-2.2342137711144607,true,true,1.859999999998647
unitbox_c_10_20_3_100.jl,6,1.2842428426399286,true,-5.898699756310571,-2.97,true,true,2.9100000000044894
unitbox_c_10_20_3_100.jl,6,2.2444869708779587,true,-5.898699756310571,-2.3,true,true,1.439999999999004
unitbox_c_10_20_3_100.jl,6,2.8350876475734035,true,-5.898699756310571,0.38,true,true,0.7799999999995653
unitbox_c_10_20_3_100.jl,6,0.1942210841746595,true,-5.898699756310571,-6.0,false,true,0.4499999999998458
unitbox_c_10_20_3_100.jl,6,2.2639016721569987,false,-5.898699756310571,2.022336906446586,true,true,10.000020000021332
unitbox_c_10_20_3_100.jl,6,0.1942210841746595,true,-5.898699756310571,-6.0,false,true,1.1699999999992337
unitbox_c_10_20_3_100.jl,10,2.4571776352711288,true,-5.898699756310571,-2.9299999999999997,true,false,1.499999999998953
unitbox_c_10_20_3_100.jl,10,0.19637415997872115,false,-5.898699756310571,-5.976892712437591,false,true,10.000020000021332
unitbox_c_10_20_3_100.jl,10,0.402283062619587,false,-5.898699756310571,-5.687574476101,true,true,10.000020000021332
unitbox_c_10_20_3_100.jl,10,1.2842427815703672,true,-5.898699756310571,-5.73,true,true,1.0199999999993612
unitbox_c_10_20_3_100.jl,10,0.10994152145592212,false,-5.898699756310571,-5.9599337136330846,false,true,10.000020000021332
unitbox_c_10_20_3_100.jl,10,0.13694024432509094,false,-5.898699756310571,-5.91337709380619,false,true,10.000020000021332
unitbox_c_10_20_3_100.jl,10,1.1241429309218531,true,-5.898699756310571,-5.116751133610028,true,true,4.20000000000998
unitbox_c_10_20_3_100.jl,10,1.2842427815703672,true,-5.898699756310571,-5.73,true,true,3.000000000005079
unitbox_c_10_20_3_100.jl,10,2.0094083461591397,true,-5.898699756310571,-4.4399999999999995,true,true,1.8299999999986725
unitbox_c_10_20_3_100.jl,10,2.3768213531781863,true,-5.898699756310571,-3.43,true,true,0.9599999999994122
unitbox_c_10_20_3_100.jl,10,2.4571776352711288,true,-5.898699756310571,-2.9299999999999997,true,true,1.439999999999004
unitbox_c_10_20_3_100.jl,10,0.1942210841746595,true,-5.898699756310571,-6.0,false,true,1.7699999999987235
unitbox_c_10_20_3_100.jl,10,2.0094083461591397,true,-5.898699756310571,-4.4399999999999995,true,true,1.2599999999991571
unitbox_c_10_20_3_100.jl,10,2.0094083461591397,true,-5.898699756310571,-4.4399999999999995,true,true,1.0199999999993612
unitbox_c_10_20_3_100.jl,10,2.0094083461591397,true,-5.898699756310571,-4.4399999999999995,true,true,1.0199999999993612
unitbox_c_10_20_3_100.jl,10,2.4571776352711288,true,-5.898699756310571,-2.9299999999999997,true,true,1.1099999999992847
unitbox_c_10_20_3_100.jl,10,2.4571776352711288,true,-5.898699756310571,-2.9299999999999997,true,true,1.1399999999992592
unitbox_c_10_20_3_100.jl,10,0.19494936047703634,false,-5.898699756310571,-5.9770945154191715,false,true,10.000020000021332
unitbox_c_10_20_3_100.jl,10,2.3768213531781863,true,-5.898699756310571,-3.43,true,true,1.2599999999991571
unitbox_c_10_20_3_100.jl,10,0.8596565021392055,true,-5.898699756310571,-5.527509003860622,true,true,3.5700000000088132
unitbox_c_10_20_3_100.jl,10,0.2273954807924356,false,-5.898699756310571,-5.8458080730542665,true,true,10.000020000021332
unitbox_c_10_20_3_100.jl,12,0.13454997986335487,false,-5.898699756310571,-5.803189338751567,true,false,10.000020000021332
unitbox_c_10_20_3_100.jl,12,2.3768213531781863,true,-5.898699756310571,-3.43,true,true,2.219999999999969
unitbox_c_10_20_3_100.jl,12,1.0365282950884722,true,-5.898699756310571,-5.1735397581686495,true,true,2.0699999999989864
unitbox_c_10_20_3_100.jl,12,0.10360678086914774,false,-5.898699756310571,-5.954668048582915,false,true,10.000020000021332
unitbox_c_10_20_3_100.jl,12,0.43805182933555853,false,-5.898699756310571,-5.647631376606046,true,true,10.000020000021332
unitbox_c_10_20_3_100.jl,12,0.05786833218643941,false,-5.898699756310571,-5.9321961184757654,false,true,10.000020000021332
unitbox_c_10_20_3_100.jl,12,0.07157670111329505,false,-5.898699756310571,-5.939718980680455,false,true,10.000020000021332
unitbox_c_10_20_3_100.jl,12,2.0094083461591397,true,-5.898699756310571,-4.4399999999999995,true,true,1.0199999999993612
unitbox_c_10_20_3_100.jl,12,1.282800555969358,true,-5.898699756310571,-5.729997777042534,true,true,0.6599999999996673
unitbox_c_10_20_3_100.jl,12,0.08271209640947559,false,-5.898699756310571,-5.847788078817127,true,true,10.000020000021332
unitbox_c_10_20_3_100.jl,12,0.045082360186450156,false,-5.898699756310571,-5.925037170668173,false,true,10.000020000021332
unitbox_c_10_20_3_100.jl,12,0.04839351501118571,false,-5.898699756310571,-5.926904283998235,false,true,10.000020000021332
unitbox_c_10_20_3_100.jl,12,1.027708863828904,true,-5.898699756310571,-5.180133477643527,true,true,5.789999999996859
unitbox_c_10_20_3_100.jl,12,1.2842427815703672,true,-5.898699756310571,-5.73,true,true,1.499999999998953
unitbox_c_10_20_3_100.jl,12,0.07045611262160681,false,-5.898699756310571,-5.854119345638027,true,true,10.000020000021332
unitbox_c_10_20_3_100.jl,12,0.08088859201471399,false,-5.898699756310571,-5.9447391168623565,false,true,10.000020000021332
unitbox_c_10_20_3_100.jl,12,0.2967756594271447,false,-5.898699756310571,-5.71195060057693,true,true,10.000020000021332
unitbox_c_10_20_3_100.jl,12,2.4571776352711288,true,-5.898699756310571,-2.9299999999999997,true,true,0.6899999999996418
unitbox_c_10_20_3_100.jl,12,0.04388246932566899,false,-5.898699756310571,-5.924358295838237,false,true,10.000020000021332
unitbox_c_10_20_3_100.jl,12,0.17052093682575573,false,-5.898699756310571,-5.989336022433051,false,true,10.000020000021332
unitbox_c_10_20_3_100.jl,12,1.2842084440589208,true,-5.898699756310571,-5.72999999874204,true,true,1.3499999999990806
unitbox_c_10_20_3_50.jl,6,1.408422812599768,true,-7.490000151486574,-6.234312657705904,true,false,0.6299999999996928
unitbox_c_10_20_3_50.jl,6,1.0000000055409317,true,-7.490000151486574,-6.930000000000001,true,true,0.9899999999993867
unitbox_c_10_20_3_50.jl,6,1.4142135646025906,true,-7.490000151486574,-6.7299999999999995,true,true,6.419999999991661
unitbox_c_10_20_3_50.jl,6,2.0000000097552317,true,-7.490000151486574,-5.35,true,true,0.4799999999998203
unitbox_c_10_20_3_50.jl,6,2.00000000935367,true,-7.490000151486574,-3.7899999999999987,true,true,1.499999999998953
unitbox_c_10_20_3_50.jl,6,2.0000000110521086,true,-7.490000151486574,-3.9799999999999995,true,true,2.159999999999576
unitbox_c_10_20_3_50.jl,6,1.7320508136234194,true,-7.490000151486574,-6.87,true,true,0.8699999999994887
unitbox_c_10_20_3_50.jl,6,1.4142135714768993,true,-7.490000151486574,-7.300000000000001,true,true,3.0900000000056687
unitbox_c_10_20_3_50.jl,6,1.7320508151107417,true,-7.490000151486574,-5.390000000000001,true,true,0.7799999999995653
unitbox_c_10_20_3_50.jl,6,2.8284271436890225,true,-7.490000151486574,0.16999999999999993,true,true,0.3599999999999223
unitbox_c_10_20_3_50.jl,6,2.449489757098331,true,-7.490000151486574,-2.299999999999999,true,true,0.6299999999996928
unitbox_c_10_20_3_50.jl,6,2.4124668305744698e-8,true,-7.490000151486574,-7.49,true,true,0.9899999999993867
unitbox_c_10_20_3_50.jl,6,1.4142135729890353,true,-7.490000151486574,-6.58,true,true,0.32999999999994784
unitbox_c_10_20_3_50.jl,6,2.0000000113134995,true,-7.490000151486574,-1.23,true,true,2.3100000000005587
unitbox_c_10_20_3_50.jl,6,1.0918040877935198,false,-7.490000151486574,-4.871029415886968,true,true,10.000020000021332
unitbox_c_10_20_3_50.jl,6,1.7320508151107417,true,-7.490000151486574,-5.390000000000001,true,true,0.5399999999997693
unitbox_c_10_20_3_50.jl,6,1.01628187557228,false,-7.490000151486574,-4.210516747695128,true,true,10.000020000021332
unitbox_c_10_20_3_50.jl,6,1.414213573348165,true,-7.490000151486574,-4.9,true,true,0.9599999999994122
unitbox_c_10_20_3_50.jl,6,2.0319320916941197,false,-7.490000151486574,-2.9268327535126066,true,true,10.000020000021332
unitbox_c_10_20_3_50.jl,6,1.414213572745034,true,-7.490000151486574,-2.36,true,true,0.7199999999996163
unitbox_c_10_20_3_50.jl,6,2.236067991117909,true,-7.490000151486574,-1.75,true,true,6.0599999999946315
unitbox_c_10_20_3_50.jl,10,2.4124668305744698e-8,true,-7.490000151486574,-7.49,true,false,3.2400000000066513
unitbox_c_10_20_3_50.jl,10,1.7320508148580733,true,-7.490000151486574,-6.720000000000001,true,true,7.829999999980026
unitbox_c_10_20_3_50.jl,10,2.4124668305744698e-8,true,-7.490000151486574,-7.49,true,true,2.7000000000031137
unitbox_c_10_20_3_50.jl,10,2.4124668305744698e-8,true,-7.490000151486574,-7.49,true,true,3.6900000000095994
unitbox_c_10_20_3_50.jl,10,2.4124668305744698e-8,true,-7.490000151486574,-7.49,true,true,1.7699999999987235
unitbox_c_10_20_3_50.jl,10,2.4124668305744698e-8,true,-7.490000151486574,-7.49,true,true,8.789999999995493
unitbox_c_10_20_3_50.jl,10,0.24120065159519663,true,-7.490000151486574,-7.441759869203371,true,true,6.8699999999879475
unitbox_c_10_20_3_50.jl,10,1.3372714042082416,true,-7.490000151486574,-6.6035494708610765,true,true,0.8999999999994632
unitbox_c_10_20_3_50.jl,10,1.4142135714768993,true,-7.490000151486574,-7.300000000000001,true,true,2.0099999999985934
unitbox_c_10_20_3_50.jl,10,0.3785372650975496,true,-7.490000151486574,-7.225023918930722,true,true,10.000020000021332
unitbox_c_10_20_3_50.jl,10,2.4124668305744698e-8,true,-7.490000151486574,-7.49,true,true,1.799999999998698
unitbox_c_10_20_3_50.jl,10,2.4124668305744698e-8,true,-7.490000151486574,-7.49,true,true,3.5400000000086167
unitbox_c_10_20_3_50.jl,10,2.4124668305744698e-8,true,-7.490000151486574,-7.49,true,true,5.070000000002801
unitbox_c_10_20_3_50.jl,10,2.4124668305744698e-8,true,-7.490000151486574,-7.49,true,true,6.089999999994384
unitbox_c_10_20_3_50.jl,10,1.3813466087185393,true,-7.490000151486574,-6.589879979744138,true,true,1.1099999999992847
unitbox_c_10_20_3_50.jl,10,1.4142135714768993,true,-7.490000151486574,-7.300000000000001,true,true,1.799999999998698
unitbox_c_10_20_3_50.jl,10,2.4124668305744698e-8,true,-7.490000151486574,-7.49,true,true,5.66999999999785
unitbox_c_10_20_3_50.jl,10,2.4124668305744698e-8,true,-7.490000151486574,-7.49,true,true,1.379999999999055
unitbox_c_10_20_3_50.jl,10,2.4124668305744698e-8,true,-7.490000151486574,-7.49,true,true,1.979999999998545
unitbox_c_10_20_3_50.jl,10,2.4124668305744698e-8,true,-7.490000151486574,-7.49,true,true,4.590000000006762
unitbox_c_10_20_3_50.jl,10,2.4124668305744698e-8,true,-7.490000151486574,-7.49,true,true,5.400000000000078
unitbox_c_10_20_3_50.jl,12,2.4124668305744698e-8,true,-7.490000151486574,-7.49,true,false,2.1899999999997726
unitbox_c_10_20_3_50.jl,12,2.4124668305744698e-8,true,-7.490000151486574,-7.49,true,true,1.4099999999990296
unitbox_c_10_20_3_50.jl,12,2.4124668305744698e-8,true,-7.490000151486574,-7.49,true,true,5.400000000000078
unitbox_c_10_20_3_50.jl,12,2.4124668305744698e-8,true,-7.490000151486574,-7.49,true,true,6.539999999990671
unitbox_c_10_20_3_50.jl,12,2.4124668305744698e-8,true,-7.490000151486574,-7.49,true,true,4.6500000000062665
unitbox_c_10_20_3_50.jl,12,1.7320508148580733,true,-7.490000151486574,-6.720000000000001,true,true,2.03999999999879
unitbox_c_10_20_3_50.jl,12,1.7320508148580733,true,-7.490000151486574,-6.720000000000001,true,true,4.890000000004286
unitbox_c_10_20_3_50.jl,12,1.7320508148580733,true,-7.490000151486574,-6.720000000000001,true,true,1.5299999999989276
unitbox_c_10_20_3_50.jl,12,2.4124668305744698e-8,true,-7.490000151486574,-7.49,true,true,2.430000000001345
unitbox_c_10_20_3_50.jl,12,2.4124668305744698e-8,true,-7.490000151486574,-7.49,true,true,3.6000000000090098
unitbox_c_10_20_3_50.jl,12,1.7320508148580733,true,-7.490000151486574,-6.720000000000001,true,true,3.4800000000082236
unitbox_c_10_20_3_50.jl,12,1.6697120266686252,true,-7.490000151486574,-6.705395650111692,true,true,3.3600000000074375
unitbox_c_10_20_3_50.jl,12,1.608900172550812,true,-7.490000151486574,-6.689732941765943,true,true,2.6400000000027206
unitbox_c_10_20_3_50.jl,12,1.7320508148580733,true,-7.490000151486574,-6.720000000000001,true,true,3.5700000000088132
unitbox_c_10_20_3_50.jl,12,2.4124668305744698e-8,true,-7.490000151486574,-7.49,true,true,1.859999999998647
unitbox_c_10_20_3_50.jl,12,1.7320508148580733,true,-7.490000151486574,-6.720000000000001,true,true,3.4200000000078306
unitbox_c_10_20_3_50.jl,12,2.4124668305744698e-8,true,-7.490000151486574,-7.49,true,true,2.4000000000011483
unitbox_c_10_20_3_50.jl,12,1.458455047368618,true,-7.490000151486574,-6.673647475097633,true,true,3.9900000000115647
unitbox_c_10_20_3_50.jl,12,2.4124668305744698e-8,true,-7.490000151486574,-7.49,true,true,7.859999999979778
unitbox_c_10_20_3_50.jl,12,1.4142135714768993,true,-7.490000151486574,-7.300000000000001,true,true,2.219999999999969
unitbox_c_10_20_3_50.jl,12,1.4142135714768993,true,-7.490000151486574,-7.300000000000001,true,true,0.8099999999995398
unitbox_c_20_20_1_100.jl,6,2.3278620847054343,true,-28.190570483215524,-26.949999999999996,true,false,1.2899999999991316
unitbox_c_20_20_1_100.jl,6,2.8503381626377653,true,-28.190570483215524,-12.85,false,true,1.1699999999992337
unitbox_c_20_20_1_100.jl,6,2.669162348394217,true,-28.190570483215524,-13.750000000000002,true,true,0.5699999999997438
unitbox_c_20_20_1_100.jl,6,2.569693906350554,false,-28.190570483215524,-15.51436564127825,true,true,10.000020000021332
unitbox_c_20_20_1_100.jl,6,3.1094068575441267,false,-28.190570483215524,-11.44042181750873,true,true,10.000020000021332
unitbox_c_20_20_1_100.jl,6,2.1110490010633964,false,-28.190570483215524,-19.603248520504653,true,true,10.000020000021332
unitbox_c_20_20_1_100.jl,6,2.114247067524044,false,-28.190570483215524,-25.533125550140223,true,true,7.7399999999807685
unitbox_c_20_20_1_100.jl,6,2.3485903515210844,true,-28.190570483215524,-15.436119486802761,true,true,1.6499999999988255
unitbox_c_20_20_1_100.jl,6,2.1421951996008524,false,-28.190570483215524,-22.765603112011384,true,true,10.000020000021332
unitbox_c_20_20_1_100.jl,6,2.118000348759077,false,-28.190570483215524,-20.103419501183772,true,true,10.000020000021332
unitbox_c_20_20_1_100.jl,6,2.5572124734537027,false,-28.190570483215524,-15.513547422192392,true,true,10.000020000021332
unitbox_c_20_20_1_100.jl,6,1.8490380927528804,true,-28.190570483215524,-23.6,false,true,0.4499999999998458
unitbox_c_20_20_1_100.jl,6,2.9015413058554818,true,-28.190570483215524,-11.789999999999997,true,true,1.1699999999992337
unitbox_c_20_20_1_100.jl,6,2.7477678346771994,false,-28.190570483215524,-19.12546916587222,true,true,4.140000000010475
unitbox_c_20_20_1_100.jl,6,2.3003850654679074,false,-28.190570483215524,-13.139510636469302,true,true,10.000020000021332
unitbox_c_20_20_1_100.jl,6,2.3313058963659383,true,-28.190570483215524,-20.03630300276987,true,true,1.739999999998749
unitbox_c_20_20_1_100.jl,6,1.672903377916719,false,-28.190570483215524,-18.07932993277175,true,true,10.000020000021332
unitbox_c_20_20_1_100.jl,6,1.8798137579511454,false,-28.190570483215524,-16.015197141899982,false,true,10.000020000021332
unitbox_c_20_20_1_100.jl,6,2.2764920613775312,false,-28.190570483215524,-12.458898149953466,true,true,10.000020000021332
unitbox_c_20_20_1_100.jl,6,2.104998371637053,false,-28.190570483215524,-16.250072123864104,true,true,10.000020000021332
unitbox_c_20_20_1_100.jl,6,3.069029481699082,true,-28.190570483215524,-13.0,true,true,0.8399999999995142
unitbox_c_20_20_1_100.jl,10,2.533563084728337,true,-28.190570483215524,-26.819999999999993,true,false,2.5800000000023275
unitbox_c_20_20_1_100.jl,10,2.533563084728337,true,-28.190570483215524,-26.819999999999993,true,true,4.470000000007752
unitbox_c_20_20_1_100.jl,10,1.4575416065034958,true,-28.190570483215524,-27.550000000000004,true,true,3.2400000000066513
unitbox_c_20_20_1_100.jl,10,2.8297974763525087,true,-28.190570483215524,-19.55847626556537,true,true,6.479999999991166
unitbox_c_20_20_1_100.jl,10,0.14948540560680348,false,-28.190570483215524,-28.110809764939415,true,true,10.000020000021332
unitbox_c_20_20_1_100.jl,10,0.3527428505148815,true,-28.190570483215524,-28.33,false,true,4.470000000007752
unitbox_c_20_20_1_100.jl,10,2.546100509821476,true,-28.190570483215524,-25.62468798911611,true,true,4.410000000008247
unitbox_c_20_20_1_100.jl,10,1.0916759503913465,false,-28.190570483215524,-27.6306589151894,false,true,9.510000000010868
unitbox_c_20_20_1_100.jl,10,1.7665932332685803,false,-28.190570483215524,-23.47488512267277,true,true,10.000020000021332
unitbox_c_20_20_1_100.jl,10,0.30396270153414334,true,-28.190570483215524,-28.312201196073477,false,true,3.9300000000111717
unitbox_c_20_20_1_100.jl,10,0.1289131030943247,false,-28.190570483215524,-28.133404610935973,true,true,10.000020000021332
unitbox_c_20_20_1_100.jl,10,2.2633120615416904,true,-28.190570483215524,-27.32926387459489,true,true,3.120000000005865
unitbox_c_20_20_1_100.jl,10,1.4575416065034958,true,-28.190570483215524,-27.550000000000004,true,true,3.660000000009403
unitbox_c_20_20_1_100.jl,10,1.0554841698404103,true,-28.190570483215524,-27.63811705088923,false,true,10.000020000021332
unitbox_c_20_20_1_100.jl,10,0.6110524047550557,true,-28.190570483215524,-27.89014357869474,true,true,7.259999999984729
unitbox_c_20_20_1_100.jl,10,2.1021279386329486,true,-28.190570483215524,-26.33,true,true,2.490000000001738
unitbox_c_20_20_1_100.jl,10,2.2637198559978415,true,-28.190570483215524,-27.33,true,true,0.5699999999997438
unitbox_c_20_20_1_100.jl,10,2.2320872561128144,true,-28.190570483215524,-27.280913703303096,true,true,10.000020000021332
unitbox_c_20_20_1_100.jl,10,2.124837489456705,false,-28.190570483215524,-25.215852934195038,true,true,10.000020000021332
unitbox_c_20_20_1_100.jl,10,0.053231557548000255,false,-28.190570483215524,-28.15814739570952,true,true,10.000020000021332
unitbox_c_20_20_1_100.jl,10,2.580694744914642,true,-28.190570483215524,-25.540133863841913,true,true,3.2400000000066513
unitbox_c_20_20_1_100.jl,12,1.0603902748539038,true,-28.190570483215524,-27.660000000000007,true,false,0.9899999999993867
unitbox_c_20_20_1_100.jl,12,1.2761376576428445,true,-28.190570483215524,-27.601185019938285,true,true,10.000020000021332
unitbox_c_20_20_1_100.jl,12,0.015104620907925413,false,-28.190570483215524,-28.184043734064595,true,true,10.000020000021332
unitbox_c_20_20_1_100.jl,12,0.025243713344779112,false,-28.190570483215524,-28.20137474213404,false,true,10.000020000021332
unitbox_c_20_20_1_100.jl,12,0.07260218650436177,false,-28.190570483215524,-28.22130148179298,false,true,10.000020000021332
unitbox_c_20_20_1_100.jl,12,2.0621682437679416,false,-28.190570483215524,-25.113132066229717,true,true,10.000020000021332
unitbox_c_20_20_1_100.jl,12,2.5358377611137066,true,-28.190570483215524,-25.624827852916766,true,true,2.03999999999879
unitbox_c_20_20_1_100.jl,12,2.66916234645188,true,-28.190570483215524,-20.780000000000005,true,true,3.900000000010975
unitbox_c_20_20_1_100.jl,12,2.5410929728669043,true,-28.190570483215524,-25.629353028017196,true,true,2.8200000000039
unitbox_c_20_20_1_100.jl,12,2.5375273077277587,true,-28.190570483215524,-25.62829428879836,true,true,2.3100000000005587
unitbox_c_20_20_1_100.jl,12,2.540263033135991,true,-28.190570483215524,-25.62956913490688,true,true,3.210000000006455
unitbox_c_20_20_1_100.jl,12,1.0603902748539038,true,-28.190570483215524,-27.660000000000007,true,true,1.0199999999993612
unitbox_c_20_20_1_100.jl,12,2.728337897928256,true,-28.190570483215524,-24.286516072980824,true,true,3.450000000008027
unitbox_c_20_20_1_100.jl,12,2.062980771394408,false,-28.190570483215524,-25.11596863775906,true,true,9.750000000015993
unitbox_c_20_20_1_100.jl,12,1.0603902748539038,true,-28.190570483215524,-27.660000000000007,true,true,2.3100000000005587
unitbox_c_20_20_1_100.jl,12,2.0641638313779476,false,-28.190570483215524,-25.119999038580385,false,true,10.000020000021332
unitbox_c_20_20_1_100.jl,12,2.7343833626708465,true,-28.190570483215524,-24.29260658276616,true,true,1.499999999998953
unitbox_c_20_20_1_100.jl,12,0.1059755319339323,false,-28.190570483215524,-28.143819126878782,true,true,6.8999999999877
unitbox_c_20_20_1_100.jl,12,0.06822534618147559,false,-28.190570483215524,-28.195846486655842,false,true,10.000020000021332
unitbox_c_20_20_1_100.jl,12,2.263719861856047,true,-28.190570483215524,-20.44,true,true,3.4200000000078306
unitbox_c_20_20_1_100.jl,12,1.0603902748539038,true,-28.190570483215524,-27.660000000000007,true,true,2.1899999999997726
unitbox_c_20_20_1_25.jl,6,2.900532355318167,true,-12.820000327967328,-8.81026472362305,true,false,0.9299999999994377
unitbox_c_20_20_1_25.jl,6,2.0266698347369947,true,-12.820000327967328,-9.598849100064664,true,true,5.040000000003048
unitbox_c_20_20_1_25.jl,6,2.645751329321056,true,-12.820000327967328,-6.93,true,true,2.880000000004293
unitbox_c_20_20_1_25.jl,6,2.2375445436642023,true,-12.820000327967328,-7.401339495967864,true,true,1.439999999999004
unitbox_c_20_20_1_25.jl,6,3.1622776845599665,true,-12.820000327967328,-5.98,true,true,1.4699999999989786
unitbox_c_20_20_1_25.jl,6,2.8975464180756885,false,-12.820000327967328,-7.260890464962456,true,true,10.000020000021332
unitbox_c_20_20_1_25.jl,6,2.2360677508074116,true,-12.820000327967328,-10.330000000000002,true,true,3.720000000009796
unitbox_c_20_20_1_25.jl,6,2.828429415797543,true,-12.820000327967328,-6.241898977831832,true,true,0.8699999999994887
unitbox_c_20_20_1_25.jl,6,2.1197726913571207,true,-12.820000327967328,-6.862975493243808,true,true,7.979999999978788
unitbox_c_20_20_1_25.jl,6,3.2232842330996485,false,-12.820000327967328,0.3730280627952073,false,true,10.000020000021332
unitbox_c_20_20_1_25.jl,6,3.1622776843823095,true,-12.820000327967328,-6.13,true,true,3.3000000000070444
unitbox_c_20_20_1_25.jl,6,3.421544616564839,false,-12.820000327967328,-5.898368123142664,true,true,10.000020000021332
unitbox_c_20_20_1_25.jl,6,3.0580044636867334,false,-12.820000327967328,-6.794653308629137,true,true,10.000020000021332
unitbox_c_20_20_1_25.jl,6,3.741657415359594,true,-12.820000327967328,-2.85,true,true,3.0900000000056687
unitbox_c_20_20_1_25.jl,6,3.0049709058489156,false,-12.820000327967328,-4.130062618798348,true,true,10.000020000021332
unitbox_c_20_20_1_25.jl,6,2.2360679963133947,true,-12.820000327967328,-6.940000000000001,true,true,2.490000000001738
unitbox_c_20_20_1_25.jl,6,2.4494895420040232,true,-12.820000327967328,-4.659999999999999,true,true,2.610000000002524
unitbox_c_20_20_1_25.jl,6,2.449489761033922,true,-12.820000327967328,-7.97,true,true,0.6899999999996418
unitbox_c_20_20_1_25.jl,6,2.449489761060088,true,-12.820000327967328,-8.69,true,true,2.7600000000035068
unitbox_c_20_20_1_25.jl,6,3.3166248162390626,true,-12.820000327967328,-4.820000000000001,true,true,1.1099999999992847
unitbox_c_20_20_1_25.jl,6,3.6055710931748584,false,-12.820000327967328,-2.8195059599232666,true,true,10.000020000021332
unitbox_c_20_20_1_25.jl,10,1.7320508177272718,true,-12.820000327967328,-12.860000000000001,true,false,5.370000000000325
unitbox_c_20_20_1_25.jl,10,1.7320508177272718,true,-12.820000327967328,-12.860000000000001,true,true,2.3400000000007553
unitbox_c_20_20_1_25.jl,10,1.732050819889859,true,-12.820000327967328,-12.520000000000001,true,true,3.8700000000107786
unitbox_c_20_20_1_25.jl,10,2.0000000163571583,true,-12.820000327967328,-9.53,true,true,3.120000000005865
unitbox_c_20_20_1_25.jl,10,1.732050819889859,true,-12.820000327967328,-12.520000000000001,true,true,2.4600000000015414
unitbox_c_20_20_1_25.jl,10,3.4641016415583157,true,-12.820000327967328,-10.81,true,true,2.7000000000031137
unitbox_c_20_20_1_25.jl,10,2.236067991567961,true,-12.820000327967328,-12.400000000000002,true,true,5.609999999998345
unitbox_c_20_20_1_25.jl,10,2.0988723497159305,true,-12.820000327967328,-12.352758563889466,true,true,1.5299999999989276
unitbox_c_20_20_1_25.jl,10,3.4641016415583157,true,-12.820000327967328,-10.81,true,true,4.590000000006762
unitbox_c_20_20_1_25.jl,10,1.7320508177272718,true,-12.820000327967328,-12.860000000000001,true,true,3.210000000006455
unitbox_c_20_20_1_25.jl,10,0.006065203428353765,true,-12.820000327967328,-12.819939342646336,true,true,2.3400000000007553
unitbox_c_20_20_1_25.jl,10,2.236067991567961,true,-12.820000327967328,-12.400000000000002,true,true,5.340000000000573
unitbox_c_20_20_1_25.jl,10,2.236067991567961,true,-12.820000327967328,-12.400000000000002,true,true,5.100000000002553
unitbox_c_20_20_1_25.jl,10,0.4879483246759502,true,-12.820000327967328,-12.815120511433859,true,true,1.859999999998647
unitbox_c_20_20_1_25.jl,10,3.3738060433109194,true,-12.820000327967328,-10.722259609539735,true,true,10.000020000021332
unitbox_c_20_20_1_25.jl,10,0.6409410174206894,true,-12.820000327967328,-12.81359058450641,true,true,10.000020000021332
unitbox_c_20_20_1_25.jl,10,1.732050819889859,true,-12.820000327967328,-12.520000000000001,true,true,2.430000000001345
unitbox_c_20_20_1_25.jl,10,2.586280573630666,true,-12.820000327967328,-11.646599362806104,true,true,4.530000000007257
unitbox_c_20_20_1_25.jl,10,1.9550303355040584,true,-12.820000327967328,-11.918127217742173,true,true,10.000020000021332
unitbox_c_20_20_1_25.jl,10,3.4641016415583157,true,-12.820000327967328,-10.81,true,true,2.4000000000011483
unitbox_c_20_20_1_25.jl,10,5.330770209488337e-7,true,-12.820000327967328,-12.82,true,true,1.6799999999988
unitbox_c_20_20_1_25.jl,12,2.2360679924786924,true,-12.820000327967328,-12.11,true,false,2.9100000000044894
unitbox_c_20_20_1_25.jl,12,1.732050819889859,true,-12.820000327967328,-12.520000000000001,true,true,3.840000000010582
unitbox_c_20_20_1_25.jl,12,1.566164306258717,true,-12.820000327967328,-12.81748435975654,true,true,10.000020000021332
unitbox_c_20_20_1_25.jl,12,0.9999994680617921,true,-12.820000327967328,-12.81,true,true,3.060000000005472
unitbox_c_20_20_1_25.jl,12,0.013129144324753919,true,-12.820000327967328,-12.81986870323737,true,true,1.859999999998647
unitbox_c_20_20_1_25.jl,12,2.7849411930641073,true,-12.820000327967328,-10.854697753637916,true,true,10.000020000021332
unitbox_c_20_20_1_25.jl,12,1.732050819889859,true,-12.820000327967328,-12.520000000000001,true,true,1.859999999998647
unitbox_c_20_20_1_25.jl,12,3.4641016415583157,true,-12.820000327967328,-10.81,true,true,7.199999999985224
unitbox_c_20_20_1_25.jl,12,2.7753933029792743,true,-12.820000327967328,-10.142002208930819,true,true,10.000020000021332
unitbox_c_20_20_1_25.jl,12,0.0005460371008261151,true,-12.820000327967328,-12.81999453430962,true,true,2.159999999999576
unitbox_c_20_20_1_25.jl,12,2.2360679914062156,true,-12.820000327967328,-12.11,true,true,1.7699999999987235
unitbox_c_20_20_1_25.jl,12,1.732050819889859,true,-12.820000327967328,-12.520000000000001,true,true,1.9499999999985704
unitbox_c_20_20_1_25.jl,12,2.7909830949488845,true,-12.820000327967328,-9.201114126585347,true,true,4.290000000009237
unitbox_c_20_20_1_25.jl,12,3.4595889156383817,true,-12.820000327967328,-10.806378343578453,true,true,10.000020000021332
unitbox_c_20_20_1_25.jl,12,2.828427147569463,true,-12.820000327967328,-9.41,true,true,7.589999999982006
unitbox_c_20_20_1_25.jl,12,2.645751330115119,true,-12.820000327967328,-11.160000000000002,true,true,2.4600000000015414
unitbox_c_20_20_1_25.jl,12,2.236067991567961,true,-12.820000327967328,-12.400000000000002,true,true,5.040000000003048
unitbox_c_20_20_1_25.jl,12,0.7005192362244991,true,-12.820000327967328,-12.812994802318373,true,true,2.219999999999969
unitbox_c_20_20_1_25.jl,12,2.0000000163571583,true,-12.820000327967328,-9.53,true,true,2.3400000000007553
unitbox_c_20_20_1_25.jl,12,2.141351317083262,true,-12.820000327967328,-12.079463627784829,true,true,10.000020000021332
unitbox_c_20_20_1_25.jl,12,0.4503686978555656,true,-12.820000327967328,-12.815496307702062,true,true,2.3100000000005587
unitbox_c_20_20_1_50.jl,6,1.4179760227931777,false,-25.54180157092706,-25.329029650264474,false,false,2.1299999999993795
unitbox_c_20_20_1_50.jl,6,3.090702954528166,false,-25.54180157092706,-6.265737306588961,false,true,10.000020000021332
unitbox_c_20_20_1_50.jl,6,2.707260233567299,false,-25.54180157092706,-7.958237478339318,true,true,10.000020000021332
unitbox_c_20_20_1_50.jl,6,1.765318175257558,false,-25.54180157092706,-22.71663412003389,true,true,10.000020000021332
unitbox_c_20_20_1_50.jl,6,2.509979768003952,false,-25.54180157092706,-16.380919097724796,true,true,10.000020000021332
unitbox_c_20_20_1_50.jl,6,3.02339771340282,false,-25.54180157092706,-16.1358969905418,false,true,10.000020000021332
unitbox_c_20_20_1_50.jl,6,2.2398627712694377,true,-25.54180157092706,-17.549999999999997,false,true,0.8699999999994887
unitbox_c_20_20_1_50.jl,6,3.2896739044359093,false,-25.54180157092706,-10.593919950673483,true,true,10.000020000021332
unitbox_c_20_20_1_50.jl,6,1.8713766064701338,false,-25.54180157092706,-22.295614143386445,false,true,10.000020000021332
unitbox_c_20_20_1_50.jl,6,2.2398630296652224,true,-25.54180157092706,-19.500000000000007,true,true,2.0099999999985934
unitbox_c_20_20_1_50.jl,6,2.447181484328745,false,-25.54180157092706,-12.637129218937046,true,true,10.000020000021332
unitbox_c_20_20_1_50.jl,6,2.4726340934245554,false,-25.54180157092706,-7.984423944298744,false,true,10.000020000021332
unitbox_c_20_20_1_50.jl,6,1.017406840705733,false,-25.54180157092706,-25.48709217881431,false,true,10.000020000021332
unitbox_c_20_20_1_50.jl,6,1.9710798466491095,false,-25.54180157092706,-21.097716535626823,true,true,10.000020000021332
unitbox_c_20_20_1_50.jl,6,2.261311229391884,false,-25.54180157092706,-18.1782703551531,true,true,10.000020000021332
unitbox_c_20_20_1_50.jl,6,1.9145320872018683,false,-25.54180157092706,-16.933036172432796,true,true,10.000020000021332
unitbox_c_20_20_1_50.jl,6,1.5731420705488641,false,-25.54180157092706,-23.103741038550538,false,true,10.000020000021332
unitbox_c_20_20_1_50.jl,6,2.295120297815051,false,-25.54180157092706,-21.20814716054895,true,true,10.000020000021332
unitbox_c_20_20_1_50.jl,6,1.8004784690669076,false,-25.54180157092706,-16.5594183783692,false,true,10.000020000021332
unitbox_c_20_20_1_50.jl,6,1.723908332948752,false,-25.54180157092706,-14.514783362644003,true,true,10.000020000021332
unitbox_c_20_20_1_50.jl,6,2.378454061049206,false,-25.54180157092706,-10.860330296866447,true,true,10.000020000021332
unitbox_c_20_20_1_50.jl,10,2.648959497730166,true,-25.54180157092706,-23.810000000000006,true,false,2.0699999999989864
unitbox_c_20_20_1_50.jl,10,2.648959497730166,true,-25.54180157092706,-23.810000000000006,true,true,6.0599999999946315
unitbox_c_20_20_1_50.jl,10,1.4526320865478746,false,-25.54180157092706,-26.313990337359506,false,true,10.000020000021332
unitbox_c_20_20_1_50.jl,10,1.4172402773569135,false,-25.54180157092706,-26.11408578087597,true,true,10.000020000021332
unitbox_c_20_20_1_50.jl,10,1.424987108928321,false,-25.54180157092706,-26.071280519220487,true,true,10.000020000021332
unitbox_c_20_20_1_50.jl,10,2.2398627692409487,true,-25.54180157092706,-26.340000000000003,true,true,1.1699999999992337
unitbox_c_20_20_1_50.jl,10,2.648959497730166,true,-25.54180157092706,-23.810000000000006,true,true,0.8699999999994887
unitbox_c_20_20_1_50.jl,10,2.2398627692409487,true,-25.54180157092706,-26.340000000000003,true,true,0.8399999999995142
unitbox_c_20_20_1_50.jl,10,1.754836701663229,false,-25.54180157092706,-26.607524677992387,false,true,10.000020000021332
unitbox_c_20_20_1_50.jl,10,1.7747583150829305,false,-25.54180157092706,-26.56517478148112,true,true,10.000020000021332
unitbox_c_20_20_1_50.jl,10,2.2398627692409487,true,-25.54180157092706,-26.340000000000003,true,true,1.499999999998953
unitbox_c_20_20_1_50.jl,10,2.2398627692409487,true,-25.54180157092706,-26.340000000000003,true,true,1.439999999999004
unitbox_c_20_20_1_50.jl,10,1.7469248580900314,false,-25.54180157092706,-26.631015817165352,false,true,10.000020000021332
unitbox_c_20_20_1_50.jl,10,2.2398627692409487,true,-25.54180157092706,-26.340000000000003,true,true,3.1800000000062583
unitbox_c_20_20_1_50.jl,10,1.7472530197983769,false,-25.54180157092706,-26.629887272225915,false,true,10.000020000021332
unitbox_c_20_20_1_50.jl,10,2.648959497730166,true,-25.54180157092706,-23.810000000000006,true,true,0.8399999999995142
unitbox_c_20_20_1_50.jl,10,1.8015826696095079,false,-25.54180157092706,-26.523050650613506,true,true,10.000020000021332
unitbox_c_20_20_1_50.jl,10,1.7478761653386239,false,-25.54180157092706,-26.627792249407253,false,true,10.000020000021332
unitbox_c_20_20_1_50.jl,10,1.4546470804368552,true,-25.54180157092706,-26.3778917159844,false,true,2.7300000000033102
unitbox_c_20_20_1_50.jl,10,1.778849941059263,false,-25.54180157092706,-26.55798461206341,true,true,10.000020000021332
unitbox_c_20_20_1_50.jl,10,2.2398627692409487,true,-25.54180157092706,-26.340000000000003,true,true,1.919999999998596
unitbox_c_20_20_1_50.jl,12,1.7472542788921723,false,-25.54180157092706,-26.62988297678944,false,false,10.000020000021332
unitbox_c_20_20_1_50.jl,12,2.648959497730166,true,-25.54180157092706,-23.810000000000006,true,true,1.859999999998647
unitbox_c_20_20_1_50.jl,12,1.7511074564439524,false,-25.54180157092706,-26.617769940374398,false,true,10.000020000021332
unitbox_c_20_20_1_50.jl,12,1.7688934664069573,false,-25.54180157092706,-26.57617492395699,true,true,10.000020000021332
unitbox_c_20_20_1_50.jl,12,0.21485336139145597,false,-25.54180157092706,-25.517752063413663,true,true,10.000020000021332
unitbox_c_20_20_1_50.jl,12,2.148724675330526,true,-25.54180157092706,-26.33774617653745,true,true,0.6599999999996673
unitbox_c_20_20_1_50.jl,12,0.0699452237311403,false,-25.54180157092706,-25.58168514866355,false,true,10.000020000021332
unitbox_c_20_20_1_50.jl,12,2.2398627692409487,true,-25.54180157092706,-26.340000000000003,true,true,1.6799999999988
unitbox_c_20_20_1_50.jl,12,2.2398627692409487,true,-25.54180157092706,-26.340000000000003,true,true,0.9899999999993867
unitbox_c_20_20_1_50.jl,12,1.7683251701544718,false,-25.54180157092706,-26.577291179151967,true,true,10.000020000021332
unitbox_c_20_20_1_50.jl,12,1.7674379949783816,false,-25.54180157092706,-26.57905364350261,true,true,10.000020000021332
unitbox_c_20_20_1_50.jl,12,1.7574003832964225,false,-25.54180157092706,-26.601084035568892,false,true,10.000020000021332
unitbox_c_20_20_1_50.jl,12,2.2398627692409487,true,-25.54180157092706,-26.340000000000003,true,true,1.6799999999988
unitbox_c_20_20_1_50.jl,12,1.7806736668872292,false,-25.54180157092706,-26.554889456738685,true,true,10.000020000021332
unitbox_c_20_20_1_50.jl,12,0.295745191130872,false,-25.54180157092706,-25.55363019704297,false,true,10.000020000021332
unitbox_c_20_20_1_50.jl,12,2.648959497730166,true,-25.54180157092706,-23.810000000000006,true,true,1.6499999999988255
unitbox_c_20_20_1_50.jl,12,0.29846088131964854,false,-25.54180157092706,-25.5528746997314,false,true,10.000020000021332
unitbox_c_20_20_1_50.jl,12,2.648959497730166,true,-25.54180157092706,-23.810000000000006,true,true,2.03999999999879
unitbox_c_20_20_1_50.jl,12,1.4280201013781106,false,-25.54180157092706,-26.163210773046423,true,true,10.000020000021332
unitbox_c_20_20_1_50.jl,12,0.3843013535437608,false,-25.54180157092706,-25.52961829752313,true,true,10.000020000021332
unitbox_c_20_20_1_50.jl,12,1.7473504455885458,false,-25.54180157092706,-26.62955566605894,false,true,10.000020000021332
unitbox_c_20_20_2_100.jl,6,3.2411196454988964,true,-18.87524671938841,-16.014085710015024,true,false,2.7000000000031137
unitbox_c_20_20_2_100.jl,6,2.58297424738683,false,-18.87524671938841,-5.047760963549797,false,true,10.000020000021332
unitbox_c_20_20_2_100.jl,6,2.859348379041676,false,-18.87524671938841,-7.09736216545443,true,true,10.000020000021332
unitbox_c_20_20_2_100.jl,6,2.9562144171667524,false,-18.87524671938841,4.416389488944477,true,true,6.179999999993641
unitbox_c_20_20_2_100.jl,6,2.8793391860909314,false,-18.87524671938841,-6.906678377743643,true,true,10.000020000021332
unitbox_c_20_20_2_100.jl,6,3.109174159766116,true,-18.87524671938841,-3.679999999999998,true,true,2.2500000000001656
unitbox_c_20_20_2_100.jl,6,2.573947826516916,false,-18.87524671938841,-9.93441868983796,true,true,10.000020000021332
unitbox_c_20_20_2_100.jl,6,2.7296686074949528,true,-18.87524671938841,-14.07,false,true,0.7499999999995908
unitbox_c_20_20_2_100.jl,6,2.9285352097974964,true,-18.87524671938841,-7.4300000000000015,true,true,0.5099999999997948
unitbox_c_20_20_2_100.jl,6,3.2191491533846097,false,-18.87524671938841,0.1991092152281455,true,true,5.579999999998592
unitbox_c_20_20_2_100.jl,6,3.016882542282547,false,-18.87524671938841,0.367759699241335,true,true,2.670000000002917
unitbox_c_20_20_2_100.jl,6,2.7689282978062186,true,-18.87524671938841,-6.97,true,true,0.29999999999997334
unitbox_c_20_20_2_100.jl,6,2.360014848316534,false,-18.87524671938841,-3.7408460840535005,false,true,10.000020000021332
unitbox_c_20_20_2_100.jl,6,2.415259131048534,false,-18.87524671938841,-11.016792189575666,true,true,10.000020000021332
unitbox_c_20_20_2_100.jl,6,2.9374342097404957,true,-18.87524671938841,-5.123950155557955,true,true,2.159999999999576
unitbox_c_20_20_2_100.jl,6,2.484316340533633,false,-18.87524671938841,-8.254821559554063,true,true,10.000020000021332
unitbox_c_20_20_2_100.jl,6,2.359043575976996,false,-18.87524671938841,-7.069424700514953,false,true,10.000020000021332
unitbox_c_20_20_2_100.jl,6,2.6881875302566707,false,-18.87524671938841,-8.013094916669854,true,true,10.000020000021332
unitbox_c_20_20_2_100.jl,6,2.5730474666988807,true,-18.87524671938841,-10.207998921849207,true,true,0.6299999999996928
unitbox_c_20_20_2_100.jl,6,3.1226263816702033,false,-18.87524671938841,-5.338044902707345,true,true,10.000020000021332
unitbox_c_20_20_2_100.jl,6,2.226575422440306,false,-18.87524671938841,-8.903587793913324,true,true,10.000020000021332
unitbox_c_20_20_2_100.jl,10,2.7185710669129604,false,-18.87524671938841,-18.059791269257616,true,false,10.000020000021332
unitbox_c_20_20_2_100.jl,10,0.5243954837789536,false,-18.87524671938841,-19.06309382750399,false,true,10.000020000021332
unitbox_c_20_20_2_100.jl,10,1.8675654940733781,false,-18.87524671938841,-17.840821112283958,false,true,5.939999999995622
unitbox_c_20_20_2_100.jl,10,1.8764010125227728,false,-18.87524671938841,-17.863627091672306,false,true,6.3299999999924035
unitbox_c_20_20_2_100.jl,10,2.1149113806835103,false,-18.87524671938841,-16.966841118568695,true,true,10.000020000021332
unitbox_c_20_20_2_100.jl,10,3.5286103211736646,true,-18.87524671938841,-14.660000000000002,true,true,1.0499999999993357
unitbox_c_20_20_2_100.jl,10,2.689316828073077,true,-18.87524671938841,-16.191165456603873,true,true,2.9100000000044894
unitbox_c_20_20_2_100.jl,10,2.729668607534177,true,-18.87524671938841,-16.089999999999996,true,true,0.8999999999994632
unitbox_c_20_20_2_100.jl,10,2.7296686074296104,true,-18.87524671938841,-18.13,false,true,1.319999999999106
unitbox_c_20_20_2_100.jl,10,3.229815499269584,true,-18.87524671938841,-16.032403331100532,true,true,2.0099999999985934
unitbox_c_20_20_2_100.jl,10,2.139233137009579,true,-18.87524671938841,-17.629999999999995,true,true,1.0799999999993102
unitbox_c_20_20_2_100.jl,10,3.2441429738113747,true,-18.87524671938841,-15.980631879630886,true,true,1.979999999998545
unitbox_c_20_20_2_100.jl,10,3.2521252317010907,true,-18.87524671938841,-16.07000000000001,true,true,2.0699999999989864
unitbox_c_20_20_2_100.jl,10,2.9439707787721185,true,-18.87524671938841,-14.950000000000003,true,true,1.979999999998545
unitbox_c_20_20_2_100.jl,10,1.8590701876792486,false,-18.87524671938841,-17.779674636133194,true,true,8.369999999986524
unitbox_c_20_20_2_100.jl,10,2.7689282997741094,true,-18.87524671938841,-15.850000000000003,true,true,3.3600000000074375
unitbox_c_20_20_2_100.jl,10,1.1340442656976266,false,-18.87524671938841,-18.395209803745484,false,true,10.000020000021332
unitbox_c_20_20_2_100.jl,10,2.1616007608723966,true,-18.87524671938841,-17.549308586857133,true,true,2.0699999999989864
unitbox_c_20_20_2_100.jl,10,2.397678472686402,false,-18.87524671938841,-16.872638438818708,false,true,10.000020000021332
unitbox_c_20_20_2_100.jl,10,3.2248846369948936,true,-18.87524671938841,-16.053437878933323,true,true,0.9599999999994122
unitbox_c_20_20_2_100.jl,10,3.2521252317010907,true,-18.87524671938841,-16.07000000000001,true,true,4.740000000005524
unitbox_c_20_20_2_100.jl,12,2.7525113004810327,true,-18.87524671938841,-16.2,true,false,1.7099999999987745
unitbox_c_20_20_2_100.jl,12,1.4197535325999902,false,-18.87524671938841,-17.959312348858987,true,true,5.7299999999973545
unitbox_c_20_20_2_100.jl,12,3.2244452513782624,true,-18.87524671938841,-16.0977327106874,true,true,2.7300000000033102
unitbox_c_20_20_2_100.jl,12,0.13952751603072783,false,-18.87524671938841,-18.537935805874614,true,true,10.000020000021332
unitbox_c_20_20_2_100.jl,12,0.023388439451888565,false,-18.87524671938841,-18.86074932186375,true,true,10.000020000021332
unitbox_c_20_20_2_100.jl,12,0.09430008764969992,false,-18.87524671938841,-18.652331127794028,true,true,10.000020000021332
unitbox_c_20_20_2_100.jl,12,1.8604825333210768,false,-18.87524671938841,-17.79785936641719,true,true,6.269999999992899
unitbox_c_20_20_2_100.jl,12,0.13052956775030375,false,-18.87524671938841,-18.54749370479289,true,true,10.000020000021332
unitbox_c_20_20_2_100.jl,12,0.09866946276967899,false,-18.87524671938841,-19.06553908105714,false,true,10.000020000021332
unitbox_c_20_20_2_100.jl,12,3.5286103211736646,true,-18.87524671938841,-14.660000000000002,true,true,3.3600000000074375
unitbox_c_20_20_2_100.jl,12,1.8597794139928872,false,-18.87524671938841,-17.789829373830234,true,true,6.029999999994879
unitbox_c_20_20_2_100.jl,12,2.190644078844083,false,-18.87524671938841,-17.15230326392851,true,true,10.000020000021332
unitbox_c_20_20_2_100.jl,12,2.861451178661757,false,-18.87524671938841,-12.823860016385833,false,true,10.000020000021332
unitbox_c_20_20_2_100.jl,12,2.7296686074296104,false,-18.87524671938841,-18.13,false,true,2.4000000000011483
unitbox_c_20_20_2_100.jl,12,2.9070805024227817,true,-18.87524671938841,-15.560558573919213,true,true,0.8399999999995142
unitbox_c_20_20_2_100.jl,12,2.7296659008289406,false,-18.87524671938841,-18.129936116843766,false,true,10.000020000021332
unitbox_c_20_20_2_100.jl,12,2.7262653341315777,false,-18.87524671938841,-18.087660697253398,false,true,10.000020000021332
unitbox_c_20_20_2_100.jl,12,2.723025232378353,false,-18.87524671938841,-17.964271363339176,true,true,10.000020000021332
unitbox_c_20_20_2_100.jl,12,2.111211560948704,false,-18.87524671938841,-17.017822249427955,false,true,10.000020000021332
unitbox_c_20_20_2_100.jl,12,2.1149263550128676,false,-18.87524671938841,-16.966676191310793,true,true,10.000020000021332
unitbox_c_20_20_2_100.jl,12,0.14355202046913318,false,-18.87524671938841,-18.539517020413857,true,true,10.000020000021332
unitbox_c_20_20_2_25.jl,6,2.516067240357595,true,-7.220000227323183,-4.589668044553973,true,false,1.4099999999990296
unitbox_c_20_20_2_25.jl,6,2.4494897597958847,true,-7.220000227323183,-0.38999041486066566,true,true,2.880000000004293
unitbox_c_20_20_2_25.jl,6,3.167508974315079,false,-7.220000227323183,-4.986243866451947,false,true,10.000020000021332
unitbox_c_20_20_2_25.jl,6,3.284067423527764,false,-7.220000227323183,1.664334406806414,true,true,10.000020000021332
unitbox_c_20_20_2_25.jl,6,2.937329693588675,false,-7.220000227323183,-1.981354091780824,true,true,10.000020000021332
unitbox_c_20_20_2_25.jl,6,3.310093461542583,false,-7.220000227323183,-6.436361264499182,false,true,10.000020000021332
unitbox_c_20_20_2_25.jl,6,2.9916238857816966,false,-7.220000227323183,1.698876845331105,false,true,10.000020000021332
unitbox_c_20_20_2_25.jl,6,3.3376431759409884,false,-7.220000227323183,-3.901983212720086,true,true,10.000020000021332
unitbox_c_20_20_2_25.jl,6,3.000000017667841,true,-7.220000227323183,-2.1100000000000003,true,true,4.560000000007009
unitbox_c_20_20_2_25.jl,6,2.208981024590423,false,-7.220000227323183,-6.198274654437291,true,true,10.000020000021332
unitbox_c_20_20_2_25.jl,6,2.8683068826697578,false,-7.220000227323183,-0.996826752448043,false,true,10.000020000021332
unitbox_c_20_20_2_25.jl,6,2.6457513245007136,true,-7.220000227323183,-0.5400000000000009,true,true,2.280000000000362
unitbox_c_20_20_2_25.jl,6,2.8284271423830605,true,-7.220000227323183,-2.0300000000000002,true,true,1.1699999999992337
unitbox_c_20_20_2_25.jl,6,2.6457513308112532,true,-7.220000227323183,7.119999999999999,true,true,1.439999999999004
unitbox_c_20_20_2_25.jl,6,3.3166717240066617,false,-7.220000227323183,-1.4726004034507465,false,true,10.000020000021332
unitbox_c_20_20_2_25.jl,6,2.645751327138584,true,-7.220000227323183,-3.08,true,true,6.029999999994879
unitbox_c_20_20_2_25.jl,6,3.464101633031609,true,-7.220000227323183,1.3,true,true,8.999999999999977
unitbox_c_20_20_2_25.jl,6,3.31662480496485,true,-7.220000227323183,-1.2700000000000007,false,true,0.8099999999995398
unitbox_c_20_20_2_25.jl,6,3.162277681243152,true,-7.220000227323183,-3.97,true,true,6.149999999993889
unitbox_c_20_20_2_25.jl,6,2.4008978201203366,true,-7.220000227323183,-4.472320257815686,true,true,10.000020000021332
unitbox_c_20_20_2_25.jl,6,3.153398412270622,false,-7.220000227323183,0.39986598289470376,true,true,10.000020000021332
unitbox_c_20_20_2_25.jl,10,2.001312139191202,false,-7.220000227323183,-8.047249297290147,false,false,10.000020000021332
unitbox_c_20_20_2_25.jl,10,2.97029674665524,false,-7.220000227323183,-9.468369320533808,false,true,10.000020000021332
unitbox_c_20_20_2_25.jl,10,3.3621900071597944e-8,true,-7.220000227323183,-7.220000000000001,true,true,5.519999999999087
unitbox_c_20_20_2_25.jl,10,3.3621900071597944e-8,true,-7.220000227323183,-7.220000000000001,true,true,2.670000000002917
unitbox_c_20_20_2_25.jl,10,2.001044493847098,false,-7.220000227323183,-8.05135484787664,false,true,10.000020000021332
unitbox_c_20_20_2_25.jl,10,2.5047575750237083,false,-7.220000227323183,-6.762202039539926,true,true,10.000020000021332
unitbox_c_20_20_2_25.jl,10,2.645751317976997,true,-7.220000227323183,-9.879999999999997,true,true,5.370000000000325
unitbox_c_20_20_2_25.jl,10,2.645751317976997,true,-7.220000227323183,-9.879999999999997,true,true,7.439999999983244
unitbox_c_20_20_2_25.jl,10,2.6457513174307086,true,-7.220000227323183,-8.86,true,true,4.770000000005276
unitbox_c_20_20_2_25.jl,10,2.6457513174307086,true,-7.220000227323183,-8.86,true,true,2.6400000000027206
unitbox_c_20_20_2_25.jl,10,2.5228984951974462,false,-7.220000227323183,-6.717708601116879,true,true,10.000020000021332
unitbox_c_20_20_2_25.jl,10,1.7320508210672843,true,-7.220000227323183,-6.55,true,true,4.710000000005771
unitbox_c_20_20_2_25.jl,10,2.645751317976997,true,-7.220000227323183,-9.879999999999997,true,true,8.069999999980118
unitbox_c_20_20_2_25.jl,10,1.9107871088040513,false,-7.220000227323183,-7.926029352962066,true,true,10.000020000021332
unitbox_c_20_20_2_25.jl,10,1.8877537213786642,false,-7.220000227323183,-6.665239094375172,false,true,10.000020000021332
unitbox_c_20_20_2_25.jl,10,2.645751327514336,true,-7.220000227323183,-8.07,false,true,3.5700000000088132
unitbox_c_20_20_2_25.jl,10,2.5902949065384995,false,-7.220000227323183,-8.852119700536582,true,true,2.3100000000005587
unitbox_c_20_20_2_25.jl,10,1.99999999933277,false,-7.220000227323183,-8.09,false,true,10.000020000021332
unitbox_c_20_20_2_25.jl,10,2.0030994378055036,false,-7.220000227323183,-6.662227765611525,true,true,10.000020000021332
unitbox_c_20_20_2_25.jl,10,2.645751317976997,true,-7.220000227323183,-9.879999999999997,true,true,5.370000000000325
unitbox_c_20_20_2_25.jl,10,2.000183962908432,false,-7.220000227323183,-8.073994920897817,false,true,10.000020000021332
unitbox_c_20_20_2_25.jl,12,2.00054294159212,false,-7.220000227323183,-8.062502814065628,false,false,10.000020000021332
unitbox_c_20_20_2_25.jl,12,2.3981050744530474,false,-7.220000227323183,-7.9215348432341015,true,true,10.000020000021332
unitbox_c_20_20_2_25.jl,12,2.682893154943215,false,-7.220000227323183,-7.258547104987092,true,true,10.000020000021332
unitbox_c_20_20_2_25.jl,12,2.4666110215708588,false,-7.220000227323183,-6.890433737869002,false,true,10.000020000021332
unitbox_c_20_20_2_25.jl,12,2.645751317976997,true,-7.220000227323183,-9.879999999999997,true,true,4.470000000007752
unitbox_c_20_20_2_25.jl,12,1.7596687015516221,true,-7.220000227323183,-6.543789238625155,true,true,10.000020000021332
unitbox_c_20_20_2_25.jl,12,2.645751317976997,true,-7.220000227323183,-9.879999999999997,true,true,5.759999999997107
unitbox_c_20_20_2_25.jl,12,2.645751317976997,true,-7.220000227323183,-9.879999999999997,true,true,1.7699999999987235
unitbox_c_20_20_2_25.jl,12,2.5411465469766843,false,-7.220000227323183,-6.678017093453489,true,true,10.000020000021332
unitbox_c_20_20_2_25.jl,12,2.645751317976997,true,-7.220000227323183,-9.879999999999997,true,true,2.0699999999989864
unitbox_c_20_20_2_25.jl,12,2.019049672699509,false,-7.220000227323183,-7.926748396234634,true,true,10.000020000021332
unitbox_c_20_20_2_25.jl,12,2.678574468244056,false,-7.220000227323183,-6.642135098861567,false,true,10.000020000021332
unitbox_c_20_20_2_25.jl,12,2.0002166448630416,false,-7.220000227323183,-8.072631250500793,false,true,10.000020000021332
unitbox_c_20_20_2_25.jl,12,2.645751317976997,true,-7.220000227323183,-9.879999999999997,true,true,6.719999999989185
unitbox_c_20_20_2_25.jl,12,2.645751317976997,true,-7.220000227323183,-9.879999999999997,true,true,3.3000000000070444
unitbox_c_20_20_2_25.jl,12,2.0000000100710045,true,-7.220000227323183,-9.25,true,true,3.660000000009403
unitbox_c_20_20_2_25.jl,12,2.0000000100710045,true,-7.220000227323183,-9.25,true,true,5.609999999998345
unitbox_c_20_20_2_25.jl,12,3.3621900071597944e-8,true,-7.220000227323183,-7.220000000000001,true,true,4.470000000007752
unitbox_c_20_20_2_25.jl,12,1.9302325649185723,false,-7.220000227323183,-6.676286859093931,true,true,6.179999999993641
unitbox_c_20_20_2_25.jl,12,1.9275318341036167,true,-7.220000227323183,-6.533083984820946,true,true,1.739999999998749
unitbox_c_20_20_2_25.jl,12,2.001767447667286,false,-7.220000227323183,-8.040380627258115,false,true,10.000020000021332
unitbox_c_20_20_2_50.jl,6,1.7823926898893756,true,-16.50000053357963,-16.466365269972115,true,false,2.490000000001738
unitbox_c_20_20_2_50.jl,6,3.0000000254122314,true,-16.50000053357963,-0.14000000000000168,true,true,0.5999999999997183
unitbox_c_20_20_2_50.jl,6,3.6055513069761886,true,-16.50000053357963,-3.45,true,true,7.7399999999807685
unitbox_c_20_20_2_50.jl,6,2.645751332403874,true,-16.50000053357963,-8.65,true,true,1.0199999999993612
unitbox_c_20_20_2_50.jl,6,3.3166248187386476,true,-16.50000053357963,-5.850000000000001,true,true,3.060000000005472
unitbox_c_20_20_2_50.jl,6,2.645751332852353,true,-16.50000053357963,-5.45,true,true,0.7799999999995653
unitbox_c_20_20_2_50.jl,6,3.0000000251083705,true,-16.50000053357963,-4.610000000000003,true,true,2.219999999999969
unitbox_c_20_20_2_50.jl,6,3.0000000252700185,true,-16.50000053357963,-8.549999999999999,true,true,4.230000000009732
unitbox_c_20_20_2_50.jl,6,3.605551307012037,true,-16.50000053357963,-0.3200000000000003,true,true,2.7000000000031137
unitbox_c_20_20_2_50.jl,6,3.000000025413803,true,-16.50000053357963,-5.550000000000001,true,true,1.4099999999990296
unitbox_c_20_20_2_50.jl,6,2.6746589919894452,false,-16.50000053357963,-2.7805560136154845,true,true,10.000020000021332
unitbox_c_20_20_2_50.jl,6,2.4494897627249554,true,-16.50000053357963,-6.61,true,true,0.7499999999995908
unitbox_c_20_20_2_50.jl,6,2.2360679958079395,true,-16.50000053357963,-8.790000000000001,true,true,2.880000000004293
unitbox_c_20_20_2_50.jl,6,3.392939264383833,false,-16.50000053357963,-3.0543342325262834,true,true,10.000020000021332
unitbox_c_20_20_2_50.jl,6,2.8312912102408676,false,-16.50000053357963,-6.689035703111778,true,true,10.000020000021332
unitbox_c_20_20_2_50.jl,6,2.00000001581496,true,-16.50000053357963,-14.319999999999997,true,true,4.410000000008247
unitbox_c_20_20_2_50.jl,6,3.316624818872859,true,-16.50000053357963,-6.0,true,true,1.2899999999991316
unitbox_c_20_20_2_50.jl,6,2.714217384684298,false,-16.50000053357963,-6.187114586636935,true,true,10.000020000021332
unitbox_c_20_20_2_50.jl,6,3.3166248178301867,true,-16.50000053357963,-5.5600000000000005,true,true,1.5899999999988765
unitbox_c_20_20_2_50.jl,6,3.6842775749503645,true,-16.50000053357963,1.213910730078282,true,true,0.8099999999995398
unitbox_c_20_20_2_50.jl,6,3.147782591363142,false,-16.50000053357963,-1.0011909274641595,true,true,10.000020000021332
unitbox_c_20_20_2_50.jl,10,1.9936126420377835,true,-16.50000053357963,-15.799229795677235,true,false,1.3499999999990806
unitbox_c_20_20_2_50.jl,10,1.7320508197274593,true,-16.50000053357963,-17.03,true,true,0.9299999999994377
unitbox_c_20_20_2_50.jl,10,1.7320508197274593,true,-16.50000053357963,-17.03,true,true,4.440000000007999
unitbox_c_20_20_2_50.jl,10,3.881328293191794e-8,true,-16.50000053357963,-16.5,true,true,7.709999999981016
unitbox_c_20_20_2_50.jl,10,0.051297911231095075,true,-16.50000053357963,-16.474351046848685,true,true,10.000020000021332
unitbox_c_20_20_2_50.jl,10,3.881328293191794e-8,true,-16.50000053357963,-16.5,true,true,5.579999999998592
unitbox_c_20_20_2_50.jl,10,3.881328293191794e-8,true,-16.50000053357963,-16.5,true,true,3.120000000005865
unitbox_c_20_20_2_50.jl,10,3.881328293191794e-8,true,-16.50000053357963,-16.5,true,true,4.170000000010227
unitbox_c_20_20_2_50.jl,10,2.6457513334139917,true,-16.50000053357963,-11.479999999999997,true,true,2.219999999999969
unitbox_c_20_20_2_50.jl,10,1.9939881607458643,true,-16.50000053357963,-15.799275284927596,true,true,2.880000000004293
unitbox_c_20_20_2_50.jl,10,1.7320508197274593,true,-16.50000053357963,-17.03,true,true,7.409999999983492
unitbox_c_20_20_2_50.jl,10,2.0000000155683093,true,-16.50000053357963,-15.799999999999997,true,true,4.9200000000040385
unitbox_c_20_20_2_50.jl,10,2.2360679948628106,true,-16.50000053357963,-16.3,true,true,4.140000000010475
unitbox_c_20_20_2_50.jl,10,3.881328293191794e-8,true,-16.50000053357963,-16.5,true,true,2.550000000002131
unitbox_c_20_20_2_50.jl,10,1.7320508197274593,true,-16.50000053357963,-17.03,true,true,5.939999999995622
unitbox_c_20_20_2_50.jl,10,1.7320508197274593,true,-16.50000053357963,-17.03,true,true,1.2899999999991316
unitbox_c_20_20_2_50.jl,10,2.236067995534016,true,-16.50000053357963,-14.609999999999996,true,true,3.720000000009796
unitbox_c_20_20_2_50.jl,10,1.7320508197274593,true,-16.50000053357963,-17.03,true,true,8.459999999988446
unitbox_c_20_20_2_50.jl,10,3.881328293191794e-8,true,-16.50000053357963,-16.5,true,true,6.959999999987205
unitbox_c_20_20_2_50.jl,10,2.645751332703422,true,-16.50000053357963,-16.419999999999998,true,true,3.270000000006848
unitbox_c_20_20_2_50.jl,10,3.161452842881344,true,-16.50000053357963,-7.280261146036976,true,true,10.000020000021332
unitbox_c_20_20_2_50.jl,12,1.7320508197274593,true,-16.50000053357963,-17.03,true,false,6.359999999992156
unitbox_c_20_20_2_50.jl,12,1.7320508197274593,true,-16.50000053357963,-17.03,true,true,1.499999999998953
unitbox_c_20_20_2_50.jl,12,1.7320508197274593,true,-16.50000053357963,-17.03,true,true,0.8099999999995398
unitbox_c_20_20_2_50.jl,12,2.645751332703422,true,-16.50000053357963,-16.419999999999998,true,true,5.100000000002553
unitbox_c_20_20_2_50.jl,12,2.2224454023503197,true,-16.50000053357963,-14.610308439308728,true,true,3.060000000005472
unitbox_c_20_20_2_50.jl,12,2.0000000155683093,true,-16.50000053357963,-15.799999999999997,true,true,0.7799999999995653
unitbox_c_20_20_2_50.jl,12,3.881328293191794e-8,true,-16.50000053357963,-16.5,true,true,2.430000000001345
unitbox_c_20_20_2_50.jl,12,1.7320508197274593,true,-16.50000053357963,-17.03,true,true,2.5800000000023275
unitbox_c_20_20_2_50.jl,12,1.7320508197274593,true,-16.50000053357963,-17.03,true,true,4.110000000010722
unitbox_c_20_20_2_50.jl,12,1.9941748658217204,true,-16.50000053357963,-15.799297892038705,true,true,1.0799999999993102
unitbox_c_20_20_2_50.jl,12,1.7320508197274593,true,-16.50000053357963,-17.03,true,true,3.4800000000082236
unitbox_c_20_20_2_50.jl,12,1.7320508197274593,true,-16.50000053357963,-17.03,true,true,2.7300000000033102
unitbox_c_20_20_2_50.jl,12,2.0000000155683093,true,-16.50000053357963,-15.799999999999997,true,true,0.6899999999996418
unitbox_c_20_20_2_50.jl,12,1.7320508197274593,true,-16.50000053357963,-17.03,true,true,1.8299999999986725
unitbox_c_20_20_2_50.jl,12,3.881328293191794e-8,true,-16.50000053357963,-16.5,true,true,2.280000000000362
unitbox_c_20_20_2_50.jl,12,2.645751332703422,true,-16.50000053357963,-16.419999999999998,true,true,7.229999999984977
unitbox_c_20_20_2_50.jl,12,1.7320508197274593,true,-16.50000053357963,-17.03,true,true,1.7699999999987235
unitbox_c_20_20_2_50.jl,12,1.7320508197274593,true,-16.50000053357963,-17.03,true,true,5.54999999999884
unitbox_c_20_20_2_50.jl,12,1.7320508197274593,true,-16.50000053357963,-17.03,true,true,2.7300000000033102
unitbox_c_20_20_2_50.jl,12,3.881328293191794e-8,true,-16.50000053357963,-16.5,true,true,3.2400000000066513
unitbox_c_20_20_2_50.jl,12,3.881328293191794e-8,true,-16.50000053357963,-16.5,true,true,2.0099999999985934
unitbox_c_20_20_3_100.jl,6,2.236338905206289,true,-26.100000811830604,-22.214577145139963,true,false,2.430000000001345
unitbox_c_20_20_3_100.jl,6,3.464089642053387,true,-26.100000811830604,-11.13,true,true,0.4199999999998713
unitbox_c_20_20_3_100.jl,6,2.3704070959471166,true,-26.100000811830604,-10.249445989029267,true,true,3.9900000000115647
unitbox_c_20_20_3_100.jl,6,2.5267346190999804,true,-26.100000811830604,-15.888350508580528,true,true,1.9499999999985704
unitbox_c_20_20_3_100.jl,6,2.0393439950164067,false,-26.100000811830604,-16.105372989528043,true,true,10.000020000021332
unitbox_c_20_20_3_100.jl,6,2.510099146080105,false,-26.100000811830604,-15.75537060514357,true,true,10.000020000021332
unitbox_c_20_20_3_100.jl,6,2.2360679994738772,true,-26.100000811830604,-11.029999999999998,true,true,0.8699999999994887
unitbox_c_20_20_3_100.jl,6,1.0196504799346606,false,-26.100000811830604,-23.80934516935719,true,true,10.000020000021332
unitbox_c_20_20_3_100.jl,6,2.6005217737239232,true,-26.100000811830604,-14.751206445970828,true,true,2.4000000000011483
unitbox_c_20_20_3_100.jl,6,3.3193040014465103,true,-26.100000811830604,-4.561761556800928,true,true,1.0499999999993357
unitbox_c_20_20_3_100.jl,6,2.4511492173995255,true,-26.100000811830604,-16.96328619404308,true,true,4.950000000003791
unitbox_c_20_20_3_100.jl,6,2.2670971383883347,false,-26.100000811830604,-12.358084952210744,true,true,10.000020000021332
unitbox_c_20_20_3_100.jl,6,2.7088551878119334,false,-26.100000811830604,-11.892864129686679,false,true,10.000020000021332
unitbox_c_20_20_3_100.jl,6,2.6492876329512565,true,-26.100000811830604,-11.26277232509567,true,true,10.000020000021332
unitbox_c_20_20_3_100.jl,6,1.9893173309318661,false,-26.100000811830604,-21.197309346464877,true,true,10.000020000021332
unitbox_c_20_20_3_100.jl,6,1.7320508249999305,true,-26.100000811830604,-15.090000000000002,false,true,1.559999999998902
unitbox_c_20_20_3_100.jl,6,2.87019226016414,false,-26.100000811830604,-14.218197640487736,true,true,10.000020000021332
unitbox_c_20_20_3_100.jl,6,2.243759890491507,true,-26.100000811830604,-10.93743644646774,true,true,2.6400000000027206
unitbox_c_20_20_3_100.jl,6,2.318313151729412,false,-26.100000811830604,-12.739897267997717,true,true,10.000020000021332
unitbox_c_20_20_3_100.jl,6,2.873856921219149,false,-26.100000811830604,-13.643669193875299,true,true,8.339999999985883
unitbox_c_20_20_3_100.jl,6,3.1884127296364015,false,-26.100000811830604,-11.444331755468323,true,true,10.000020000021332
unitbox_c_20_20_3_100.jl,10,0.03606896221134094,true,-26.100000811830604,-26.098722107892087,true,false,1.7099999999987745
unitbox_c_20_20_3_100.jl,10,2.4495475741748387,true,-26.100000811830604,-22.262727222071614,true,true,1.1399999999992592
unitbox_c_20_20_3_100.jl,10,3.2886230450843734,false,-26.100000811830604,-16.91222239715829,true,true,10.000020000021332
unitbox_c_20_20_3_100.jl,10,4.15838972133734e-5,true,-26.100000811830604,-26.09999999999999,true,true,2.159999999999576
unitbox_c_20_20_3_100.jl,10,2.999986164960542,true,-26.100000811830604,-19.29,true,true,0.6299999999996928
unitbox_c_20_20_3_100.jl,10,2.4494897669796365,true,-26.100000811830604,-22.370000000000005,true,true,2.4000000000011483
unitbox_c_20_20_3_100.jl,10,2.4494727863182875,true,-26.100000811830604,-22.27,true,true,2.219999999999969
unitbox_c_20_20_3_100.jl,10,2.4494727863182875,true,-26.100000811830604,-22.27,true,true,0.6299999999996928
unitbox_c_20_20_3_100.jl,10,2.0000000198729126,true,-26.100000811830604,-21.28,true,true,1.439999999999004
unitbox_c_20_20_3_100.jl,10,4.15838972133734e-5,true,-26.100000811830604,-26.09999999999999,true,true,2.1899999999997726
unitbox_c_20_20_3_100.jl,10,2.4494727863182875,true,-26.100000811830604,-22.27,true,true,3.1800000000062583
unitbox_c_20_20_3_100.jl,10,0.0723265496529317,true,-26.100000811830604,-26.094867596184624,true,true,5.1900000000018105
unitbox_c_20_20_3_100.jl,10,2.5254321860511246,true,-26.100000811830604,-21.631016558612835,true,true,1.439999999999004
unitbox_c_20_20_3_100.jl,10,0.22784907843253654,true,-26.100000811830604,-26.049104529112167,true,true,3.8700000000107786
unitbox_c_20_20_3_100.jl,10,2.4494727863182875,true,-26.100000811830604,-22.27,true,true,0.7799999999995653
unitbox_c_20_20_3_100.jl,10,4.15838972133734e-5,true,-26.100000811830604,-26.09999999999999,true,true,5.370000000000325
unitbox_c_20_20_3_100.jl,10,0.2702894515623196,true,-26.100000811830604,-26.02838270865357,true,true,1.499999999998953
unitbox_c_20_20_3_100.jl,10,4.15838972133734e-5,true,-26.100000811830604,-26.09999999999999,true,true,3.1500000000060617
unitbox_c_20_20_3_100.jl,10,0.13146917546100992,true,-26.100000811830604,-26.083050821775178,true,true,1.9499999999985704
unitbox_c_20_20_3_100.jl,10,2.1453383084925304,true,-26.100000811830604,-21.812218012804724,true,true,2.7300000000033102
unitbox_c_20_20_3_100.jl,10,0.08505718229303359,true,-26.100000811830604,-26.092903035996663,true,true,1.8899999999986214
unitbox_c_20_20_3_100.jl,12,0.03629250391179214,true,-26.100000811830604,-26.098706237383364,true,false,3.120000000005865
unitbox_c_20_20_3_100.jl,12,2.4494727863182875,true,-26.100000811830604,-22.27,true,true,1.4099999999990296
unitbox_c_20_20_3_100.jl,12,2.2573600068014614,true,-26.100000811830604,-22.359256731791604,true,true,3.3000000000070444
unitbox_c_20_20_3_100.jl,12,2.3762587705433003,true,-26.100000811830604,-22.510322650720592,true,true,2.6400000000027206
unitbox_c_20_20_3_100.jl,12,0.1263179341826058,true,-26.100000811830604,-26.084352606752205,true,true,4.230000000009732
unitbox_c_20_20_3_100.jl,12,1.4142135766576616,true,-26.100000811830604,-23.37999999999999,true,true,3.6000000000090098
unitbox_c_20_20_3_100.jl,12,0.02810158761151096,true,-26.100000811830604,-26.099223802660678,true,true,3.7500000000099925
unitbox_c_20_20_3_100.jl,12,0.03172958467016218,true,-26.100000811830604,-26.099010780992266,true,true,7.619999999981759
unitbox_c_20_20_3_100.jl,12,0.005573219873566226,true,-26.100000811830604,-26.09996910449928,true,true,3.1500000000060617
unitbox_c_20_20_3_100.jl,12,4.15838972133734e-5,true,-26.100000811830604,-26.09999999999999,true,true,6.149999999993889
unitbox_c_20_20_3_100.jl,12,0.00024418629251255186,true,-26.100000811830604,-26.0999999199687,true,true,8.21999999998332
unitbox_c_20_20_3_100.jl,12,2.8284124470055243,true,-26.100000811830604,-19.610000000000003,true,true,2.219999999999969
unitbox_c_20_20_3_100.jl,12,0.07178864252556379,true,-26.100000811830604,-26.09494361020368,true,true,4.260000000009485
unitbox_c_20_20_3_100.jl,12,0.02367092451513825,true,-26.100000811830604,-26.099448962606907,true,true,1.2899999999991316
unitbox_c_20_20_3_100.jl,12,0.02815252314481017,true,-26.100000811830604,-26.09922099048274,true,true,3.3000000000070444
unitbox_c_20_20_3_100.jl,12,0.018521353338842233,true,-26.100000811830604,-26.099662309014732,true,true,0.5399999999997693
unitbox_c_20_20_3_100.jl,12,2.5625866902322816,true,-26.100000811830604,-21.64618282500871,true,true,1.8899999999986214
unitbox_c_20_20_3_100.jl,12,0.05095854554711011,true,-26.100000811830604,-26.0974510070629,true,true,4.950000000003791
unitbox_c_20_20_3_100.jl,12,4.15838972133734e-5,true,-26.100000811830604,-26.09999999999999,true,true,1.5299999999989276
unitbox_c_20_20_3_100.jl,12,0.08602163713275678,true,-26.100000811830604,-26.09274125954989,true,true,5.54999999999884
unitbox_c_20_20_3_100.jl,12,0.0008477912044030468,true,-26.100000811830604,-26.099999224831723,true,true,4.110000000010722
unitbox_c_20_20_3_25.jl,6,1.3151841615662938,false,-22.120000444757924,-22.004199740218297,true,false,3.450000000008027
unitbox_c_20_20_3_25.jl,6,1.846694666685175,false,-22.120000444757924,-15.060498223611479,false,true,10.000020000021332
unitbox_c_20_20_3_25.jl,6,2.42471564558415,false,-22.120000444757924,-14.520547995346545,true,true,10.000020000021332
unitbox_c_20_20_3_25.jl,6,2.236067972681266,true,-22.120000444757924,-19.409999999999997,false,true,0.6299999999996928
unitbox_c_20_20_3_25.jl,6,2.49339555245098,false,-22.120000444757924,-12.765129298658385,false,true,10.000020000021332
unitbox_c_20_20_3_25.jl,6,2.6626050291049785,true,-22.120000444757924,-16.0361151463399,true,true,1.559999999998902
unitbox_c_20_20_3_25.jl,6,2.281297994641263,false,-22.120000444757924,-14.89874356614303,true,true,10.000020000021332
unitbox_c_20_20_3_25.jl,6,2.254039489278872,false,-22.120000444757924,-16.490482525562385,false,true,10.000020000021332
unitbox_c_20_20_3_25.jl,6,2.8284271473838785,true,-22.120000444757924,-9.980000000000002,true,true,6.959999999987205
unitbox_c_20_20_3_25.jl,6,1.0000000087191883,true,-22.120000444757924,-20.139999999999997,true,true,3.450000000008027
unitbox_c_20_20_3_25.jl,6,2.0542421331151908,false,-22.120000444757924,-16.926524947271474,false,true,10.000020000021332
unitbox_c_20_20_3_25.jl,6,2.333046358564833,false,-22.120000444757924,-13.282019200030026,true,true,10.000020000021332
unitbox_c_20_20_3_25.jl,6,2.227000717350975,false,-22.120000444757924,-13.065423226659593,true,true,10.000020000021332
unitbox_c_20_20_3_25.jl,6,2.033145213853054,false,-22.120000444757924,-18.503950267529877,false,true,10.000020000021332
unitbox_c_20_20_3_25.jl,6,2.6724085209252446,false,-22.120000444757924,-13.749593250418428,true,true,10.000020000021332
unitbox_c_20_20_3_25.jl,6,2.407872191854077,false,-22.120000444757924,-19.79517217690589,false,true,10.000020000021332
unitbox_c_20_20_3_25.jl,6,2.9161720216008034,false,-22.120000444757924,-7.914424639159683,false,true,10.000020000021332
unitbox_c_20_20_3_25.jl,6,1.7320508214983719,true,-22.120000444757924,-18.509999999999994,true,true,0.6299999999996928
unitbox_c_20_20_3_25.jl,6,2.5587770258611475,false,-22.120000444757924,-14.307023819205735,false,true,10.000020000021332
unitbox_c_20_20_3_25.jl,6,2.2057909077511697,false,-22.120000444757924,-19.90222614768481,true,true,10.000020000021332
unitbox_c_20_20_3_25.jl,6,2.8284271317371807,true,-22.120000444757924,-12.419999999999998,true,true,1.2299999999991826
unitbox_c_20_20_3_25.jl,10,1.9999999922707912,true,-22.120000444757924,-20.589999999999996,true,false,3.720000000009796
unitbox_c_20_20_3_25.jl,10,1.7320507925640363,true,-22.120000444757924,-23.43,true,true,2.0099999999985934
unitbox_c_20_20_3_25.jl,10,0.9999999601760143,true,-22.120000444757924,-22.069999999999997,true,true,2.670000000002917
unitbox_c_20_20_3_25.jl,10,1.756045536668641,false,-22.120000444757924,-23.320065024220586,true,true,10.000020000021332
unitbox_c_20_20_3_25.jl,10,0.9999999601760143,true,-22.120000444757924,-22.069999999999997,true,true,3.5700000000088132
unitbox_c_20_20_3_25.jl,10,5.437374947387486e-8,true,-22.120000444757924,-22.119999999999994,true,true,2.7300000000033102
unitbox_c_20_20_3_25.jl,10,5.437374947387486e-8,true,-22.120000444757924,-22.119999999999994,true,true,2.7000000000031137
unitbox_c_20_20_3_25.jl,10,1.7320507925640363,true,-22.120000444757924,-23.43,true,true,7.349999999983987
unitbox_c_20_20_3_25.jl,10,5.437374947387486e-8,true,-22.120000444757924,-22.119999999999994,true,true,3.3000000000070444
unitbox_c_20_20_3_25.jl,10,1.7320507925640363,true,-22.120000444757924,-23.43,true,true,5.639999999998097
unitbox_c_20_20_3_25.jl,10,1.7323178301450535,false,-22.120000444757924,-23.418442024709858,true,true,10.000020000021332
unitbox_c_20_20_3_25.jl,10,5.437374947387486e-8,true,-22.120000444757924,-22.119999999999994,true,true,3.3000000000070444
unitbox_c_20_20_3_25.jl,10,5.437374947387486e-8,true,-22.120000444757924,-22.119999999999994,true,true,1.9499999999985704
unitbox_c_20_20_3_25.jl,10,0.9999999601760143,true,-22.120000444757924,-22.069999999999997,true,true,3.9300000000111717
unitbox_c_20_20_3_25.jl,10,5.437374947387486e-8,true,-22.120000444757924,-22.119999999999994,true,true,2.5200000000019345
unitbox_c_20_20_3_25.jl,10,1.7320507925640363,true,-22.120000444757924,-23.43,true,true,4.470000000007752
unitbox_c_20_20_3_25.jl,10,1.7320507925640363,true,-22.120000444757924,-23.43,true,true,1.2299999999991826
unitbox_c_20_20_3_25.jl,10,5.437374947387486e-8,true,-22.120000444757924,-22.119999999999994,true,true,2.159999999999576
unitbox_c_20_20_3_25.jl,10,5.437374947387486e-8,true,-22.120000444757924,-22.119999999999994,true,true,5.639999999998097
unitbox_c_20_20_3_25.jl,10,5.437374947387486e-8,true,-22.120000444757924,-22.119999999999994,true,true,1.5899999999988765
unitbox_c_20_20_3_25.jl,10,5.437374947387486e-8,true,-22.120000444757924,-22.119999999999994,true,true,1.7699999999987235
unitbox_c_20_20_3_25.jl,12,5.437374947387486e-8,true,-22.120000444757924,-22.119999999999994,true,false,1.2899999999991316
unitbox_c_20_20_3_25.jl,12,0.21209790311583673,true,-22.120000444757924,-22.109395102853004,true,true,2.490000000001738
unitbox_c_20_20_3_25.jl,12,1.7320507925640363,true,-22.120000444757924,-23.43,true,true,2.430000000001345
unitbox_c_20_20_3_25.jl,12,5.437374947387486e-8,true,-22.120000444757924,-22.119999999999994,true,true,1.8899999999986214
unitbox_c_20_20_3_25.jl,12,1.7320507925640363,true,-22.120000444757924,-23.43,true,true,2.4600000000015414
unitbox_c_20_20_3_25.jl,12,1.7320507925640363,true,-22.120000444757924,-23.43,true,true,4.380000000008494
unitbox_c_20_20_3_25.jl,12,1.7320507925640363,true,-22.120000444757924,-23.43,true,true,2.8500000000040964
unitbox_c_20_20_3_25.jl,12,1.7320507925640363,true,-22.120000444757924,-23.43,true,true,3.120000000005865
unitbox_c_20_20_3_25.jl,12,0.3040857207360127,true,-22.120000444757924,-22.104795711971995,true,true,2.5200000000019345
unitbox_c_20_20_3_25.jl,12,0.1578244063539571,true,-22.120000444757924,-22.1121087776911,true,true,2.03999999999879
unitbox_c_20_20_3_25.jl,12,1.7320507925640363,true,-22.120000444757924,-23.43,true,true,2.219999999999969
unitbox_c_20_20_3_25.jl,12,1.9724645507475227,true,-22.120000444757924,-20.595627523309943,true,true,4.20000000000998
unitbox_c_20_20_3_25.jl,12,5.437374947387486e-8,true,-22.120000444757924,-22.119999999999994,true,true,2.940000000004686
unitbox_c_20_20_3_25.jl,12,5.437374947387486e-8,true,-22.120000444757924,-22.119999999999994,true,true,3.2400000000066513
unitbox_c_20_20_3_25.jl,12,1.7320507925640363,true,-22.120000444757924,-23.43,true,true,1.8899999999986214
unitbox_c_20_20_3_25.jl,12,5.437374947387486e-8,true,-22.120000444757924,-22.119999999999994,true,true,1.979999999998545
unitbox_c_20_20_3_25.jl,12,1.7320507925640363,true,-22.120000444757924,-23.43,true,true,1.8299999999986725
unitbox_c_20_20_3_25.jl,12,1.7320507925640363,true,-22.120000444757924,-23.43,true,true,3.1800000000062583
unitbox_c_20_20_3_25.jl,12,1.7320507925640363,true,-22.120000444757924,-23.43,true,true,2.3100000000005587
unitbox_c_20_20_3_25.jl,12,0.9999999601760143,true,-22.120000444757924,-22.069999999999997,true,true,1.6799999999988
unitbox_c_20_20_3_25.jl,12,1.7320507925640363,true,-22.120000444757924,-23.43,true,true,3.0300000000052756
unitbox_c_20_20_3_50.jl,6,2.2397161638208654,true,-15.370000487235615,-14.21440918201335,true,false,1.1099999999992847
unitbox_c_20_20_3_50.jl,6,2.4494897624010297,true,-15.370000487235615,-2.4099999999999997,true,true,2.219999999999969
unitbox_c_20_20_3_50.jl,6,2.82842714618696,true,-15.370000487235615,-13.049999999999999,true,true,0.9899999999993867
unitbox_c_20_20_3_50.jl,6,2.0000000169393903,true,-15.370000487235615,-12.719999999999999,true,true,3.51000000000842
unitbox_c_20_20_3_50.jl,6,3.461374559059656,false,-15.370000487235615,-1.8719924947789743,true,true,10.000020000021332
unitbox_c_20_20_3_50.jl,6,2.236067995689868,true,-15.370000487235615,-5.11,true,true,1.2899999999991316
unitbox_c_20_20_3_50.jl,6,2.6173339508381113,false,-15.370000487235615,-11.308241357036062,true,true,10.000020000021332
unitbox_c_20_20_3_50.jl,6,2.0000000142098027,true,-15.370000487235615,-10.719999999999999,true,true,2.7000000000031137
unitbox_c_20_20_3_50.jl,6,2.237788252988919,true,-15.370000487235615,-11.180202358350028,true,true,1.0199999999993612
unitbox_c_20_20_3_50.jl,6,1.7634969491634391,false,-15.370000487235615,-7.244998643829321,true,true,10.000020000021332
unitbox_c_20_20_3_50.jl,6,2.645751287010291,true,-15.370000487235615,-7.250000000000002,true,true,4.890000000004286
unitbox_c_20_20_3_50.jl,6,3.227400021468101,true,-15.370000487235615,-5.318495710894712,true,true,3.8100000000103855
unitbox_c_20_20_3_50.jl,6,3.4641016075660214,true,-15.370000487235615,4.65,true,true,3.3600000000074375
unitbox_c_20_20_3_50.jl,6,2.6457512859212784,true,-15.370000487235615,-14.269999999999998,true,true,0.8399999999995142
unitbox_c_20_20_3_50.jl,6,3.4641016096963293,true,-15.370000487235615,-1.7899999999999996,true,true,0.6299999999996928
unitbox_c_20_20_3_50.jl,6,1.7320508196595152,true,-15.370000487235615,-12.76,true,true,1.1399999999992592
unitbox_c_20_20_3_50.jl,6,2.4494897620859453,true,-15.370000487235615,-7.58,true,true,3.8100000000103855
unitbox_c_20_20_3_50.jl,6,3.3239958701856605,false,-15.370000487235615,2.688644489831434,true,true,10.000020000021332
unitbox_c_20_20_3_50.jl,6,3.600275986989625,false,-15.370000487235615,-3.816908591961134,true,true,10.000020000021332
unitbox_c_20_20_3_50.jl,6,3.2828067713491373,false,-15.370000487235615,-4.995102687227902,true,true,10.000020000021332
unitbox_c_20_20_3_50.jl,6,3.000000024922622,true,-15.370000487235615,-10.069999999999997,true,true,7.319999999984234
unitbox_c_20_20_3_50.jl,10,2.6457512852391543,true,-15.370000487235615,-18.54,true,false,1.0799999999993102
unitbox_c_20_20_3_50.jl,10,2.6457512852391543,true,-15.370000487235615,-18.54,true,true,1.4099999999990296
unitbox_c_20_20_3_50.jl,10,2.236067940860605,true,-15.370000487235615,-15.679999999999994,true,true,1.319999999999106
unitbox_c_20_20_3_50.jl,10,1.8428552533474052,true,-15.370000487235615,-15.606849811142249,true,true,10.000020000021332
unitbox_c_20_20_3_50.jl,10,0.004956802676023756,true,-15.370000487235615,-15.369900861662503,true,true,7.529999999982501
unitbox_c_20_20_3_50.jl,10,2.6457512852391543,true,-15.370000487235615,-18.54,true,true,6.749999999988938
unitbox_c_20_20_3_50.jl,10,2.82842710414086,true,-15.370000487235615,-17.19,true,true,3.960000000011368
unitbox_c_20_20_3_50.jl,10,2.6457512852391543,true,-15.370000487235615,-18.54,true,true,1.3499999999990806
unitbox_c_20_20_3_50.jl,10,2.0000547094602337,true,-15.370000487235615,-14.455472828685183,true,true,2.880000000004293
unitbox_c_20_20_3_50.jl,10,1.2016562771790935e-7,true,-15.370000487235615,-15.369999999999996,true,true,10.000020000021332
unitbox_c_20_20_3_50.jl,10,2.4527117520652304,true,-15.370000487235615,-18.12906890198027,true,true,10.000020000021332
unitbox_c_20_20_3_50.jl,10,2.44948971132494,true,-15.370000487235615,-17.8,true,true,2.880000000004293
unitbox_c_20_20_3_50.jl,10,2.617720813521464,true,-15.370000487235615,-17.196260372603398,true,true,10.000020000021332
unitbox_c_20_20_3_50.jl,10,1.999765493775688,true,-15.370000487235615,-14.920201722644384,true,true,1.1099999999992847
unitbox_c_20_20_3_50.jl,10,0.015473769428174992,true,-15.370000487235615,-15.361179954400006,true,true,10.000020000021332
unitbox_c_20_20_3_50.jl,10,1.2016562771790935e-7,true,-15.370000487235615,-15.369999999999996,true,true,2.2500000000001656
unitbox_c_20_20_3_50.jl,10,0.9999998858012057,true,-15.370000487235615,-15.349999999999996,true,true,7.319999999984234
unitbox_c_20_20_3_50.jl,10,0.7701867513520415,true,-15.370000487235615,-15.35459626268898,true,true,10.000020000021332
unitbox_c_20_20_3_50.jl,10,0.9999998858012057,true,-15.370000487235615,-15.349999999999996,true,true,6.749999999988938
unitbox_c_20_20_3_50.jl,10,2.6457512852391543,true,-15.370000487235615,-18.54,true,true,0.7199999999996163
unitbox_c_20_20_3_50.jl,10,2.6457512852391543,true,-15.370000487235615,-18.54,true,true,2.4000000000011483
unitbox_c_20_20_3_50.jl,12,2.82842710414086,true,-15.370000487235615,-17.19,true,false,2.490000000001738
unitbox_c_20_20_3_50.jl,12,2.6457512852391543,true,-15.370000487235615,-18.54,true,true,3.960000000011368
unitbox_c_20_20_3_50.jl,12,2.6457512852391543,true,-15.370000487235615,-18.54,true,true,1.439999999999004
unitbox_c_20_20_3_50.jl,12,0.004808344422871906,true,-15.370000487235615,-15.369903830827566,true,true,6.479999999991166
unitbox_c_20_20_3_50.jl,12,2.6457512852391543,true,-15.370000487235615,-18.54,true,true,3.5700000000088132
unitbox_c_20_20_3_50.jl,12,2.6457512852391543,true,-15.370000487235615,-18.54,true,true,2.670000000002917
unitbox_c_20_20_3_50.jl,12,1.2016562771790935e-7,true,-15.370000487235615,-15.369999999999996,true,true,5.31000000000082
unitbox_c_20_20_3_50.jl,12,2.6457512852391543,true,-15.370000487235615,-18.54,true,true,1.0199999999993612
unitbox_c_20_20_3_50.jl,12,1.4460426028629667,true,-15.370000487235615,-14.563965460148783,true,true,1.2599999999991571
unitbox_c_20_20_3_50.jl,12,1.2016562771790935e-7,true,-15.370000487235615,-15.369999999999996,true,true,1.319999999999106
unitbox_c_20_20_3_50.jl,12,2.6457512852391543,true,-15.370000487235615,-18.54,true,true,2.9100000000044894
unitbox_c_20_20_3_50.jl,12,1.2016562771790935e-7,true,-15.370000487235615,-15.369999999999996,true,true,3.060000000005472
unitbox_c_20_20_3_50.jl,12,1.2016562771790935e-7,true,-15.370000487235615,-15.369999999999996,true,true,2.610000000002524
unitbox_c_20_20_3_50.jl,12,2.6457512852391543,true,-15.370000487235615,-18.54,true,true,7.169999999985472
unitbox_c_20_20_3_50.jl,12,2.5877384761777154,true,-15.370000487235615,-18.41256514342666,true,true,10.000020000021332
unitbox_c_20_20_3_50.jl,12,2.6457512852391543,true,-15.370000487235615,-18.54,true,true,1.439999999999004
unitbox_c_20_20_3_50.jl,12,2.236067940860605,true,-15.370000487235615,-15.679999999999994,true,true,3.6900000000095994
unitbox_c_20_20_3_50.jl,12,2.236067940860605,true,-15.370000487235615,-15.679999999999994,true,true,4.500000000007504
unitbox_c_20_20_3_50.jl,12,2.6457512852391543,true,-15.370000487235615,-18.54,true,true,1.7099999999987745
unitbox_c_20_20_3_50.jl,12,2.6457512852391543,true,-15.370000487235615,-18.54,true,true,1.379999999999055
unitbox_c_20_20_3_50.jl,12,2.6457512852391543,true,-15.370000487235615,-18.54,true,true,4.170000000010227
unitbox_c_20_30_1_100.jl,6,1.5745244426958478,true,-14.761886857197618,-14.223885142378522,true,false,3.900000000010975
unitbox_c_20_30_1_100.jl,6,2.5664695206947474,false,-14.761886857197618,-6.254049361273237,true,true,10.000020000021332
unitbox_c_20_30_1_100.jl,6,2.570345658996828,false,-14.761886857197618,-4.6447312088876025,true,true,5.759999999997107
unitbox_c_20_30_1_100.jl,6,2.3146999225967546,true,-14.761886857197618,-10.901533960660448,true,true,2.550000000002131
unitbox_c_20_30_1_100.jl,6,2.3907163234983213,true,-14.761886857197618,-2.5500000000000003,true,true,1.7099999999987745
unitbox_c_20_30_1_100.jl,6,2.3547462166956525,true,-14.761886857197618,-9.8,true,true,2.940000000004686
unitbox_c_20_30_1_100.jl,6,1.765287147053612,false,-14.761886857197618,-10.985421064217007,true,true,5.54999999999884
unitbox_c_20_30_1_100.jl,6,2.1653561940661845,false,-14.761886857197618,-9.638411257312951,true,true,10.000020000021332
unitbox_c_20_30_1_100.jl,6,2.832520826715173,false,-14.761886857197618,1.4929938103586422,false,true,9.390000000008305
unitbox_c_20_30_1_100.jl,6,2.51343702336156,true,-14.761886857197618,-7.312507207438004,false,true,1.1699999999992337
unitbox_c_20_30_1_100.jl,6,3.2415364236559134,false,-14.761886857197618,-9.98792072304122,true,true,2.5800000000023275
unitbox_c_20_30_1_100.jl,6,2.634953481255203,false,-14.761886857197618,-5.714634436190879,true,true,10.000020000021332
unitbox_c_20_30_1_100.jl,6,1.8963758885043653,true,-14.761886857197618,-11.791417108950062,true,true,0.7799999999995653
unitbox_c_20_30_1_100.jl,6,2.3615856745428503,true,-14.761886857197618,-5.923231510753549,true,true,6.0599999999946315
unitbox_c_20_30_1_100.jl,6,3.213025166689732,true,-14.761886857197618,-3.850000000000004,true,true,2.159999999999576
unitbox_c_20_30_1_100.jl,6,3.032671449090403,false,-14.761886857197618,-2.8725421556837563,true,true,10.000020000021332
unitbox_c_20_30_1_100.jl,6,2.7621172033387573,false,-14.761886857197618,-2.410996649045564,true,true,4.770000000005276
unitbox_c_20_30_1_100.jl,6,3.14062191124151,false,-14.761886857197618,-10.597469009704652,true,true,10.000020000021332
unitbox_c_20_30_1_100.jl,6,3.213025166439577,true,-14.761886857197618,-0.4500000000000007,true,true,0.7799999999995653
unitbox_c_20_30_1_100.jl,6,3.667198717161179,false,-14.761886857197618,-3.2748438158734055,true,true,10.000020000021332
unitbox_c_20_30_1_100.jl,6,3.3674117459830417,true,-14.761886857197618,-11.103556494261204,false,true,10.000020000021332
unitbox_c_20_30_1_100.jl,10,0.019770926091202373,true,-14.761886857197618,-14.761599757602678,true,false,2.370000000000952
unitbox_c_20_30_1_100.jl,10,3.273457592779906,true,-14.761886857197618,-17.080000000000002,true,true,4.950000000003791
unitbox_c_20_30_1_100.jl,10,1.5431396875113517,true,-14.761886857197618,-13.313745166200055,true,true,2.0699999999989864
unitbox_c_20_30_1_100.jl,10,2.3423709087742477,true,-14.761886857197618,-15.068366232564099,true,true,2.610000000002524
unitbox_c_20_30_1_100.jl,10,1.8316683623273995,true,-14.761886857197618,-13.097249759316302,true,true,2.490000000001738
unitbox_c_20_30_1_100.jl,10,3.273457592779906,true,-14.761886857197618,-17.080000000000002,true,true,3.270000000006848
unitbox_c_20_30_1_100.jl,10,1.2223851003301982,true,-14.761886857197618,-14.940000000000003,true,true,6.179999999993641
unitbox_c_20_30_1_100.jl,10,2.3439764075031833,true,-14.761886857197618,-15.07,true,true,2.8200000000039
unitbox_c_20_30_1_100.jl,10,1.5990113279726041,true,-14.761886857197618,-13.319710746384754,true,true,3.390000000007634
unitbox_c_20_30_1_100.jl,10,3.3439328766454413,false,-14.761886857197618,-16.23373215927145,true,true,10.000020000021332
unitbox_c_20_30_1_100.jl,10,2.131860629774473,true,-14.761886857197618,-14.43,true,true,3.9300000000111717
unitbox_c_20_30_1_100.jl,10,3.2289027731570377,true,-14.761886857197618,-16.954136127186636,true,true,10.000020000021332
unitbox_c_20_30_1_100.jl,10,3.232278736949027,false,-14.761886857197618,-16.980299365842086,true,true,7.799999999980273
unitbox_c_20_30_1_100.jl,10,1.8827718199529369,true,-14.761886857197618,-14.750000000000002,true,true,5.939999999995622
unitbox_c_20_30_1_100.jl,10,2.2998011347999143,true,-14.761886857197618,-13.386981819624488,true,true,6.359999999992156
unitbox_c_20_30_1_100.jl,10,3.2734575931747907,true,-14.761886857197618,-14.210000000000003,true,true,0.7799999999995653
unitbox_c_20_30_1_100.jl,10,1.6645008628184446,true,-14.761886857197618,-13.283629405793738,true,true,6.149999999993889
unitbox_c_20_30_1_100.jl,10,1.5085128058055015,true,-14.761886857197618,-13.329787425185309,true,true,5.579999999998592
unitbox_c_20_30_1_100.jl,10,2.5582864919276487,true,-14.761886857197618,-13.560000000000004,true,true,2.1899999999997726
unitbox_c_20_30_1_100.jl,10,3.323893288498382,false,-14.761886857197618,-16.264997682047802,true,true,10.000020000021332
unitbox_c_20_30_1_100.jl,10,2.336918825282336,true,-14.761886857197618,-15.062582404495164,true,true,1.1999999999992081
unitbox_c_20_30_1_100.jl,12,1.5423680063268261,true,-14.761886857197618,-14.429793765267394,true,false,3.9900000000115647
unitbox_c_20_30_1_100.jl,12,1.479298577059942,true,-14.761886857197618,-15.309976615727905,true,true,3.5400000000086167
unitbox_c_20_30_1_100.jl,12,1.1345407965627263,true,-14.761886857197618,-14.962915966076817,true,true,0.7499999999995908
unitbox_c_20_30_1_100.jl,12,1.9497152368271047,true,-14.761886857197618,-14.398019917774645,true,true,6.029999999994879
unitbox_c_20_30_1_100.jl,12,1.5952522396446536,true,-14.761886857197618,-15.320000000000004,true,true,0.7799999999995653
unitbox_c_20_30_1_100.jl,12,2.461643593457289,true,-14.761886857197618,-13.331085496738012,true,true,2.1899999999997726
unitbox_c_20_30_1_100.jl,12,1.572295555543975,true,-14.761886857197618,-15.321756011049239,true,true,2.9100000000044894
unitbox_c_20_30_1_100.jl,12,3.3493416447818065,false,-14.761886857197618,-16.320783299539645,true,true,10.000020000021332
unitbox_c_20_30_1_100.jl,12,3.352711182962294,false,-14.761886857197618,-16.329840102032467,true,true,10.000020000021332
unitbox_c_20_30_1_100.jl,12,2.456272507066952,true,-14.761886857197618,-13.546981900569298,true,true,3.330000000007241
unitbox_c_20_30_1_100.jl,12,1.111754753303561,true,-14.761886857197618,-14.965300372098092,true,true,1.7099999999987745
unitbox_c_20_30_1_100.jl,12,2.131871692012207,true,-14.761886857197618,-14.428752952752514,true,true,3.4200000000078306
unitbox_c_20_30_1_100.jl,12,0.08504462714686964,true,-14.761886857197618,-14.756778570832498,true,true,2.8200000000039
unitbox_c_20_30_1_100.jl,12,2.131860629774473,true,-14.761886857197618,-14.43,true,true,6.3299999999924035
unitbox_c_20_30_1_100.jl,12,1.6081798922652286,true,-14.761886857197618,-15.022243797682137,true,true,4.08000000001097
unitbox_c_20_30_1_100.jl,12,3.3841072324663024,false,-14.761886857197618,-16.40151049733322,false,true,10.000020000021332
unitbox_c_20_30_1_100.jl,12,1.1115403591718005,true,-14.761886857197618,-14.965315447203484,true,true,5.519999999999087
unitbox_c_20_30_1_100.jl,12,3.3957447340835087,false,-14.761886857197618,-16.434001531213255,false,true,7.319999999984234
unitbox_c_20_30_1_100.jl,12,3.362302381802245,false,-14.761886857197618,-16.35182437072538,true,true,10.000020000021332
unitbox_c_20_30_1_100.jl,12,2.131860629774473,true,-14.761886857197618,-14.43,true,true,8.909999999998055
unitbox_c_20_30_1_100.jl,12,2.9232204071691688,true,-14.761886857197618,-13.321612388371348,true,true,2.1899999999997726
unitbox_c_20_30_1_25.jl,6,1.7013657572249001,true,-13.357097107414683,-11.064083450414186,true,false,0.6299999999996928
unitbox_c_20_30_1_25.jl,6,3.444610800381826,true,-13.357097107414683,-0.915236385225902,false,true,1.7699999999987235
unitbox_c_20_30_1_25.jl,6,2.399705191585733,true,-13.357097107414683,0.7499999999999993,true,true,6.749999999988938
unitbox_c_20_30_1_25.jl,6,2.0312721070043653,false,-13.357097107414683,-6.5997229100135835,true,true,10.000020000021332
unitbox_c_20_30_1_25.jl,6,2.559370158813047,false,-13.357097107414683,-10.185470762579342,false,true,10.000020000021332
unitbox_c_20_30_1_25.jl,6,3.7542319417736647,false,-13.357097107414683,-3.695174139154581,true,true,6.929999999987452
unitbox_c_20_30_1_25.jl,6,3.3191338330853837,true,-13.357097107414683,-0.4800000000000003,true,true,2.7900000000037033
unitbox_c_20_30_1_25.jl,6,1.8895056245569928,false,-13.357097107414683,-10.402121415408773,true,true,10.000020000021332
unitbox_c_20_30_1_25.jl,6,3.019073998390242,false,-13.357097107414683,-3.9345330166238526,false,true,10.000020000021332
unitbox_c_20_30_1_25.jl,6,3.42907933022078,true,-13.357097107414683,-5.22,true,true,5.819999999996612
unitbox_c_20_30_1_25.jl,6,2.599727880246664,true,-13.357097107414683,-6.27,false,true,2.8500000000040964
unitbox_c_20_30_1_25.jl,6,2.645612955835725,false,-13.357097107414683,-4.990378335791041,true,true,10.000020000021332
unitbox_c_20_30_1_25.jl,6,2.8174540341015333,false,-13.357097107414683,-3.7223293809703843,false,true,10.000020000021332
unitbox_c_20_30_1_25.jl,6,2.6908345989173705,false,-13.357097107414683,-3.7981958811117984,false,true,10.000020000021332
unitbox_c_20_30_1_25.jl,6,2.78542367947916,true,-13.357097107414683,-5.65,false,true,3.8100000000103855
unitbox_c_20_30_1_25.jl,6,2.256160613129041,false,-13.357097107414683,-7.871684720178136,false,true,10.000020000021332
unitbox_c_20_30_1_25.jl,6,2.4001449356036058,false,-13.357097107414683,-5.962607405654163,true,true,10.000020000021332
unitbox_c_20_30_1_25.jl,6,2.049345968808626,false,-13.357097107414683,-10.597409500342062,false,true,10.000020000021332
unitbox_c_20_30_1_25.jl,6,3.506998069529231,false,-13.357097107414683,-0.31165218581006615,false,true,10.000020000021332
unitbox_c_20_30_1_25.jl,6,2.8069773951167143,false,-13.357097107414683,-5.162195708476599,true,true,10.000020000021332
unitbox_c_20_30_1_25.jl,6,2.7854236595153785,true,-13.357097107414683,-0.6799999999999997,true,true,0.7499999999995908
unitbox_c_20_30_1_25.jl,10,2.3997051739946906,true,-13.357097107414683,-12.3,true,false,6.5999999999901755
unitbox_c_20_30_1_25.jl,10,1.7368503963955544,true,-13.357097107414683,-12.38,true,true,5.519999999999087
unitbox_c_20_30_1_25.jl,10,2.3997051739946906,true,-13.357097107414683,-12.3,true,true,3.3000000000070444
unitbox_c_20_30_1_25.jl,10,0.039870591668725176,false,-13.357097107414683,-13.385803666818699,false,true,10.000020000021332
unitbox_c_20_30_1_25.jl,10,1.4992817804794047,true,-13.357097107414683,-12.286549227528598,true,true,10.000020000021332
unitbox_c_20_30_1_25.jl,10,2.00415835369693,true,-13.357097107414683,-12.380213583831857,true,true,2.4000000000011483
unitbox_c_20_30_1_25.jl,10,1.0097074858514792,false,-13.357097107414683,-13.172384732221248,false,true,10.000020000021332
unitbox_c_20_30_1_25.jl,10,0.4457921616544041,false,-13.357097107414683,-12.943203853239277,true,true,10.000020000021332
unitbox_c_20_30_1_25.jl,10,2.1425305665544263,false,-13.357097107414683,-12.51634782166673,false,true,10.000020000021332
unitbox_c_20_30_1_25.jl,10,2.004103510230429,true,-13.357097107414683,-11.990368243756665,true,true,1.4099999999990296
unitbox_c_20_30_1_25.jl,10,0.15272162853500307,false,-13.357097107414683,-13.311113037187226,true,true,10.000020000021332
unitbox_c_20_30_1_25.jl,10,2.0727183624089345,false,-13.357097107414683,-12.475164027254971,true,true,10.000020000021332
unitbox_c_20_30_1_25.jl,10,0.03718854444963687,false,-13.357097107414683,-13.375654466831104,false,true,10.000020000021332
unitbox_c_20_30_1_25.jl,10,2.4288989217003105,false,-13.357097107414683,-10.986844805637928,true,true,10.000020000021332
unitbox_c_20_30_1_25.jl,10,0.1292545944645623,false,-13.357097107414683,-13.437114646651699,false,true,10.000020000021332
unitbox_c_20_30_1_25.jl,10,0.38702839477280965,true,-13.357097107414683,-13.126603307797899,true,true,10.000020000021332
unitbox_c_20_30_1_25.jl,10,0.2749125236905581,false,-13.357097107414683,-13.25156842848504,true,true,10.000020000021332
unitbox_c_20_30_1_25.jl,10,0.08580508688839539,false,-13.357097107414683,-13.26976558446479,true,true,10.000020000021332
unitbox_c_20_30_1_25.jl,10,0.12903216553162603,true,-13.357097107414683,-13.450000000000001,false,true,4.260000000009485
unitbox_c_20_30_1_25.jl,10,0.1330076465482705,false,-13.357097107414683,-13.44870896368698,false,true,10.000020000021332
unitbox_c_20_30_1_25.jl,10,2.3997051739946906,true,-13.357097107414683,-12.3,true,true,4.470000000007752
unitbox_c_20_30_1_25.jl,12,0.05711206317007692,false,-13.357097107414683,-13.305789252203466,true,false,10.000020000021332
unitbox_c_20_30_1_25.jl,12,2.7561188157663925,false,-13.357097107414683,-10.140982309826917,true,true,10.000020000021332
unitbox_c_20_30_1_25.jl,12,0.08922023259168571,false,-13.357097107414683,-13.421335408283241,false,true,10.000020000021332
unitbox_c_20_30_1_25.jl,12,0.12903216553162603,false,-13.357097107414683,-13.450000000000001,false,true,10.000020000021332
unitbox_c_20_30_1_25.jl,12,2.095801755482289,false,-13.357097107414683,-12.490335109087342,true,true,10.000020000021332
unitbox_c_20_30_1_25.jl,12,0.006072490406275004,false,-13.357097107414683,-13.352724647724848,true,true,10.000020000021332
unitbox_c_20_30_1_25.jl,12,2.1319269060823913,false,-13.357097107414683,-12.510851831739568,false,true,10.000020000021332
unitbox_c_20_30_1_25.jl,12,0.058955699014719774,false,-13.357097107414683,-13.314648737526651,true,true,10.000020000021332
unitbox_c_20_30_1_25.jl,12,2.0887635372100073,false,-13.357097107414683,-12.485922590950004,true,true,10.000020000021332
unitbox_c_20_30_1_25.jl,12,0.076046906590432,false,-13.357097107414683,-13.411850613562336,false,true,10.000020000021332
unitbox_c_20_30_1_25.jl,12,0.12903216553162603,false,-13.357097107414683,-13.450000000000001,false,true,10.000020000021332
unitbox_c_20_30_1_25.jl,12,2.1105848350771006,false,-13.357097107414683,-12.499115812283074,false,true,10.000020000021332
unitbox_c_20_30_1_25.jl,12,0.13282212110061076,false,-13.357097107414683,-13.396445497044015,false,true,10.000020000021332
unitbox_c_20_30_1_25.jl,12,0.010498529694510515,false,-13.357097107414683,-13.349537899437264,true,true,10.000020000021332
unitbox_c_20_30_1_25.jl,12,1.7368503963955544,true,-13.357097107414683,-12.38,true,true,5.789999999996859
unitbox_c_20_30_1_25.jl,12,0.09069562115262379,false,-13.357097107414683,-13.202787749045541,true,true,10.000020000021332
unitbox_c_20_30_1_25.jl,12,1.7368503963955544,true,-13.357097107414683,-12.38,true,true,6.3299999999924035
unitbox_c_20_30_1_25.jl,12,0.06096632620649261,false,-13.357097107414683,-13.26260236462148,true,true,10.000020000021332
unitbox_c_20_30_1_25.jl,12,2.3997051739946906,true,-13.357097107414683,-12.3,true,true,8.249999999983961
unitbox_c_20_30_1_25.jl,12,0.020852207508191934,false,-13.357097107414683,-13.372110430223096,false,true,10.000020000021332
unitbox_c_20_30_1_25.jl,12,2.082176785725349,false,-13.357097107414683,-12.481634009038768,true,true,10.000020000021332
unitbox_c_20_30_1_50.jl,6,2.4598416663318017,true,-20.09000056450875,-15.709941171036029,false,false,5.340000000000573
unitbox_c_20_30_1_50.jl,6,1.7174140074737416,false,-20.09000056450875,-12.389006618814854,false,true,10.000020000021332
unitbox_c_20_30_1_50.jl,6,3.0840890011441453,false,-20.09000056450875,-14.583601817192392,true,true,10.000020000021332
unitbox_c_20_30_1_50.jl,6,2.023318706758019,false,-20.09000056450875,-14.812602386593927,true,true,10.000020000021332
unitbox_c_20_30_1_50.jl,6,2.240668268447448,true,-20.09000056450875,-13.458342732218497,true,true,1.8299999999986725
unitbox_c_20_30_1_50.jl,6,2.5318915762158105,false,-20.09000056450875,-10.726310559683169,true,true,10.000020000021332
unitbox_c_20_30_1_50.jl,6,2.179924188993188,false,-20.09000056450875,-11.811327806508007,false,true,10.000020000021332
unitbox_c_20_30_1_50.jl,6,3.312326348388694,false,-20.09000056450875,-8.09428861001144,false,true,10.000020000021332
unitbox_c_20_30_1_50.jl,6,3.1622776867686997,true,-20.09000056450875,-2.5599999999999996,true,true,1.859999999998647
unitbox_c_20_30_1_50.jl,6,2.4722248746334117,false,-20.09000056450875,-12.01073689431242,true,true,10.000020000021332
unitbox_c_20_30_1_50.jl,6,2.2271851256514528,false,-20.09000056450875,-8.534349866709428,false,true,10.000020000021332
unitbox_c_20_30_1_50.jl,6,2.9450984700133866,false,-20.09000056450875,-10.67962944577679,true,true,10.000020000021332
unitbox_c_20_30_1_50.jl,6,3.1622776886646196,true,-20.09000056450875,-8.699999999999998,true,true,0.6599999999996673
unitbox_c_20_30_1_50.jl,6,1.0053074514163713,false,-20.09000056450875,-17.636845608454223,true,true,10.000020000021332
unitbox_c_20_30_1_50.jl,6,2.6539707127509655,false,-20.09000056450875,-5.58698759913433,true,true,10.000020000021332
unitbox_c_20_30_1_50.jl,6,2.778027929288078,false,-20.09000056450875,-3.4223221469851244,false,true,10.000020000021332
unitbox_c_20_30_1_50.jl,6,2.6031349408973727,false,-20.09000056450875,-11.464267519044554,true,true,10.000020000021332
unitbox_c_20_30_1_50.jl,6,3.2063762797014483,false,-20.09000056450875,-9.515990314669894,true,true,10.000020000021332
unitbox_c_20_30_1_50.jl,6,3.168719775926734,false,-20.09000056450875,-7.39426415672234,false,true,10.000020000021332
unitbox_c_20_30_1_50.jl,6,2.005614076543984,false,-20.09000056450875,-12.04049714458785,false,true,10.000020000021332
unitbox_c_20_30_1_50.jl,6,2.5294151852840088,false,-20.09000056450875,-12.81842180863428,true,true,10.000020000021332
unitbox_c_20_30_1_50.jl,10,2.787826288145327,true,-20.09000056450875,-13.265144849292083,true,false,10.000020000021332
unitbox_c_20_30_1_50.jl,10,3.9440544992321725e-8,true,-20.09000056450875,-20.09,true,true,6.5999999999901755
unitbox_c_20_30_1_50.jl,10,1.5414834884044508,true,-20.09000056450875,-16.80560253519377,true,true,4.290000000009237
unitbox_c_20_30_1_50.jl,10,3.9440544992321725e-8,true,-20.09000056450875,-20.09,true,true,4.740000000005524
unitbox_c_20_30_1_50.jl,10,3.9440544992321725e-8,true,-20.09000056450875,-20.09,true,true,3.7500000000099925
unitbox_c_20_30_1_50.jl,10,3.9440544992321725e-8,true,-20.09000056450875,-20.09,true,true,2.7300000000033102
unitbox_c_20_30_1_50.jl,10,2.8624400308328632,true,-20.09000056450875,-16.600193369747696,true,true,10.000020000021332
unitbox_c_20_30_1_50.jl,10,2.236067994217181,true,-20.09000056450875,-16.929999999999996,true,true,1.859999999998647
unitbox_c_20_30_1_50.jl,10,3.9440544992321725e-8,true,-20.09000056450875,-20.09,true,true,9.930000000019836
unitbox_c_20_30_1_50.jl,10,3.46410164450935,true,-20.09000056450875,-16.27,true,true,2.7000000000031137
unitbox_c_20_30_1_50.jl,10,2.4476978623795134,true,-20.09000056450875,-15.070219865371634,false,true,6.359999999992156
unitbox_c_20_30_1_50.jl,10,2.236067994217181,true,-20.09000056450875,-16.929999999999996,true,true,7.1399999999857195
unitbox_c_20_30_1_50.jl,10,3.0000000264584523,true,-20.09000056450875,-14.899999999999999,true,true,1.8299999999986725
unitbox_c_20_30_1_50.jl,10,3.412221463834704,true,-20.09000056450875,-16.218528285871482,false,true,1.0499999999993357
unitbox_c_20_30_1_50.jl,10,3.9440544992321725e-8,true,-20.09000056450875,-20.09,true,true,1.0799999999993102
unitbox_c_20_30_1_50.jl,10,0.9979568070059256,true,-20.09000056450875,-19.800592526387874,true,true,1.4699999999989786
unitbox_c_20_30_1_50.jl,10,3.9440544992321725e-8,true,-20.09000056450875,-20.09,true,true,1.379999999999055
unitbox_c_20_30_1_50.jl,10,2.9212181798013406,true,-20.09000056450875,-16.62638302960162,true,true,10.000020000021332
unitbox_c_20_30_1_50.jl,10,3.9440544992321725e-8,true,-20.09000056450875,-20.09,true,true,1.5299999999989276
unitbox_c_20_30_1_50.jl,10,3.9440544992321725e-8,true,-20.09000056450875,-20.09,true,true,4.020000000011465
unitbox_c_20_30_1_50.jl,10,2.6457513321561876,true,-20.09000056450875,-16.74,true,true,2.8200000000039
unitbox_c_20_30_1_50.jl,12,2.8284271475889375,true,-20.09000056450875,-14.749999999999995,true,false,1.799999999998698
unitbox_c_20_30_1_50.jl,12,2.82360042362099,true,-20.09000056450875,-16.69068673549998,true,true,3.6000000000090098
unitbox_c_20_30_1_50.jl,12,1.6264339761000144,true,-20.09000056450875,-17.466589784590525,true,true,10.000020000021332
unitbox_c_20_30_1_50.jl,12,3.9440544992321725e-8,true,-20.09000056450875,-20.09,true,true,4.860000000004534
unitbox_c_20_30_1_50.jl,12,3.9440544992321725e-8,true,-20.09000056450875,-20.09,true,true,4.440000000007999
unitbox_c_20_30_1_50.jl,12,3.0000033453158035,true,-20.09000056450875,-16.049955362886674,true,true,1.1099999999992847
unitbox_c_20_30_1_50.jl,12,2.974061459211131,true,-20.09000056450875,-16.616459092606195,true,true,3.5700000000088132
unitbox_c_20_30_1_50.jl,12,3.9440544992321725e-8,true,-20.09000056450875,-20.09,true,true,1.7099999999987745
unitbox_c_20_30_1_50.jl,12,2.828427147774768,true,-20.09000056450875,-16.69,true,true,4.020000000011465
unitbox_c_20_30_1_50.jl,12,3.9440544992321725e-8,true,-20.09000056450875,-20.09,true,true,5.789999999996859
unitbox_c_20_30_1_50.jl,12,2.8385138578650984,true,-20.09000056450875,-16.670873342323397,true,true,0.9899999999993867
unitbox_c_20_30_1_50.jl,12,3.46410164450935,true,-20.09000056450875,-16.27,true,true,1.4099999999990296
unitbox_c_20_30_1_50.jl,12,3.9440544992321725e-8,true,-20.09000056450875,-20.09,true,true,0.7499999999995908
unitbox_c_20_30_1_50.jl,12,3.00833048883694,true,-20.09000056450875,-16.047762765567896,true,true,3.3600000000074375
unitbox_c_20_30_1_50.jl,12,3.9440544992321725e-8,true,-20.09000056450875,-20.09,true,true,5.070000000002801
unitbox_c_20_30_1_50.jl,12,3.9440544992321725e-8,true,-20.09000056450875,-20.09,true,true,3.6900000000095994
unitbox_c_20_30_1_50.jl,12,3.9440544992321725e-8,true,-20.09000056450875,-20.09,true,true,3.4800000000082236
unitbox_c_20_30_1_50.jl,12,3.9440544992321725e-8,true,-20.09000056450875,-20.09,true,true,3.900000000010975
unitbox_c_20_30_1_50.jl,12,3.9440544992321725e-8,true,-20.09000056450875,-20.09,true,true,3.660000000009403
unitbox_c_20_30_1_50.jl,12,2.828427149824206,true,-20.09000056450875,-15.239999999999998,true,true,1.2599999999991571
unitbox_c_20_30_1_50.jl,12,3.9440544992321725e-8,true,-20.09000056450875,-20.09,true,true,3.390000000007634
unitbox_c_20_30_2_100.jl,6,1.74182981371707,false,-19.951519791954816,-17.333506711473248,true,false,10.000020000021332
unitbox_c_20_30_2_100.jl,6,2.343798105893181,false,-19.951519791954816,-4.425329956190261,true,true,10.000020000021332
unitbox_c_20_30_2_100.jl,6,2.6729241372849435,false,-19.951519791954816,-7.052365601555212,true,true,10.000020000021332
unitbox_c_20_30_2_100.jl,6,3.1992538132346215,false,-19.951519791954816,-4.591820936933322,true,true,10.000020000021332
unitbox_c_20_30_2_100.jl,6,3.2019797770082254,false,-19.951519791954816,-6.321187129424283,true,true,5.849999999996364
unitbox_c_20_30_2_100.jl,6,3.0184378886683128,false,-19.951519791954816,2.5262413480418964,true,true,4.530000000007257
unitbox_c_20_30_2_100.jl,6,2.76916921512193,false,-19.951519791954816,-5.8244128660854955,true,true,10.000020000021332
unitbox_c_20_30_2_100.jl,6,2.4841689756547494,false,-19.951519791954816,-7.492559236415717,false,true,10.000020000021332
unitbox_c_20_30_2_100.jl,6,3.4318193273486064,true,-19.951519791954816,-1.5287608936565302,true,true,1.1099999999992847
unitbox_c_20_30_2_100.jl,6,2.862026379110615,false,-19.951519791954816,-6.132802557301227,false,true,10.000020000021332
unitbox_c_20_30_2_100.jl,6,2.2304086768222793,false,-19.951519791954816,-3.03581892382758,false,true,10.000020000021332
unitbox_c_20_30_2_100.jl,6,2.2416332655664917,false,-19.951519791954816,-0.7866830811166178,false,true,10.000020000021332
unitbox_c_20_30_2_100.jl,6,3.3621383173056505,false,-19.951519791954816,1.303972155731271,false,true,10.000020000021332
unitbox_c_20_30_2_100.jl,6,3.034578296766489,true,-19.951519791954816,0.20000000000000084,false,true,4.500000000007504
unitbox_c_20_30_2_100.jl,6,1.8641911115570748,false,-19.951519791954816,-9.350380987861634,true,true,10.000020000021332
unitbox_c_20_30_2_100.jl,6,1.914499874623088,false,-19.951519791954816,-7.431000982411455,true,true,3.660000000009403
unitbox_c_20_30_2_100.jl,6,2.0651743662371507,false,-19.951519791954816,-12.840457412735937,true,true,10.000020000021332
unitbox_c_20_30_2_100.jl,6,2.9615600515953115,false,-19.951519791954816,-9.164893666573226,true,true,10.000020000021332
unitbox_c_20_30_2_100.jl,6,3.212370850839018,false,-19.951519791954816,-4.8653878419137895,true,true,10.000020000021332
unitbox_c_20_30_2_100.jl,6,2.711694824706614,false,-19.951519791954816,-8.21497097624337,true,true,10.000020000021332
unitbox_c_20_30_2_100.jl,6,2.837020392824091,false,-19.951519791954816,-2.1753156808673784,false,true,9.360000000007664
unitbox_c_20_30_2_100.jl,10,2.3143872252358424,true,-19.951519791954816,-17.384184463347445,true,false,6.3299999999924035
unitbox_c_20_30_2_100.jl,10,2.288247935875029,true,-19.951519791954816,-17.39774067198793,true,true,7.589999999982006
unitbox_c_20_30_2_100.jl,10,2.523149403711227,true,-19.951519791954816,-17.02864407060108,true,true,2.880000000004293
unitbox_c_20_30_2_100.jl,10,1.2161439563060215,false,-19.951519791954816,-18.8561854020228,false,true,10.000020000021332
unitbox_c_20_30_2_100.jl,10,2.2822500732523956,true,-19.951519791954816,-17.380000000000003,true,true,2.7900000000037033
unitbox_c_20_30_2_100.jl,10,2.1742767874053133,false,-19.951519791954816,-17.073474656623247,false,true,10.000020000021332
unitbox_c_20_30_2_100.jl,10,2.260143385957066,false,-19.951519791954816,-16.843563640228936,false,true,10.000020000021332
unitbox_c_20_30_2_100.jl,10,2.8650768686325785,true,-19.951519791954816,-11.9,true,true,0.8099999999995398
unitbox_c_20_30_2_100.jl,10,2.41221348609214,true,-19.951519791954816,-17.2521492508518,true,true,2.430000000001345
unitbox_c_20_30_2_100.jl,10,1.3437279415321965,false,-19.951519791954816,-18.37589781506532,true,true,10.000020000021332
unitbox_c_20_30_2_100.jl,10,0.17834423559812834,false,-19.951519791954816,-19.750570239602187,true,true,10.000020000021332
unitbox_c_20_30_2_100.jl,10,2.115117136706875,false,-19.951519791954816,-17.228561014743633,false,true,8.369999999986524
unitbox_c_20_30_2_100.jl,10,2.4917193711766275,true,-19.951519791954816,-11.769999999999998,true,true,0.8999999999994632
unitbox_c_20_30_2_100.jl,10,1.1807471104238612,false,-19.951519791954816,-18.948180540943373,false,true,10.000020000021332
unitbox_c_20_30_2_100.jl,10,2.577436412330001,false,-19.951519791954816,-17.017189518245857,true,true,9.690000000014711
unitbox_c_20_30_2_100.jl,10,1.5933092028131353,true,-19.951519791954816,-16.556164391935834,true,true,2.159999999999576
unitbox_c_20_30_2_100.jl,10,2.135315837880805,true,-19.951519791954816,-17.370487698614554,false,true,2.6400000000027206
unitbox_c_20_30_2_100.jl,10,1.233653176962633,false,-19.951519791954816,-18.76905532526047,true,true,10.000020000021332
unitbox_c_20_30_2_100.jl,10,2.4246533884435575,true,-19.951519791954816,-17.23244437260954,true,true,9.300000000006383
unitbox_c_20_30_2_100.jl,10,0.5417777943169287,true,-19.951519791954816,-19.750242696774542,true,true,1.8299999999986725
unitbox_c_20_30_2_100.jl,10,2.8650768686325785,true,-19.951519791954816,-11.9,true,true,2.4600000000015414
unitbox_c_20_30_2_100.jl,12,2.294756170337963,true,-19.951519791954816,-17.397879157257176,true,false,3.660000000009403
unitbox_c_20_30_2_100.jl,12,0.12120266733961546,false,-19.951519791954816,-19.906504781627586,true,true,10.000020000021332
unitbox_c_20_30_2_100.jl,12,2.1682620493959903,false,-19.951519791954816,-17.00654615626936,false,true,10.000020000021332
unitbox_c_20_30_2_100.jl,12,2.2917864605003,true,-19.951519791954816,-17.398400924815885,true,true,8.459999999988446
unitbox_c_20_30_2_100.jl,12,0.08639391457675534,false,-19.951519791954816,-19.895815830435865,true,true,10.000020000021332
unitbox_c_20_30_2_100.jl,12,2.313867975072413,false,-19.951519791954816,-17.334872428069797,false,true,8.309999999985243
unitbox_c_20_30_2_100.jl,12,2.298917211274118,true,-19.951519791954816,-17.396142140859453,true,true,8.039999999979477
unitbox_c_20_30_2_100.jl,12,2.2879999185384143,true,-19.951519791954816,-17.39761658958743,true,true,6.029999999994879
unitbox_c_20_30_2_100.jl,12,0.00222455108749933,false,-19.951519791954816,-19.950248545973825,true,true,10.000020000021332
unitbox_c_20_30_2_100.jl,12,2.289958856382817,true,-19.951519791954816,-17.39828481922961,true,true,6.839999999988195
unitbox_c_20_30_2_100.jl,12,2.3365404054432317,true,-19.951519791954816,-17.35980342140434,true,true,10.000020000021332
unitbox_c_20_30_2_100.jl,12,0.01666705290918458,false,-19.951519791954816,-19.957370913912335,false,true,10.000020000021332
unitbox_c_20_30_2_100.jl,12,0.0761687308276698,false,-19.951519791954816,-19.906197451757546,true,true,10.000020000021332
unitbox_c_20_30_2_100.jl,12,2.3034180129648902,true,-19.951519791954816,-17.393370234276272,true,true,5.280000000001068
unitbox_c_20_30_2_100.jl,12,2.298304675961804,true,-19.951519791954816,-17.396455376283132,true,true,2.7300000000033102
unitbox_c_20_30_2_100.jl,12,2.2962196640016432,true,-19.951519791954816,-17.397380220332494,true,true,0.8399999999995142
unitbox_c_20_30_2_100.jl,12,2.238902174939393,false,-19.951519791954816,-17.30164961172129,false,true,10.000020000021332
unitbox_c_20_30_2_100.jl,12,0.1277958903392113,false,-19.951519791954816,-19.884466595150492,true,true,10.000020000021332
unitbox_c_20_30_2_100.jl,12,2.2923645881850954,true,-19.951519791954816,-17.39836003237929,true,true,2.9100000000044894
unitbox_c_20_30_2_100.jl,12,1.9917036490807585,true,-19.951519791954816,-17.29878640831973,true,true,6.8699999999879475
unitbox_c_20_30_2_100.jl,12,2.212088223890931,false,-19.951519791954816,-17.030696748442615,false,true,10.000020000021332
unitbox_c_20_30_2_25.jl,6,1.3523339625677016,true,-13.680000398268305,-13.039643247331146,true,false,1.2899999999991316
unitbox_c_20_30_2_25.jl,6,1.7312549934886123,false,-13.680000398268305,-12.640275804712587,true,true,10.000020000021332
unitbox_c_20_30_2_25.jl,6,1.999999976934216,true,-13.680000398268305,-10.9,true,true,2.3400000000007553
unitbox_c_20_30_2_25.jl,6,3.000000024824373,true,-13.680000398268305,-1.0699999999999998,true,true,1.1699999999992337
unitbox_c_20_30_2_25.jl,6,2.2380469332795556,true,-13.680000398268305,-10.966513039204141,true,true,2.9100000000044894
unitbox_c_20_30_2_25.jl,6,2.6457513244734163,true,-13.680000398268305,-6.58,true,true,1.0199999999993612
unitbox_c_20_30_2_25.jl,6,2.4921112835911723,false,-13.680000398268305,-11.725174675305338,false,true,10.000020000021332
unitbox_c_20_30_2_25.jl,6,1.9064188222712926,false,-13.680000398268305,-11.78441844878058,true,true,10.000020000021332
unitbox_c_20_30_2_25.jl,6,2.7382585038112457,false,-13.680000398268305,-8.174190623659229,false,true,10.000020000021332
unitbox_c_20_30_2_25.jl,6,2.4494897409316136,true,-13.680000398268305,-6.69,true,true,3.3600000000074375
unitbox_c_20_30_2_25.jl,6,2.8898013334266994,true,-13.680000398268305,-7.76,true,true,3.3600000000074375
unitbox_c_20_30_2_25.jl,6,2.769873015048871,false,-13.680000398268305,-5.9623124151441615,false,true,10.000020000021332
unitbox_c_20_30_2_25.jl,6,2.1939631508367157,true,-13.680000398268305,-11.534903593266424,true,true,1.7699999999987235
unitbox_c_20_30_2_25.jl,6,3.041803139845928,true,-13.680000398268305,-5.934394189918074,true,true,10.000020000021332
unitbox_c_20_30_2_25.jl,6,3.4703862889356714,false,-13.680000398268305,-1.8960577760368031,false,true,10.000020000021332
unitbox_c_20_30_2_25.jl,6,2.6458499464701366,true,-13.680000398268305,-9.38,true,true,1.1699999999992337
unitbox_c_20_30_2_25.jl,6,2.4494897529547996,true,-13.680000398268305,-8.34,true,true,3.900000000010975
unitbox_c_20_30_2_25.jl,6,2.4494973338377632,false,-13.680000398268305,-10.869130905397512,true,true,10.000020000021332
unitbox_c_20_30_2_25.jl,6,2.466808802856333,false,-13.680000398268305,-7.3036127598196385,true,true,10.000020000021332
unitbox_c_20_30_2_25.jl,6,2.449489746684051,true,-13.680000398268305,-1.6399999999999997,true,true,1.6499999999988255
unitbox_c_20_30_2_25.jl,6,3.6055513005755335,true,-13.680000398268305,1.9399999999999995,false,true,3.840000000010582
unitbox_c_20_30_2_25.jl,10,5.861402161645307e-8,true,-13.680000398268305,-13.68,true,false,9.60000000001279
unitbox_c_20_30_2_25.jl,10,0.5914198695142578,true,-13.680000398268305,-13.650429004400095,true,true,5.070000000002801
unitbox_c_20_30_2_25.jl,10,0.6346535459230759,true,-13.680000398268305,-13.603841573169039,true,true,10.000020000021332
unitbox_c_20_30_2_25.jl,10,1.4142135435779073,true,-13.680000398268305,-13.450000000000001,true,true,7.979999999978788
unitbox_c_20_30_2_25.jl,10,1.7961720739414035,false,-13.680000398268305,-12.284640951363931,true,true,10.000020000021332
unitbox_c_20_30_2_25.jl,10,0.9999999575161975,true,-13.680000398268305,-13.629999999999999,true,true,4.380000000008494
unitbox_c_20_30_2_25.jl,10,1.8585045708458348,false,-13.680000398268305,-12.29888553136018,true,true,10.000020000021332
unitbox_c_20_30_2_25.jl,10,0.4896219628075099,true,-13.680000398268305,-13.607121978449642,true,true,10.000020000021332
unitbox_c_20_30_2_25.jl,10,1.3828254429396334,true,-13.680000398268305,-13.455388612640276,true,true,6.029999999994879
unitbox_c_20_30_2_25.jl,10,1.9228319307291863,false,-13.680000398268305,-12.361874795495224,false,true,10.000020000021332
unitbox_c_20_30_2_25.jl,10,2.235058163571275,true,-13.680000398268305,-10.820542422851688,true,true,6.299999999992651
unitbox_c_20_30_2_25.jl,10,1.4142135721577747,true,-13.680000398268305,-12.839999999999996,true,true,3.1500000000060617
unitbox_c_20_30_2_25.jl,10,0.06726229690848458,true,-13.680000398268305,-13.671928523050791,true,true,4.470000000007752
unitbox_c_20_30_2_25.jl,10,1.7653291246479341,false,-13.680000398268305,-12.241771709475168,true,true,10.000020000021332
unitbox_c_20_30_2_25.jl,10,5.861402161645307e-8,true,-13.680000398268305,-13.68,true,true,5.160000000002058
unitbox_c_20_30_2_25.jl,10,2.4494897621883003,true,-13.680000398268305,-10.919999999999998,true,true,8.399999999987164
unitbox_c_20_30_2_25.jl,10,2.2360679880368175,true,-13.680000398268305,-10.92,true,true,4.440000000007999
unitbox_c_20_30_2_25.jl,10,3.060420197862794,true,-13.680000398268305,-7.679532806752865,true,true,10.000020000021332
unitbox_c_20_30_2_25.jl,10,1.832167638826331,false,-13.680000398268305,-12.311419058207479,true,true,10.000020000021332
unitbox_c_20_30_2_25.jl,10,1.724670628799204,false,-13.680000398268305,-12.243020092704263,true,true,10.000020000021332
unitbox_c_20_30_2_25.jl,10,0.9999999575161975,true,-13.680000398268305,-13.629999999999999,true,true,5.579999999998592
unitbox_c_20_30_2_25.jl,12,2.4909131846250485,true,-13.680000398268305,-10.889234781135347,true,false,9.750000000015993
unitbox_c_20_30_2_25.jl,12,0.37439401373086517,true,-13.680000398268305,-13.644504091931497,true,true,10.000020000021332
unitbox_c_20_30_2_25.jl,12,0.7216527774781103,true,-13.680000398268305,-13.643917359001904,true,true,1.319999999999106
unitbox_c_20_30_2_25.jl,12,0.2556794543785563,true,-13.680000398268305,-13.667216025156883,true,true,8.69999999999357
unitbox_c_20_30_2_25.jl,12,0.11123456065464589,true,-13.680000398268305,-13.674438269843076,true,true,7.559999999982254
unitbox_c_20_30_2_25.jl,12,1.8586789931944316,false,-13.680000398268305,-12.325171885242307,false,true,10.000020000021332
unitbox_c_20_30_2_25.jl,12,1.816979475550767,false,-13.680000398268305,-12.291282121655795,true,true,10.000020000021332
unitbox_c_20_30_2_25.jl,12,0.8177133061192094,true,-13.680000398268305,-13.63911433256985,true,true,1.1999999999992081
unitbox_c_20_30_2_25.jl,12,0.7199458815508248,true,-13.680000398268305,-13.600805951315744,true,true,2.1299999999993795
unitbox_c_20_30_2_25.jl,12,0.7625509642567658,true,-13.680000398268305,-13.579344081715435,true,true,10.000020000021332
unitbox_c_20_30_2_25.jl,12,0.6527218002569444,true,-13.680000398268305,-13.647363907862964,true,true,2.4600000000015414
unitbox_c_20_30_2_25.jl,12,1.8335841887536928,false,-13.680000398268305,-12.312371811682342,true,true,10.000020000021332
unitbox_c_20_30_2_25.jl,12,3.0931736965080368,true,-13.680000398268305,-7.780124804525304,true,true,5.31000000000082
unitbox_c_20_30_2_25.jl,12,0.3770784887372591,true,-13.680000398268305,-13.64912366284037,true,true,10.000020000021332
unitbox_c_20_30_2_25.jl,12,1.8910544720940492,false,-13.680000398268305,-12.341986555134147,false,true,10.000020000021332
unitbox_c_20_30_2_25.jl,12,1.8716371379653363,false,-13.680000398268305,-12.33603344202328,false,true,10.000020000021332
unitbox_c_20_30_2_25.jl,12,0.26065322482110254,true,-13.680000398268305,-13.648506487391014,true,true,10.000020000021332
unitbox_c_20_30_2_25.jl,12,5.861402161645307e-8,true,-13.680000398268305,-13.68,true,true,8.039999999979477
unitbox_c_20_30_2_25.jl,12,5.861402161645307e-8,true,-13.680000398268305,-13.68,true,true,6.179999999993641
unitbox_c_20_30_2_25.jl,12,1.8430018048468042,false,-13.680000398268305,-12.31855731953011,true,true,10.000020000021332
unitbox_c_20_30_2_25.jl,12,5.861402161645307e-8,true,-13.680000398268305,-13.68,true,true,6.929999999987452
unitbox_c_20_30_2_50.jl,6,2.05519637735405,true,-24.709691857915534,-21.198945269293283,false,false,1.7699999999987235
unitbox_c_20_30_2_50.jl,6,2.05546061678787,false,-24.709691857915534,-18.309319561837395,false,true,10.000020000021332
unitbox_c_20_30_2_50.jl,6,2.5476236000961334,false,-24.709691857915534,-7.996181658431152,true,true,10.000020000021332
unitbox_c_20_30_2_50.jl,6,1.6224041990077949,false,-24.709691857915534,-20.504584213236885,false,true,10.000020000021332
unitbox_c_20_30_2_50.jl,6,1.8995445122350183,false,-24.709691857915534,-16.885892350202738,true,true,10.000020000021332
unitbox_c_20_30_2_50.jl,6,1.5112864667820132,false,-24.709691857915534,-20.796747002386603,true,true,10.000020000021332
unitbox_c_20_30_2_50.jl,6,2.162816457407665,false,-24.709691857915534,-16.42233180158258,false,true,10.000020000021332
unitbox_c_20_30_2_50.jl,6,1.985183710052601,true,-24.709691857915534,-14.792501748761513,false,true,10.000020000021332
unitbox_c_20_30_2_50.jl,6,1.322445679903955,false,-24.709691857915534,-20.546873585677158,false,true,10.000020000021332
unitbox_c_20_30_2_50.jl,6,2.7070568778919952,false,-24.709691857915534,-10.429435632874007,false,true,10.000020000021332
unitbox_c_20_30_2_50.jl,6,3.0370760485167505,true,-24.709691857915534,-7.290000000000001,false,true,0.7499999999995908
unitbox_c_20_30_2_50.jl,6,2.274611996459062,false,-24.709691857915534,-14.58687740115344,true,true,10.000020000021332
unitbox_c_20_30_2_50.jl,6,2.1285867702527006,false,-24.709691857915534,-14.749153693996485,true,true,10.000020000021332
unitbox_c_20_30_2_50.jl,6,3.3230585285298972,false,-24.709691857915534,-6.104930341611601,true,true,10.000020000021332
unitbox_c_20_30_2_50.jl,6,2.8656120085195984,false,-24.709691857915534,-9.712078437444891,true,true,10.000020000021332
unitbox_c_20_30_2_50.jl,6,2.3815665064788196,false,-24.709691857915534,-14.577845444579527,false,true,10.000020000021332
unitbox_c_20_30_2_50.jl,6,2.1700909376901176,false,-24.709691857915534,-12.05754532805139,false,true,10.000020000021332
unitbox_c_20_30_2_50.jl,6,1.88001557584106,false,-24.709691857915534,-18.3269999361374,false,true,10.000020000021332
unitbox_c_20_30_2_50.jl,6,1.6763398700886967,false,-24.709691857915534,-17.329870277975633,true,true,10.000020000021332
unitbox_c_20_30_2_50.jl,6,1.1307798515934413,false,-24.709691857915534,-22.596489981244773,false,true,10.000020000021332
unitbox_c_20_30_2_50.jl,6,2.1816229359192207,false,-24.709691857915534,-15.756132338957705,false,true,10.000020000021332
unitbox_c_20_30_2_50.jl,10,1.8104186509353202,true,-24.709691857915534,-22.11,true,false,1.9499999999985704
unitbox_c_20_30_2_50.jl,10,0.2326391381368628,false,-24.709691857915534,-24.497778523317283,true,true,10.000020000021332
unitbox_c_20_30_2_50.jl,10,0.06533063971547902,false,-24.709691857915534,-24.62541471819307,true,true,10.000020000021332
unitbox_c_20_30_2_50.jl,10,0.06743562405101364,false,-24.709691857915534,-24.62269928840023,true,true,10.000020000021332
unitbox_c_20_30_2_50.jl,10,0.046887956511742726,false,-24.709691857915534,-24.77017670732615,false,true,10.000020000021332
unitbox_c_20_30_2_50.jl,10,0.06818790925897612,false,-24.709691857915534,-24.797653646370083,false,true,10.000020000021332
unitbox_c_20_30_2_50.jl,10,0.012851911188538666,false,-24.709691857915534,-24.72627020885916,false,true,10.000020000021332
unitbox_c_20_30_2_50.jl,10,0.044370824130756416,false,-24.709691857915534,-24.652452880297368,true,true,10.000020000021332
unitbox_c_20_30_2_50.jl,10,0.011587537460807346,false,-24.709691857915534,-24.694743320101665,true,true,10.000020000021332
unitbox_c_20_30_2_50.jl,10,0.06892025459638385,false,-24.709691857915534,-24.79859837185534,false,true,10.000020000021332
unitbox_c_20_30_2_50.jl,10,0.08476254112706103,false,-24.709691857915534,-24.819034921479922,false,true,10.000020000021332
unitbox_c_20_30_2_50.jl,10,0.2202709443532954,false,-24.709691857915534,-24.55777916094122,true,true,10.000020000021332
unitbox_c_20_30_2_50.jl,10,0.045885577247193804,false,-24.709691857915534,-24.76888363807488,false,true,10.000020000021332
unitbox_c_20_30_2_50.jl,10,0.32717159951644287,false,-24.709691857915534,-24.574697183310068,false,true,10.000020000021332
unitbox_c_20_30_2_50.jl,10,2.2973061896816427,true,-24.709691857915534,-20.560000000000002,true,true,2.550000000002131
unitbox_c_20_30_2_50.jl,10,0.1146300707953587,false,-24.709691857915534,-24.561818452100017,true,true,10.000020000021332
unitbox_c_20_30_2_50.jl,10,0.22759656526813513,false,-24.709691857915534,-24.42191756436614,true,true,10.000020000021332
unitbox_c_20_30_2_50.jl,10,1.8104186509353202,true,-24.709691857915534,-22.11,true,true,3.9900000000115647
unitbox_c_20_30_2_50.jl,10,0.07789873323221104,false,-24.709691857915534,-24.652125288779157,true,true,10.000020000021332
unitbox_c_20_30_2_50.jl,10,0.20793810412286082,false,-24.709691857915534,-24.431442657363537,true,true,10.000020000021332
unitbox_c_20_30_2_50.jl,10,1.8104186509353202,true,-24.709691857915534,-22.11,true,true,4.350000000008742
unitbox_c_20_30_2_50.jl,12,0.0793121076799935,false,-24.709691857915534,-24.60737862451884,true,false,10.000020000021332
unitbox_c_20_30_2_50.jl,12,0.12973481362900388,false,-24.709691857915534,-24.877049153007427,false,true,10.000020000021332
unitbox_c_20_30_2_50.jl,12,0.030255665161444942,false,-24.709691857915534,-24.670661435367787,true,true,10.000020000021332
unitbox_c_20_30_2_50.jl,12,0.06623987241428964,false,-24.709691857915534,-24.79514067884044,false,true,10.000020000021332
unitbox_c_20_30_2_50.jl,12,0.08136133317260276,false,-24.709691857915534,-24.60473512363338,true,true,10.000020000021332
unitbox_c_20_30_2_50.jl,12,1.8104186509353202,true,-24.709691857915534,-22.11,true,true,3.390000000007634
unitbox_c_20_30_2_50.jl,12,0.13132838925075896,false,-24.709691857915534,-24.540277621292553,true,true,10.000020000021332
unitbox_c_20_30_2_50.jl,12,0.06380589256468427,false,-24.709691857915534,-24.62738164201759,true,true,10.000020000021332
unitbox_c_20_30_2_50.jl,12,0.005497549386585016,false,-24.709691857915534,-24.71678308213454,false,true,10.000020000021332
unitbox_c_20_30_2_50.jl,12,1.8104186509353202,true,-24.709691857915534,-22.11,true,true,3.51000000000842
unitbox_c_20_30_2_50.jl,12,0.050970352249629654,false,-24.709691857915534,-24.64393948902402,true,true,10.000020000021332
unitbox_c_20_30_2_50.jl,12,0.055714722584678,false,-24.709691857915534,-24.637819251291806,true,true,10.000020000021332
unitbox_c_20_30_2_50.jl,12,0.026984620347942294,false,-24.709691857915534,-24.744501403674832,false,true,10.000020000021332
unitbox_c_20_30_2_50.jl,12,1.8104186509353202,true,-24.709691857915534,-22.11,true,true,2.5200000000019345
unitbox_c_20_30_2_50.jl,12,1.8104186509353202,true,-24.709691857915534,-22.11,true,true,1.5899999999988765
unitbox_c_20_30_2_50.jl,12,0.04263458705973505,false,-24.709691857915534,-24.654692626118987,true,true,10.000020000021332
unitbox_c_20_30_2_50.jl,12,0.00990128907543126,false,-24.709691857915534,-24.696918580518815,true,true,10.000020000021332
unitbox_c_20_30_2_50.jl,12,1.8104186509353202,true,-24.709691857915534,-22.11,true,true,2.9100000000044894
unitbox_c_20_30_2_50.jl,12,1.8104186509353202,true,-24.709691857915534,-22.11,true,true,3.900000000010975
unitbox_c_20_30_2_50.jl,12,0.10032598823111476,false,-24.709691857915534,-24.83911176824415,false,true,10.000020000021332
unitbox_c_20_30_2_50.jl,12,0.12014101268505264,false,-24.709691857915534,-24.554709337062313,true,true,10.000020000021332
unitbox_c_20_30_3_100.jl,6,2.814248275725876,true,-21.440000741697897,-23.021796372742656,true,false,2.370000000000952
unitbox_c_20_30_3_100.jl,6,3.7416574203862485,true,-21.440000741697897,-14.029999999999992,true,true,0.6899999999996418
unitbox_c_20_30_3_100.jl,6,2.53461041334097,false,-21.440000741697897,-18.846594657668533,true,true,10.000020000021332
unitbox_c_20_30_3_100.jl,6,2.9469246049992797,false,-21.440000741697897,-0.6825975369481421,true,true,7.199999999985224
unitbox_c_20_30_3_100.jl,6,3.8729833808458145,true,-21.440000741697897,-11.769999999999998,true,true,1.0499999999993357
unitbox_c_20_30_3_100.jl,6,2.4494897629375,true,-21.440000741697897,-12.109999999999996,true,true,0.5699999999997438
unitbox_c_20_30_3_100.jl,6,2.251973097062193,false,-21.440000741697897,-6.651066692782643,true,true,9.420000000008946
unitbox_c_20_30_3_100.jl,6,2.6457513344164347,true,-21.440000741697897,-12.789999999999997,true,true,1.379999999999055
unitbox_c_20_30_3_100.jl,6,2.8284284582285104,true,-21.440000741697897,-6.227848532202928,true,true,0.9299999999994377
unitbox_c_20_30_3_100.jl,6,2.853656128471175,false,-21.440000741697897,-4.567826735229798,true,true,10.000020000021332
unitbox_c_20_30_3_100.jl,6,2.138951130425991,false,-21.440000741697897,-13.616598107107025,true,true,10.000020000021332
unitbox_c_20_30_3_100.jl,6,2.658219907055312,false,-21.440000741697897,-5.389960692600779,true,true,10.000020000021332
unitbox_c_20_30_3_100.jl,6,3.2358480479285383,false,-21.440000741697897,-1.6211965657622642,true,true,10.000020000021332
unitbox_c_20_30_3_100.jl,6,3.162913855495427,true,-21.440000741697897,-14.844265676211089,true,true,1.379999999999055
unitbox_c_20_30_3_100.jl,6,3.0700559022491194,true,-21.440000741697897,-10.24503590918832,true,true,2.099999999999183
unitbox_c_20_30_3_100.jl,6,2.236067996911025,true,-21.440000741697897,-10.289999999999996,true,true,0.6599999999996673
unitbox_c_20_30_3_100.jl,6,3.041566916362402,false,-21.440000741697897,0.8325405242798949,false,true,10.000020000021332
unitbox_c_20_30_3_100.jl,6,3.182800663445263,true,-21.440000741697897,-10.120495249605,true,true,5.040000000003048
unitbox_c_20_30_3_100.jl,6,3.4386051452374864,false,-21.440000741697897,-1.5728711829334674,true,true,10.000020000021332
unitbox_c_20_30_3_100.jl,6,3.2028641856980222,false,-21.440000741697897,-9.315611047992203,true,true,10.000020000021332
unitbox_c_20_30_3_100.jl,6,2.454194974905439,false,-21.440000741697897,-11.853504947038553,true,true,10.000020000021332
unitbox_c_20_30_3_100.jl,10,2.828427150394597,true,-21.440000741697897,-21.97000000000001,true,false,8.939999999998696
unitbox_c_20_30_3_100.jl,10,4.050507317047041e-8,true,-21.440000741697897,-21.44,true,true,0.3899999999998968
unitbox_c_20_30_3_100.jl,10,4.050507317047041e-8,true,-21.440000741697897,-21.44,true,true,1.1099999999992847
unitbox_c_20_30_3_100.jl,10,2.8441188245927442,false,-21.440000741697897,-23.060983596519335,true,true,10.000020000021332
unitbox_c_20_30_3_100.jl,10,2.643384523435336,true,-21.440000741697897,-17.70121753868791,true,true,0.8999999999994632
unitbox_c_20_30_3_100.jl,10,2.8879303288524647,false,-21.440000741697897,-23.63451027671861,true,true,10.000020000021332
unitbox_c_20_30_3_100.jl,10,2.9990680311936333,true,-21.440000741697897,-21.820615334772963,true,true,1.859999999998647
unitbox_c_20_30_3_100.jl,10,2.573744388628997,true,-21.440000741697897,-17.699230882386974,true,true,5.160000000002058
unitbox_c_20_30_3_100.jl,10,4.050507317047041e-8,true,-21.440000741697897,-21.44,true,true,1.0199999999993612
unitbox_c_20_30_3_100.jl,10,2.8353641502309928,true,-21.440000741697897,-21.951392412785268,true,true,4.530000000007257
unitbox_c_20_30_3_100.jl,10,4.050507317047041e-8,true,-21.440000741697897,-21.44,true,true,0.7199999999996163
unitbox_c_20_30_3_100.jl,10,2.8971305567474,false,-21.440000741697897,-23.71324600955717,true,true,10.000020000021332
unitbox_c_20_30_3_100.jl,10,2.828427150394597,true,-21.440000741697897,-21.97000000000001,true,true,2.0699999999989864
unitbox_c_20_30_3_100.jl,10,3.0256469453699073,false,-21.440000741697897,-22.960761015564785,true,true,10.000020000021332
unitbox_c_20_30_3_100.jl,10,3.0651460724653576,false,-21.440000741697897,-23.207703231366267,true,true,10.000020000021332
unitbox_c_20_30_3_100.jl,10,3.8729833806082516,true,-21.440000741697897,-16.399999999999995,true,true,1.5899999999988765
unitbox_c_20_30_3_100.jl,10,4.050507317047041e-8,true,-21.440000741697897,-21.44,true,true,1.1999999999992081
unitbox_c_20_30_3_100.jl,10,4.050507317047041e-8,true,-21.440000741697897,-21.44,true,true,0.6599999999996673
unitbox_c_20_30_3_100.jl,10,2.924835517673842,false,-21.440000741697897,-24.075064769478363,false,true,10.000020000021332
unitbox_c_20_30_3_100.jl,10,2.8284271494243813,true,-21.440000741697897,-21.86000000000001,true,true,1.1999999999992081
unitbox_c_20_30_3_100.jl,10,3.000000026402798,true,-21.440000741697897,-21.82000000000001,true,true,2.7300000000033102
unitbox_c_20_30_3_100.jl,12,4.050507317047041e-8,true,-21.440000741697897,-21.44,true,false,2.0699999999989864
unitbox_c_20_30_3_100.jl,12,4.050507317047041e-8,true,-21.440000741697897,-21.44,true,true,1.559999999998902
unitbox_c_20_30_3_100.jl,12,4.050507317047041e-8,true,-21.440000741697897,-21.44,true,true,0.5399999999997693
unitbox_c_20_30_3_100.jl,12,2.9263682017926818,false,-21.440000741697897,-24.080708079477816,false,true,10.000020000021332
unitbox_c_20_30_3_100.jl,12,3.108160019538959,false,-21.440000741697897,-23.360695843897183,false,true,10.000020000021332
unitbox_c_20_30_3_100.jl,12,2.9151507298448793,false,-21.440000741697897,-24.03794906813134,true,true,10.000020000021332
unitbox_c_20_30_3_100.jl,12,2.918383389435111,false,-21.440000741697897,-24.050629662115274,true,true,10.000020000021332
unitbox_c_20_30_3_100.jl,12,2.096630063737013,false,-21.440000741697897,-17.69347664259637,true,true,10.000020000021332
unitbox_c_20_30_3_100.jl,12,2.9301973261665855,false,-21.440000741697897,-24.09455251989889,false,true,10.000020000021332
unitbox_c_20_30_3_100.jl,12,2.8423689165475308,true,-21.440000741697897,-21.941971518961406,true,true,0.7799999999995653
unitbox_c_20_30_3_100.jl,12,3.0852896137545414,false,-21.440000741697897,-23.28838496337138,true,true,10.000020000021332
unitbox_c_20_30_3_100.jl,12,2.828427150394597,true,-21.440000741697897,-21.97000000000001,true,true,7.559999999982254
unitbox_c_20_30_3_100.jl,12,2.935304972205754,false,-21.440000741697897,-24.112482573849086,false,true,10.000020000021332
unitbox_c_20_30_3_100.jl,12,2.9172520983594774,false,-21.440000741697897,-24.046226670811063,true,true,10.000020000021332
unitbox_c_20_30_3_100.jl,12,3.8729833806082516,true,-21.440000741697897,-16.399999999999995,true,true,1.2299999999991826
unitbox_c_20_30_3_100.jl,12,3.091139438781569,false,-21.440000741697897,-23.3085506840631,true,true,10.000020000021332
unitbox_c_20_30_3_100.jl,12,4.050507317047041e-8,true,-21.440000741697897,-21.44,true,true,0.6599999999996673
unitbox_c_20_30_3_100.jl,12,3.1011617930310296,false,-21.440000741697897,-23.340338907255806,false,true,10.000020000021332
unitbox_c_20_30_3_100.jl,12,2.9050900726911895,false,-21.440000741697897,-23.996388023870836,true,true,10.000020000021332
unitbox_c_20_30_3_100.jl,12,2.924257875547873,false,-21.440000741697897,-24.07292234230586,false,true,10.000020000021332
unitbox_c_20_30_3_100.jl,12,4.050507317047041e-8,true,-21.440000741697897,-21.44,true,true,1.1099999999992847
unitbox_c_20_30_3_25.jl,6,2.936213725244349,true,-9.54418919834114,-3.1224550612599176,true,false,1.799999999998698
unitbox_c_20_30_3_25.jl,6,1.6481630473921995,true,-9.54418919834114,-5.9753806378388115,true,true,1.559999999998902
unitbox_c_20_30_3_25.jl,6,3.2772782478227436,false,-9.54418919834114,1.5121390890179125,false,true,10.000020000021332
unitbox_c_20_30_3_25.jl,6,2.110619278657426,false,-9.54418919834114,-4.271117464667822,true,true,10.000020000021332
unitbox_c_20_30_3_25.jl,6,1.833672179336107,true,-9.54418919834114,-6.257187397732367,true,true,5.42999999999983
unitbox_c_20_30_3_25.jl,6,2.897535794004165,false,-9.54418919834114,0.13170525456987558,false,true,10.000020000021332
unitbox_c_20_30_3_25.jl,6,1.8308211983090115,false,-9.54418919834114,-5.727843321845923,false,true,10.000020000021332
unitbox_c_20_30_3_25.jl,6,2.6591104366360674,false,-9.54418919834114,-2.107565305425374,false,true,10.000020000021332
unitbox_c_20_30_3_25.jl,6,2.1834179233587707,false,-9.54418919834114,-2.1683747198712293,true,true,10.000020000021332
unitbox_c_20_30_3_25.jl,6,3.0341645944854845,false,-9.54418919834114,1.2090413957681028,true,true,10.000020000021332
unitbox_c_20_30_3_25.jl,6,2.123698151112501,false,-9.54418919834114,-1.9685533719023136,false,true,10.000020000021332
unitbox_c_20_30_3_25.jl,6,3.2197712387704738,false,-9.54418919834114,2.8629472854681475,false,true,10.000020000021332
unitbox_c_20_30_3_25.jl,6,2.498187716216263,false,-9.54418919834114,-1.124422693988829,false,true,10.000020000021332
unitbox_c_20_30_3_25.jl,6,2.504708090447358,true,-9.54418919834114,-5.692764570054994,false,true,1.499999999998953
unitbox_c_20_30_3_25.jl,6,1.6463644607812307,false,-9.54418919834114,-7.53193132961083,true,true,10.000020000021332
unitbox_c_20_30_3_25.jl,6,3.122780042352118,false,-9.54418919834114,-2.1897050942531138,false,true,10.000020000021332
unitbox_c_20_30_3_25.jl,6,2.521837959656206,false,-9.54418919834114,-4.131746250314444,false,true,10.000020000021332
unitbox_c_20_30_3_25.jl,6,2.0560950231891293,true,-9.54418919834114,-4.15,false,true,2.880000000004293
unitbox_c_20_30_3_25.jl,6,2.1105404557056042,false,-9.54418919834114,-1.643264352096062,false,true,10.000020000021332
unitbox_c_20_30_3_25.jl,6,2.8684634677210905,false,-9.54418919834114,-1.467780424800809,false,true,10.000020000021332
unitbox_c_20_30_3_25.jl,6,2.700685150948591,false,-9.54418919834114,2.6088664025758925,false,true,10.000020000021332
unitbox_c_20_30_3_25.jl,10,2.451036125712965,false,-9.54418919834114,-7.770227148407887,true,false,10.000020000021332
unitbox_c_20_30_3_25.jl,10,0.3795236509011385,false,-9.54418919834114,-9.514077378903625,false,true,10.000020000021332
unitbox_c_20_30_3_25.jl,10,1.5078234558597172,true,-9.54418919834114,-8.84,true,true,2.5800000000023275
unitbox_c_20_30_3_25.jl,10,2.688405990836451,true,-9.54418919834114,-7.37,true,true,2.490000000001738
unitbox_c_20_30_3_25.jl,10,0.0419332718600438,false,-9.54418919834114,-9.52448022023167,true,true,10.000020000021332
unitbox_c_20_30_3_25.jl,10,2.458483773186806,false,-9.54418919834114,-7.8379041580010025,false,true,10.000020000021332
unitbox_c_20_30_3_25.jl,10,2.4517990352306347,false,-9.54418919834114,-7.780862134180561,true,true,10.000020000021332
unitbox_c_20_30_3_25.jl,10,0.18340548282852137,false,-9.54418919834114,-9.437765822509363,true,true,10.000020000021332
unitbox_c_20_30_3_25.jl,10,0.3226645498766161,false,-9.54418919834114,-9.56829953392818,false,true,10.000020000021332
unitbox_c_20_30_3_25.jl,10,0.4178934133917334,false,-9.54418919834114,-9.298834736715932,true,true,10.000020000021332
unitbox_c_20_30_3_25.jl,10,2.6388135444166836,true,-9.54418919834114,-7.382798560657677,true,true,2.370000000000952
unitbox_c_20_30_3_25.jl,10,0.013071009947579787,false,-9.54418919834114,-9.538045483330542,true,true,10.000020000021332
unitbox_c_20_30_3_25.jl,10,0.35033370645444223,false,-9.54418919834114,-9.509489367555265,false,true,10.000020000021332
unitbox_c_20_30_3_25.jl,10,0.0037740681350483625,true,-9.54418919834114,-9.54241504598249,true,true,10.000020000021332
unitbox_c_20_30_3_25.jl,10,0.05423302708116023,false,-9.54418919834114,-9.518699335277741,true,true,10.000020000021332
unitbox_c_20_30_3_25.jl,10,0.09817348364676073,false,-9.54418919834114,-9.49804732069191,true,true,10.000020000021332
unitbox_c_20_30_3_25.jl,10,2.4511542506510184,false,-9.54418919834114,-7.8787440592859275,false,true,10.000020000021332
unitbox_c_20_30_3_25.jl,10,0.3014069231678333,false,-9.54418919834114,-9.685850111894762,false,true,10.000020000021332
unitbox_c_20_30_3_25.jl,10,1.507823449249426,true,-9.54418919834114,-8.71,true,true,1.559999999998902
unitbox_c_20_30_3_25.jl,10,0.01103905806272596,false,-9.54418919834114,-9.53900050071643,true,true,10.000020000021332
unitbox_c_20_30_3_25.jl,10,2.449763143361802,false,-9.54418919834114,-7.742477335585368,true,true,10.000020000021332
unitbox_c_20_30_3_25.jl,12,0.08674932635697731,false,-9.54418919834114,-9.503416674618109,true,false,10.000020000021332
unitbox_c_20_30_3_25.jl,12,2.449637058824125,false,-9.54418919834114,-7.707573769187962,true,true,10.000020000021332
unitbox_c_20_30_3_25.jl,12,0.1054101791408,false,-9.54418919834114,-9.494646073809708,true,true,10.000020000021332
unitbox_c_20_30_3_25.jl,12,2.449519125746372,false,-9.54418919834114,-7.715751595790201,true,true,10.000020000021332
unitbox_c_20_30_3_25.jl,12,0.036121637030437886,false,-9.54418919834114,-9.56116602741018,false,true,10.000020000021332
unitbox_c_20_30_3_25.jl,12,1.5078234558597172,true,-9.54418919834114,-8.84,true,true,5.519999999999087
unitbox_c_20_30_3_25.jl,12,0.005393092658417572,false,-9.54418919834114,-9.546723611555283,false,true,10.000020000021332
unitbox_c_20_30_3_25.jl,12,0.062203261613440995,false,-9.54418919834114,-9.514953325047571,true,true,10.000020000021332
unitbox_c_20_30_3_25.jl,12,2.4680754875446707,false,-9.54418919834114,-7.888623894528977,false,true,10.000020000021332
unitbox_c_20_30_3_25.jl,12,0.023652617215911925,false,-9.54418919834114,-9.555305588097347,false,true,10.000020000021332
unitbox_c_20_30_3_25.jl,12,2.4585415821724745,false,-9.54418919834114,-7.8382756120692365,false,true,10.000020000021332
unitbox_c_20_30_3_25.jl,12,1.5078234558597172,true,-9.54418919834114,-8.84,true,true,2.4600000000015414
unitbox_c_20_30_3_25.jl,12,0.053441433798321065,false,-9.54418919834114,-9.519071384120679,true,true,10.000020000021332
unitbox_c_20_30_3_25.jl,12,0.038347940898754804,false,-9.54418919834114,-9.526165325783477,true,true,10.000020000021332
unitbox_c_20_30_3_25.jl,12,2.45212752818541,false,-9.54418919834114,-7.7848876522465815,true,true,10.000020000021332
unitbox_c_20_30_3_25.jl,12,2.454164935575895,false,-9.54418919834114,-7.805625012889019,true,true,10.000020000021332
unitbox_c_20_30_3_25.jl,12,0.023043336088027038,false,-9.54418919834114,-9.555019225967243,false,true,10.000020000021332
unitbox_c_20_30_3_25.jl,12,0.10290465911954505,false,-9.54418919834114,-9.592554047792067,false,true,10.000020000021332
unitbox_c_20_30_3_25.jl,12,0.08053698260692246,false,-9.54418919834114,-9.506336476180632,true,true,10.000020000021332
unitbox_c_20_30_3_25.jl,12,1.5078234558597172,true,-9.54418919834114,-8.84,true,true,7.679999999981264
unitbox_c_20_30_3_25.jl,12,0.08498092961432419,false,-9.54418919834114,-9.504247821087155,true,true,10.000020000021332
unitbox_c_20_30_3_50.jl,6,1.9646053502188792,true,-28.83000068296313,-26.404908629032796,true,false,1.4099999999990296
unitbox_c_20_30_3_50.jl,6,2.236067996246796,true,-28.83000068296313,-25.309999999999988,true,true,0.4499999999998458
unitbox_c_20_30_3_50.jl,6,2.211142105465713,true,-28.83000068296313,-23.249303454152123,true,true,0.9299999999994377
unitbox_c_20_30_3_50.jl,6,2.5445505313780896,false,-28.83000068296313,-14.179497856213574,true,true,10.000020000021332
unitbox_c_20_30_3_50.jl,6,1.8642404662294958,false,-28.83000068296313,-22.250629544668435,true,true,10.000020000021332
unitbox_c_20_30_3_50.jl,6,1.7671691317529663,false,-28.83000068296313,-23.87842837764493,true,true,10.000020000021332
unitbox_c_20_30_3_50.jl,6,2.5255296651829706,false,-28.83000068296313,-12.313348802422745,false,true,10.000020000021332
unitbox_c_20_30_3_50.jl,6,2.0000436773662407,true,-28.83000068296313,-21.719116943162515,true,true,10.000020000021332
unitbox_c_20_30_3_50.jl,6,2.710155905799144,false,-28.83000068296313,-23.50019057645503,true,true,10.000020000021332
unitbox_c_20_30_3_50.jl,6,2.0043487585327475,false,-28.83000068296313,-20.912685658476715,true,true,10.000020000021332
unitbox_c_20_30_3_50.jl,6,2.056447966904489,false,-28.83000068296313,-15.586739142767069,true,true,10.000020000021332
unitbox_c_20_30_3_50.jl,6,2.4494897618940135,true,-28.83000068296313,-18.039999999999996,true,true,2.4600000000015414
unitbox_c_20_30_3_50.jl,6,3.2392378552040695,false,-28.83000068296313,-13.33043055121174,true,true,10.000020000021332
unitbox_c_20_30_3_50.jl,6,2.4760978531777975,false,-28.83000068296313,-15.604094810206325,true,true,10.000020000021332
unitbox_c_20_30_3_50.jl,6,2.4760381220578944,false,-28.83000068296313,-10.075757901249716,false,true,10.000020000021332
unitbox_c_20_30_3_50.jl,6,2.2664529630051415,false,-28.83000068296313,-19.767746354356074,true,true,10.000020000021332
unitbox_c_20_30_3_50.jl,6,2.4494897644431615,true,-28.83000068296313,-21.890000000000004,true,true,0.5399999999997693
unitbox_c_20_30_3_50.jl,6,2.8284271473021296,true,-28.83000068296313,-17.499999999999996,true,true,3.210000000006455
unitbox_c_20_30_3_50.jl,6,1.7320508226850335,true,-28.83000068296313,-24.539999999999992,true,true,2.5200000000019345
unitbox_c_20_30_3_50.jl,6,2.2360679976579014,true,-28.83000068296313,-17.089999999999996,true,true,0.7499999999995908
unitbox_c_20_30_3_50.jl,6,2.555292947424703,false,-28.83000068296313,-20.577919130233145,true,true,10.000020000021332
unitbox_c_20_30_3_50.jl,10,2.000000016221874,true,-28.83000068296313,-28.709999999999997,true,false,0.9899999999993867
unitbox_c_20_30_3_50.jl,10,2.000000016221874,true,-28.83000068296313,-28.709999999999997,true,true,1.8899999999986214
unitbox_c_20_30_3_50.jl,10,2.000000016221874,true,-28.83000068296313,-28.709999999999997,true,true,1.5899999999988765
unitbox_c_20_30_3_50.jl,10,1.934295183900629,true,-28.83000068296313,-28.618327757459678,true,true,10.000020000021332
unitbox_c_20_30_3_50.jl,10,2.4494897635372643,true,-28.83000068296313,-27.060000000000002,true,true,6.689999999989433
unitbox_c_20_30_3_50.jl,10,2.000000016221874,true,-28.83000068296313,-28.709999999999997,true,true,1.5899999999988765
unitbox_c_20_30_3_50.jl,10,1.414213569670105,true,-28.83000068296313,-27.81999999999999,true,true,4.470000000007752
unitbox_c_20_30_3_50.jl,10,2.4494897633249657,true,-28.83000068296313,-28.179999999999996,true,true,0.8699999999994887
unitbox_c_20_30_3_50.jl,10,2.4494897633249657,true,-28.83000068296313,-28.179999999999996,true,true,5.4599999999995825
unitbox_c_20_30_3_50.jl,10,2.000000016221874,true,-28.83000068296313,-28.709999999999997,true,true,3.840000000010582
unitbox_c_20_30_3_50.jl,10,2.000000016221874,true,-28.83000068296313,-28.709999999999997,true,true,1.6799999999988
unitbox_c_20_30_3_50.jl,10,2.645751330690691,true,-28.83000068296313,-27.459999999999994,true,true,3.3600000000074375
unitbox_c_20_30_3_50.jl,10,2.000000016221874,true,-28.83000068296313,-28.709999999999997,true,true,1.859999999998647
unitbox_c_20_30_3_50.jl,10,2.819234396336512,false,-28.83000068296313,-27.4965761868478,false,true,5.759999999997107
unitbox_c_20_30_3_50.jl,10,2.2453793886538143,true,-28.83000068296313,-27.719630105234497,true,true,10.000020000021332
unitbox_c_20_30_3_50.jl,10,2.645751330690691,true,-28.83000068296313,-27.459999999999994,true,true,4.290000000009237
unitbox_c_20_30_3_50.jl,10,1.0000000012945287,true,-28.83000068296313,-28.53999999999999,true,true,5.010000000003296
unitbox_c_20_30_3_50.jl,10,1.7871339940109183,true,-28.83000068296313,-26.82183511396734,true,true,10.000020000021332
unitbox_c_20_30_3_50.jl,10,2.645751330690691,true,-28.83000068296313,-27.459999999999994,true,true,2.280000000000362
unitbox_c_20_30_3_50.jl,10,3.952900574473204e-8,true,-28.83000068296313,-28.82999999999999,true,true,9.210000000004461
unitbox_c_20_30_3_50.jl,10,3.952900574473204e-8,true,-28.83000068296313,-28.82999999999999,true,true,6.239999999993146
unitbox_c_20_30_3_50.jl,12,2.4494897633249657,true,-28.83000068296313,-28.179999999999996,true,false,1.979999999998545
unitbox_c_20_30_3_50.jl,12,2.000000016221874,true,-28.83000068296313,-28.709999999999997,true,true,3.6300000000092063
unitbox_c_20_30_3_50.jl,12,3.952900574473204e-8,true,-28.83000068296313,-28.82999999999999,true,true,7.229999999984977
unitbox_c_20_30_3_50.jl,12,3.952900574473204e-8,true,-28.83000068296313,-28.82999999999999,true,true,6.449999999991413
unitbox_c_20_30_3_50.jl,12,2.000000016221874,true,-28.83000068296313,-28.709999999999997,true,true,2.1899999999997726
unitbox_c_20_30_3_50.jl,12,2.4494897633249657,true,-28.83000068296313,-28.179999999999996,true,true,2.7900000000037033
unitbox_c_20_30_3_50.jl,12,2.000000016221874,true,-28.83000068296313,-28.709999999999997,true,true,2.219999999999969
unitbox_c_20_30_3_50.jl,12,3.952900574473204e-8,true,-28.83000068296313,-28.82999999999999,true,true,8.999999999999977
unitbox_c_20_30_3_50.jl,12,2.000000016221874,true,-28.83000068296313,-28.709999999999997,true,true,1.5299999999989276
unitbox_c_20_30_3_50.jl,12,2.645751330690691,true,-28.83000068296313,-27.459999999999994,true,true,1.799999999998698
unitbox_c_20_30_3_50.jl,12,3.952900574473204e-8,true,-28.83000068296313,-28.82999999999999,true,true,3.780000000010189
unitbox_c_20_30_3_50.jl,12,3.952900574473204e-8,true,-28.83000068296313,-28.82999999999999,true,true,3.5400000000086167
unitbox_c_20_30_3_50.jl,12,3.952900574473204e-8,true,-28.83000068296313,-28.82999999999999,true,true,0.9899999999993867
unitbox_c_20_30_3_50.jl,12,2.000000016221874,true,-28.83000068296313,-28.709999999999997,true,true,1.439999999999004
unitbox_c_20_30_3_50.jl,12,2.4494897633249657,true,-28.83000068296313,-28.179999999999996,true,true,1.6799999999988
unitbox_c_20_30_3_50.jl,12,2.000000016221874,true,-28.83000068296313,-28.709999999999997,true,true,1.2299999999991826
unitbox_c_20_30_3_50.jl,12,2.4494897635372643,true,-28.83000068296313,-27.060000000000002,true,true,5.909999999995869
unitbox_c_20_30_3_50.jl,12,0.5912779278769763,true,-28.83000068296313,-28.658529401291087,true,true,10.000020000021332
unitbox_c_20_30_3_50.jl,12,3.952900574473204e-8,true,-28.83000068296313,-28.82999999999999,true,true,7.439999999983244
unitbox_c_20_30_3_50.jl,12,3.952900574473204e-8,true,-28.83000068296313,-28.82999999999999,true,true,5.66999999999785
unitbox_c_20_30_3_50.jl,12,3.952900574473204e-8,true,-28.83000068296313,-28.82999999999999,true,true,1.8299999999986725
unitbox_c_20_40_1_100.jl,6,2.985328042797418,false,-15.471778199087467,-16.349480200570557,true,false,10.000020000021332
unitbox_c_20_40_1_100.jl,6,2.366073276618138,false,-15.471778199087467,-7.964737814685687,false,true,10.000020000021332
unitbox_c_20_40_1_100.jl,6,2.914312580469156,false,-15.471778199087467,-9.35566049094055,false,true,10.000020000021332
unitbox_c_20_40_1_100.jl,6,2.9055679523463884,false,-15.471778199087467,2.999352143620534,false,true,10.000020000021332
unitbox_c_20_40_1_100.jl,6,2.935194515155187,false,-15.471778199087467,-14.222052107564663,true,true,10.000020000021332
unitbox_c_20_40_1_100.jl,6,1.4465503202086274,false,-15.471778199087467,-12.72012534055002,false,true,10.000020000021332
unitbox_c_20_40_1_100.jl,6,2.402256359062549,false,-15.471778199087467,-7.35921008699565,true,true,10.000020000021332
unitbox_c_20_40_1_100.jl,6,2.6099190076177745,false,-15.471778199087467,-4.575992262307706,false,true,10.000020000021332
unitbox_c_20_40_1_100.jl,6,3.2632201106715826,false,-15.471778199087467,-3.6430932931463493,false,true,10.000020000021332
unitbox_c_20_40_1_100.jl,6,3.28237674299254,false,-15.471778199087467,-9.401184155084724,true,true,10.000020000021332
unitbox_c_20_40_1_100.jl,6,3.1537446177699766,false,-15.471778199087467,-0.5845537154221725,true,true,7.289999999984482
unitbox_c_20_40_1_100.jl,6,2.7963982759991897,false,-15.471778199087467,-0.6748266652688076,false,true,10.000020000021332
unitbox_c_20_40_1_100.jl,6,3.1152300689531955,false,-15.471778199087467,-5.453702345572885,true,true,10.000020000021332
unitbox_c_20_40_1_100.jl,6,3.1538655908576976,false,-15.471778199087467,-12.187665769314535,true,true,10.000020000021332
unitbox_c_20_40_1_100.jl,6,3.408556835284169,true,-15.471778199087467,-8.4,true,true,1.0499999999993357
unitbox_c_20_40_1_100.jl,6,3.223068357956683,false,-15.471778199087467,-8.677849802204266,false,true,10.000020000021332
unitbox_c_20_40_1_100.jl,6,2.1348217344286775,false,-15.471778199087467,-5.74720098095912,true,true,10.000020000021332
unitbox_c_20_40_1_100.jl,6,2.6374155818099205,false,-15.471778199087467,0.08332341939326432,true,true,10.000020000021332
unitbox_c_20_40_1_100.jl,6,3.5806177848045526,false,-15.471778199087467,-9.58322192070421,true,true,10.000020000021332
unitbox_c_20_40_1_100.jl,6,3.284794246323396,false,-15.471778199087467,-5.120354419426397,true,true,10.000020000021332
unitbox_c_20_40_1_100.jl,6,2.4973478910318745,false,-15.471778199087467,-9.418827253160472,true,true,10.000020000021332
unitbox_c_20_40_1_100.jl,10,2.328934508883199,true,-15.471778199087467,-14.529363099346144,true,false,2.219999999999969
unitbox_c_20_40_1_100.jl,10,3.0183435240751137,false,-15.471778199087467,-11.671801452221432,true,true,10.000020000021332
unitbox_c_20_40_1_100.jl,10,3.402501042627396,true,-15.471778199087467,-19.29692964151285,true,true,2.159999999999576
unitbox_c_20_40_1_100.jl,10,3.402612510106481,true,-15.471778199087467,-19.296756369558985,true,true,1.3499999999990806
unitbox_c_20_40_1_100.jl,10,3.8371384110125355,false,-15.471778199087467,-19.177086720274296,false,true,10.000020000021332
unitbox_c_20_40_1_100.jl,10,2.799358824633369,true,-15.471778199087467,-15.323158667655393,true,true,1.6799999999988
unitbox_c_20_40_1_100.jl,10,3.6706809610628026,false,-15.471778199087467,-19.25185578008436,false,true,10.000020000021332
unitbox_c_20_40_1_100.jl,10,1.4926361305260605,false,-15.471778199087467,-16.38662358263106,false,true,10.000020000021332
unitbox_c_20_40_1_100.jl,10,3.275741038149264,false,-15.471778199087467,-18.763048110827473,true,true,10.000020000021332
unitbox_c_20_40_1_100.jl,10,0.38555566286973564,false,-15.471778199087467,-15.94449996037917,false,true,10.000020000021332
unitbox_c_20_40_1_100.jl,10,3.567904296706642,false,-15.471778199087467,-18.54417604358071,false,true,10.000020000021332
unitbox_c_20_40_1_100.jl,10,3.4023902068678464,false,-15.471778199087467,-18.818539293746635,false,true,10.000020000021332
unitbox_c_20_40_1_100.jl,10,3.314606888820889,true,-15.471778199087467,-15.450485073787839,true,true,1.7099999999987745
unitbox_c_20_40_1_100.jl,10,3.543422808934112,false,-15.471778199087467,-18.3501913317519,true,true,10.000020000021332
unitbox_c_20_40_1_100.jl,10,3.6129134511737795,false,-15.471778199087467,-18.66824708210498,false,true,10.000020000021332
unitbox_c_20_40_1_100.jl,10,3.3737391150614413,true,-15.471778199087467,-19.285088809737733,true,true,1.2899999999991316
unitbox_c_20_40_1_100.jl,10,3.3934976949536244,true,-15.471778199087467,-19.308008763878334,true,true,4.890000000004286
unitbox_c_20_40_1_100.jl,10,1.466268981260824,false,-15.471778199087467,-16.01879931866021,true,true,10.000020000021332
unitbox_c_20_40_1_100.jl,10,2.2810147892903294,true,-15.471778199087467,-16.809127351692243,true,true,3.5400000000086167
unitbox_c_20_40_1_100.jl,10,1.922002516648242,false,-15.471778199087467,-15.70566864910216,true,true,7.829999999980026
unitbox_c_20_40_1_100.jl,10,3.3712032150743334,true,-15.471778199087467,-19.25985419855972,true,true,2.1899999999997726
unitbox_c_20_40_1_100.jl,12,3.0234125072439806,true,-15.471778199087467,-16.407937494303326,true,false,2.880000000004293
unitbox_c_20_40_1_100.jl,12,2.748332604947527,false,-15.471778199087467,-11.220878502681659,true,true,5.489999999999335
unitbox_c_20_40_1_100.jl,12,1.9160913062573885,false,-15.471778199087467,-15.948725652850118,false,true,6.359999999992156
unitbox_c_20_40_1_100.jl,12,3.3841144578776623,true,-15.471778199087467,-19.310495638255546,true,true,3.270000000006848
unitbox_c_20_40_1_100.jl,12,3.389430777762501,true,-15.471778199087467,-19.31058528793118,true,true,4.170000000010227
unitbox_c_20_40_1_100.jl,12,3.0185149307585326,true,-15.471778199087467,-16.408886032740195,true,true,3.4800000000082236
unitbox_c_20_40_1_100.jl,12,3.3857869618864136,true,-15.471778199087467,-19.311043544530335,true,true,2.610000000002524
unitbox_c_20_40_1_100.jl,12,2.791000267550584,false,-15.471778199087467,-17.5470171949387,false,true,10.000020000021332
unitbox_c_20_40_1_100.jl,12,3.621123257103235,false,-15.471778199087467,-18.593319212753073,false,true,10.000020000021332
unitbox_c_20_40_1_100.jl,12,3.472009230094403,true,-15.471778199087467,-15.267526154023415,true,true,2.940000000004686
unitbox_c_20_40_1_100.jl,12,2.7946541299867715,false,-15.471778199087467,-17.469606056153985,true,true,10.000020000021332
unitbox_c_20_40_1_100.jl,12,0.4676551231135293,false,-15.471778199087467,-14.696634488607776,true,true,10.000020000021332
unitbox_c_20_40_1_100.jl,12,3.806391220107503,false,-15.471778199087467,-17.821792178786648,true,true,10.000020000021332
unitbox_c_20_40_1_100.jl,12,3.3365535575581156,false,-15.471778199087467,-19.073808970163643,true,true,10.000020000021332
unitbox_c_20_40_1_100.jl,12,0.24936093402903917,false,-15.471778199087467,-15.892868134626177,false,true,10.000020000021332
unitbox_c_20_40_1_100.jl,12,2.777051089961728,true,-15.471778199087467,-15.332455862874223,true,true,3.840000000010582
unitbox_c_20_40_1_100.jl,12,0.2859214937331745,false,-15.471778199087467,-15.942573068957106,false,true,10.000020000021332
unitbox_c_20_40_1_100.jl,12,3.6088412324692016,false,-15.471778199087467,-18.586137969901,false,true,10.000020000021332
unitbox_c_20_40_1_100.jl,12,2.7875124884005724,true,-15.471778199087467,-15.333953016888504,true,true,0.9599999999994122
unitbox_c_20_40_1_100.jl,12,3.2780018406006874,true,-15.471778199087467,-18.810822720083596,true,true,2.3400000000007553
unitbox_c_20_40_1_100.jl,12,3.4707479915896275,true,-15.471778199087467,-15.262952622354057,true,true,2.490000000001738
unitbox_c_20_40_1_25.jl,6,2.69770918913038,true,-10.590000376396432,-3.8372994841354116,true,false,1.0799999999993102
unitbox_c_20_40_1_25.jl,6,2.8434885764601043,true,-10.590000376396432,2.8438049236645497,true,true,10.000020000021332
unitbox_c_20_40_1_25.jl,6,3.0000000227677255,true,-10.590000376396432,0.2999999999999998,false,true,1.6499999999988255
unitbox_c_20_40_1_25.jl,6,2.4494897628993013,true,-10.590000376396432,-5.67,true,true,3.330000000007241
unitbox_c_20_40_1_25.jl,6,2.4567405005427276,false,-10.590000376396432,-3.3407160005390577,true,true,10.000020000021332
unitbox_c_20_40_1_25.jl,6,3.0000000265170663,true,-10.590000376396432,2.059999999999999,true,true,7.889999999979531
unitbox_c_20_40_1_25.jl,6,2.8283147794763317,false,-10.590000376396432,-2.6203687203437225,false,true,10.000020000021332
unitbox_c_20_40_1_25.jl,6,2.8277474689686963,false,-10.590000376396432,3.445343600322815,false,true,10.000020000021332
unitbox_c_20_40_1_25.jl,6,2.5302832644113815,false,-10.590000376396432,0.962245618693675,false,true,10.000020000021332
unitbox_c_20_40_1_25.jl,6,2.875838846549009,false,-10.590000376396432,-1.8060376469185593,true,true,10.000020000021332
unitbox_c_20_40_1_25.jl,6,2.703134114282133,false,-10.590000376396432,2.315737523078922,false,true,10.000020000021332
unitbox_c_20_40_1_25.jl,6,3.182110539650104,false,-10.590000376396432,-2.5440434901115205,true,true,10.000020000021332
unitbox_c_20_40_1_25.jl,6,2.2360679920430595,true,-10.590000376396432,-5.84,true,true,4.140000000010475
unitbox_c_20_40_1_25.jl,6,3.322797713517928,true,-10.590000376396432,2.3960058663517914,false,true,3.3000000000070444
unitbox_c_20_40_1_25.jl,6,2.199036871454657,false,-10.590000376396432,-4.793424405830758,true,true,10.000020000021332
unitbox_c_20_40_1_25.jl,6,2.0024885614396988,false,-10.590000376396432,-4.750020993891973,true,true,10.000020000021332
unitbox_c_20_40_1_25.jl,6,2.649742481522022,false,-10.590000376396432,3.845161119130906,true,true,10.000020000021332
unitbox_c_20_40_1_25.jl,6,2.0000000169194623,true,-10.590000376396432,-7.89,true,true,3.000000000005079
unitbox_c_20_40_1_25.jl,6,1.154241287233724,false,-10.590000376396432,-8.060995166685544,true,true,10.000020000021332
unitbox_c_20_40_1_25.jl,6,2.8334796677631995,false,-10.590000376396432,4.251136107753212,true,true,10.000020000021332
unitbox_c_20_40_1_25.jl,6,2.4563594230231494,false,-10.590000376396432,-2.067083296899421,false,true,10.000020000021332
unitbox_c_20_40_1_25.jl,10,1.7320508221325557,true,-10.590000376396432,-9.19,true,false,4.440000000007999
unitbox_c_20_40_1_25.jl,10,3.7579618052757805e-8,true,-10.590000376396432,-10.59,true,true,2.430000000001345
unitbox_c_20_40_1_25.jl,10,3.7579618052757805e-8,true,-10.590000376396432,-10.59,true,true,4.860000000004534
unitbox_c_20_40_1_25.jl,10,2.6463874584385962,true,-10.590000376396432,-6.033037454551669,true,true,4.530000000007257
unitbox_c_20_40_1_25.jl,10,3.7579618052757805e-8,true,-10.590000376396432,-10.59,true,true,5.280000000001068
unitbox_c_20_40_1_25.jl,10,3.7579618052757805e-8,true,-10.590000376396432,-10.59,true,true,4.290000000009237
unitbox_c_20_40_1_25.jl,10,3.7579618052757805e-8,true,-10.590000376396432,-10.59,true,true,4.710000000005771
unitbox_c_20_40_1_25.jl,10,1.7320508221325557,true,-10.590000376396432,-9.19,true,true,3.6300000000092063
unitbox_c_20_40_1_25.jl,10,0.5761355659583979,false,-10.590000376396432,-10.209750530568101,true,true,10.000020000021332
unitbox_c_20_40_1_25.jl,10,3.7579618052757805e-8,true,-10.590000376396432,-10.59,true,true,2.8200000000039
unitbox_c_20_40_1_25.jl,10,2.2735800724739534,true,-10.590000376396432,-7.805966309745374,true,true,1.8899999999986214
unitbox_c_20_40_1_25.jl,10,3.7579618052757805e-8,true,-10.590000376396432,-10.59,true,true,3.000000000005079
unitbox_c_20_40_1_25.jl,10,1.7320508221325557,true,-10.590000376396432,-9.19,true,true,1.7699999999987235
unitbox_c_20_40_1_25.jl,10,0.04228893817810687,false,-10.590000376396432,-10.527835273087977,true,true,10.000020000021332
unitbox_c_20_40_1_25.jl,10,3.7579618052757805e-8,true,-10.590000376396432,-10.59,true,true,3.270000000006848
unitbox_c_20_40_1_25.jl,10,0.46292925959583164,true,-10.590000376396432,-10.474267685098912,true,true,10.000020000021332
unitbox_c_20_40_1_25.jl,10,3.7579618052757805e-8,true,-10.590000376396432,-10.59,true,true,7.799999999980273
unitbox_c_20_40_1_25.jl,10,3.3639231171906174,true,-10.590000376396432,-5.744500499127923,true,true,10.000020000021332
unitbox_c_20_40_1_25.jl,10,3.7579618052757805e-8,true,-10.590000376396432,-10.59,true,true,3.8700000000107786
unitbox_c_20_40_1_25.jl,10,3.1129130234387494,true,-10.590000376396432,-4.20800389813555,true,true,1.6799999999988
unitbox_c_20_40_1_25.jl,10,2.236067991928684,true,-10.590000376396432,-7.880000000000001,true,true,7.919999999979283
unitbox_c_20_40_1_25.jl,12,2.6549348106859068,true,-10.590000376396432,-6.042206325611532,true,false,5.66999999999785
unitbox_c_20_40_1_25.jl,12,3.7579618052757805e-8,true,-10.590000376396432,-10.59,true,true,4.6500000000062665
unitbox_c_20_40_1_25.jl,12,3.162277684351594,true,-10.590000376396432,-6.47,true,true,3.6300000000092063
unitbox_c_20_40_1_25.jl,12,3.7579618052757805e-8,true,-10.590000376396432,-10.59,true,true,5.130000000002306
unitbox_c_20_40_1_25.jl,12,2.44153544978716,false,-10.590000376396432,-7.152731223252665,true,true,10.000020000021332
unitbox_c_20_40_1_25.jl,12,3.7579618052757805e-8,true,-10.590000376396432,-10.59,true,true,4.860000000004534
unitbox_c_20_40_1_25.jl,12,3.162277684351594,true,-10.590000376396432,-6.47,true,true,1.799999999998698
unitbox_c_20_40_1_25.jl,12,2.6716644402725245,false,-10.590000376396432,-6.80192540667296,true,true,10.000020000021332
unitbox_c_20_40_1_25.jl,12,3.7579618052757805e-8,true,-10.590000376396432,-10.59,true,true,4.290000000009237
unitbox_c_20_40_1_25.jl,12,2.236067991928684,true,-10.590000376396432,-7.880000000000001,true,true,8.849999999996774
unitbox_c_20_40_1_25.jl,12,1.7320508221325557,true,-10.590000376396432,-9.19,true,true,4.500000000007504
unitbox_c_20_40_1_25.jl,12,2.236067991928684,true,-10.590000376396432,-7.880000000000001,true,true,2.1899999999997726
unitbox_c_20_40_1_25.jl,12,1.7320508221325557,true,-10.590000376396432,-9.19,true,true,3.4800000000082236
unitbox_c_20_40_1_25.jl,12,2.4494897628980064,true,-10.590000376396432,-7.160000000000001,true,true,3.0300000000052756
unitbox_c_20_40_1_25.jl,12,3.7579618052757805e-8,true,-10.590000376396432,-10.59,true,true,4.110000000010722
unitbox_c_20_40_1_25.jl,12,1.6834146244041752,true,-10.590000376396432,-7.9364570499786735,true,true,10.000020000021332
unitbox_c_20_40_1_25.jl,12,3.7579618052757805e-8,true,-10.590000376396432,-10.59,true,true,5.849999999996364
unitbox_c_20_40_1_25.jl,12,3.7579618052757805e-8,true,-10.590000376396432,-10.59,true,true,1.799999999998698
unitbox_c_20_40_1_25.jl,12,0.3245851431871397,true,-10.590000376396432,-10.375773809597131,true,true,10.000020000021332
unitbox_c_20_40_1_25.jl,12,2.2301581561928163,true,-10.590000376396432,-6.619468576247817,true,true,2.219999999999969
unitbox_c_20_40_1_25.jl,12,2.236067995943757,true,-10.590000376396432,-6.62,true,true,7.4699999999829965
unitbox_c_20_40_1_50.jl,6,2.9607173007008356,false,-21.086229218073925,-17.391735635199304,true,false,2.7600000000035068
unitbox_c_20_40_1_50.jl,6,3.1156563239241035,false,-21.086229218073925,-17.172412868429713,false,true,10.000020000021332
unitbox_c_20_40_1_50.jl,6,2.3608296685808616,false,-21.086229218073925,-15.097560077491117,true,true,10.000020000021332
unitbox_c_20_40_1_50.jl,6,3.2911636010894494,false,-21.086229218073925,-0.11963659258256099,false,true,10.000020000021332
unitbox_c_20_40_1_50.jl,6,3.0367531777731256,false,-21.086229218073925,-6.40608101206169,true,true,10.000020000021332
unitbox_c_20_40_1_50.jl,6,2.8312652385894506,true,-21.086229218073925,-16.279999999999998,false,true,0.9299999999994377
unitbox_c_20_40_1_50.jl,6,2.844888059078597,false,-21.086229218073925,-11.3375407187985,false,true,10.000020000021332
unitbox_c_20_40_1_50.jl,6,2.6158167458390738,false,-21.086229218073925,-8.156653790403588,true,true,10.000020000021332
unitbox_c_20_40_1_50.jl,6,2.59403801078959,false,-21.086229218073925,-12.033740498601619,false,true,10.000020000021332
unitbox_c_20_40_1_50.jl,6,3.0703334949409653,false,-21.086229218073925,-8.398649688489991,true,true,10.000020000021332
unitbox_c_20_40_1_50.jl,6,3.6193004896280074,false,-21.086229218073925,-8.616257668592809,false,true,10.000020000021332
unitbox_c_20_40_1_50.jl,6,2.8528638976848644,false,-21.086229218073925,-18.06965003019702,true,true,10.000020000021332
unitbox_c_20_40_1_50.jl,6,2.4540552018990915,false,-21.086229218073925,-6.890594693570799,false,true,10.000020000021332
unitbox_c_20_40_1_50.jl,6,2.601588790955996,false,-21.086229218073925,-12.983312541583183,true,true,10.000020000021332
unitbox_c_20_40_1_50.jl,6,3.025824150253054,false,-21.086229218073925,-10.19605779108596,true,true,10.000020000021332
unitbox_c_20_40_1_50.jl,6,2.816136015726921,false,-21.086229218073925,-16.10575357189615,true,true,10.000020000021332
unitbox_c_20_40_1_50.jl,6,3.1244448986916384,false,-21.086229218073925,-6.150896115590498,false,true,10.000020000021332
unitbox_c_20_40_1_50.jl,6,3.2530742957652317,false,-21.086229218073925,-11.774829257345313,false,true,10.000020000021332
unitbox_c_20_40_1_50.jl,6,3.087948837283617,false,-21.086229218073925,-6.67872247174214,false,true,10.000020000021332
unitbox_c_20_40_1_50.jl,6,2.461098189274867,false,-21.086229218073925,-12.106932879253181,true,true,10.000020000021332
unitbox_c_20_40_1_50.jl,6,2.079142458429059,false,-21.086229218073925,-9.042795966560012,false,true,10.000020000021332
unitbox_c_20_40_1_50.jl,10,1.748082934150609,false,-21.086229218073925,-20.955482155517767,true,false,10.000020000021332
unitbox_c_20_40_1_50.jl,10,0.1267634752248516,false,-21.086229218073925,-21.265497402996935,false,true,10.000020000021332
unitbox_c_20_40_1_50.jl,10,2.2109598241333455,true,-21.086229218073925,-21.327445127224387,false,true,2.1299999999993795
unitbox_c_20_40_1_50.jl,10,2.4005385259614647,true,-21.086229218073925,-21.8,true,true,4.08000000001097
unitbox_c_20_40_1_50.jl,10,1.7650895714217307,false,-21.086229218073925,-20.951333910611417,true,true,10.000020000021332
unitbox_c_20_40_1_50.jl,10,2.600507493468169,true,-21.086229218073925,-21.968309995145685,true,true,1.8899999999986214
unitbox_c_20_40_1_50.jl,10,2.600499758821654,true,-21.086229218073925,-21.969146735380818,true,true,3.900000000010975
unitbox_c_20_40_1_50.jl,10,1.035535172885258,false,-21.086229218073925,-20.672301917678308,false,true,10.000020000021332
unitbox_c_20_40_1_50.jl,10,2.4005385259614647,true,-21.086229218073925,-21.8,true,true,2.7000000000031137
unitbox_c_20_40_1_50.jl,10,2.4176350945403837,true,-21.086229218073925,-21.848791549097058,true,true,10.000020000021332
unitbox_c_20_40_1_50.jl,10,2.4005385259614647,true,-21.086229218073925,-21.8,true,true,2.550000000002131
unitbox_c_20_40_1_50.jl,10,1.7475718239538878,true,-21.086229218073925,-20.955634665770372,true,true,1.439999999999004
unitbox_c_20_40_1_50.jl,10,2.960166426196899,true,-21.086229218073925,-18.669999999999995,true,true,1.859999999998647
unitbox_c_20_40_1_50.jl,10,0.29018746851861216,false,-21.086229218073925,-20.800113650292378,true,true,10.000020000021332
unitbox_c_20_40_1_50.jl,10,0.046612718467856085,false,-21.086229218073925,-21.153817193259908,false,true,10.000020000021332
unitbox_c_20_40_1_50.jl,10,1.3276238744451885,true,-21.086229218073925,-20.630000000000003,true,true,6.299999999992651
unitbox_c_20_40_1_50.jl,10,2.4005385259614647,true,-21.086229218073925,-21.8,true,true,8.609999999991649
unitbox_c_20_40_1_50.jl,10,1.7795844622933825,false,-21.086229218073925,-20.94858807092411,true,true,10.000020000021332
unitbox_c_20_40_1_50.jl,10,2.4005385259614647,true,-21.086229218073925,-21.8,true,true,2.0099999999985934
unitbox_c_20_40_1_50.jl,10,2.401561802579691,false,-21.086229218073925,-21.81191683718112,true,true,10.000020000021332
unitbox_c_20_40_1_50.jl,10,2.600497209420148,true,-21.086229218073925,-21.96983678543083,true,true,0.7199999999996163
unitbox_c_20_40_1_50.jl,12,0.00268938357708787,false,-21.086229218073925,-21.082329145295127,true,false,10.000020000021332
unitbox_c_20_40_1_50.jl,12,2.600497112595777,true,-21.086229218073925,-21.97,true,true,4.770000000005276
unitbox_c_20_40_1_50.jl,12,1.8341668710364532,true,-21.086229218073925,-20.947601128480823,true,true,6.239999999993146
unitbox_c_20_40_1_50.jl,12,0.020157069118059326,false,-21.086229218073925,-21.115456501702678,false,true,10.000020000021332
unitbox_c_20_40_1_50.jl,12,2.0831581888687047,false,-21.086229218073925,-21.314535081972934,true,true,10.000020000021332
unitbox_c_20_40_1_50.jl,12,2.600497112595777,true,-21.086229218073925,-21.97,true,true,4.770000000005276
unitbox_c_20_40_1_50.jl,12,2.600497112595777,true,-21.086229218073925,-21.97,true,true,6.3299999999924035
unitbox_c_20_40_1_50.jl,12,1.7653383195733063,true,-21.086229218073925,-20.951282337186196,true,true,6.389999999991908
unitbox_c_20_40_1_50.jl,12,1.7442059285899965,false,-21.086229218073925,-20.95670811048186,false,true,10.000020000021332
unitbox_c_20_40_1_50.jl,12,1.7433728411193141,false,-21.086229218073925,-20.95699583387184,false,true,10.000020000021332
unitbox_c_20_40_1_50.jl,12,0.013867395464328166,false,-21.086229218073925,-21.10633647490474,false,true,10.000020000021332
unitbox_c_20_40_1_50.jl,12,2.600497112595777,true,-21.086229218073925,-21.97,true,true,1.619999999998851
unitbox_c_20_40_1_50.jl,12,2.600497112595777,true,-21.086229218073925,-21.97,true,true,6.569999999990423
unitbox_c_20_40_1_50.jl,12,2.600497112595777,true,-21.086229218073925,-21.97,true,true,5.699999999997602
unitbox_c_20_40_1_50.jl,12,2.600497112595777,true,-21.086229218073925,-21.97,true,true,5.969999999995374
unitbox_c_20_40_1_50.jl,12,2.600497112595777,true,-21.086229218073925,-21.97,true,true,2.4000000000011483
unitbox_c_20_40_1_50.jl,12,2.0707638122881202,false,-21.086229218073925,-21.325755648103332,false,true,10.000020000021332
unitbox_c_20_40_1_50.jl,12,2.493920374034539,true,-21.086229218073925,-21.914929757640387,true,true,10.000020000021332
unitbox_c_20_40_1_50.jl,12,2.600497112595777,true,-21.086229218073925,-21.97,true,true,3.450000000008027
unitbox_c_20_40_1_50.jl,12,1.7414868147196783,false,-21.086229218073925,-20.957688760205993,false,true,10.000020000021332
unitbox_c_20_40_1_50.jl,12,2.4005385258069962,true,-21.086229218073925,-19.04,true,true,1.6799999999988
unitbox_c_20_40_2_100.jl,6,1.9994822268145296,false,-30.510000817006492,-26.25690195761288,true,false,10.000020000021332
unitbox_c_20_40_2_100.jl,6,3.162277685059162,true,-30.510000817006492,-17.540000000000003,false,true,1.319999999999106
unitbox_c_20_40_2_100.jl,6,2.52879649454471,false,-30.510000817006492,-15.695603695109881,false,true,10.000020000021332
unitbox_c_20_40_2_100.jl,6,2.6397758224657855,false,-30.510000817006492,-19.257638984615948,false,true,10.000020000021332
unitbox_c_20_40_2_100.jl,6,2.3593424816390804,false,-30.510000817006492,-13.179648184645897,true,true,10.000020000021332
unitbox_c_20_40_2_100.jl,6,3.0273049661001017,false,-30.510000817006492,-12.443839238719608,false,true,10.000020000021332
unitbox_c_20_40_2_100.jl,6,2.4833110796455076,false,-30.510000817006492,-10.704332034369587,true,true,10.000020000021332
unitbox_c_20_40_2_100.jl,6,2.3154920533649213,false,-30.510000817006492,-20.128461537455287,false,true,10.000020000021332
unitbox_c_20_40_2_100.jl,6,3.1946037366467874,false,-30.510000817006492,-5.172210517964648,true,true,10.000020000021332
unitbox_c_20_40_2_100.jl,6,1.9157439186690906,false,-30.510000817006492,-28.994058213254306,false,true,10.000020000021332
unitbox_c_20_40_2_100.jl,6,2.0031886744995213,false,-30.510000817006492,-23.52668468291119,false,true,10.000020000021332
unitbox_c_20_40_2_100.jl,6,3.1353232539556055,false,-30.510000817006492,-20.80765017905731,false,true,10.000020000021332
unitbox_c_20_40_2_100.jl,6,2.6016580848199253,false,-30.510000817006492,-15.753285470226494,true,true,10.000020000021332
unitbox_c_20_40_2_100.jl,6,2.361588756868332,false,-30.510000817006492,-14.44879935534692,false,true,10.000020000021332
unitbox_c_20_40_2_100.jl,6,3.1594743124652966,false,-30.510000817006492,-10.800396192582506,true,true,4.860000000004534
unitbox_c_20_40_2_100.jl,6,2.9043944859803723,false,-30.510000817006492,-19.866591097356782,true,true,10.000020000021332
unitbox_c_20_40_2_100.jl,6,1.8934439412522142,true,-30.510000817006492,-29.19301956865787,true,true,2.159999999999576
unitbox_c_20_40_2_100.jl,6,2.730292380810432,false,-30.510000817006492,-15.73315232947429,false,true,10.000020000021332
unitbox_c_20_40_2_100.jl,6,2.8121673713043687,false,-30.510000817006492,-17.50950288101567,true,true,10.000020000021332
unitbox_c_20_40_2_100.jl,6,2.748496280661014,false,-30.510000817006492,-4.068074216066158,false,true,10.000020000021332
unitbox_c_20_40_2_100.jl,6,2.0489474357281336,false,-30.510000817006492,-20.43178830967418,true,true,10.000020000021332
unitbox_c_20_40_2_100.jl,10,2.236067996922502,true,-30.510000817006492,-28.950000000000006,true,false,1.6799999999988
unitbox_c_20_40_2_100.jl,10,0.19792168577729283,false,-30.510000817006492,-30.256083417561392,true,true,10.000020000021332
unitbox_c_20_40_2_100.jl,10,2.032596311022826,true,-30.510000817006492,-30.504404391858145,true,true,2.670000000002917
unitbox_c_20_40_2_100.jl,10,1.6869806118635973,false,-30.510000817006492,-28.325735389300867,true,true,8.759999999994852
unitbox_c_20_40_2_100.jl,10,1.9340348989851037,false,-30.510000817006492,-30.161729663773322,false,true,10.000020000021332
unitbox_c_20_40_2_100.jl,10,0.33690458719219496,true,-30.510000817006492,-30.484615821973584,true,true,0.7199999999996163
unitbox_c_20_40_2_100.jl,10,1.4481211422382938,false,-30.510000817006492,-29.897246152826124,true,true,7.109999999985967
unitbox_c_20_40_2_100.jl,10,1.8792321280060231,false,-30.510000817006492,-30.305983641852276,true,true,3.120000000005865
unitbox_c_20_40_2_100.jl,10,2.044959067730929,false,-30.510000817006492,-30.51010704803974,false,true,4.140000000010475
unitbox_c_20_40_2_100.jl,10,4.003192658802122e-8,true,-30.510000817006492,-30.510000000000012,true,true,6.149999999993889
unitbox_c_20_40_2_100.jl,10,0.30974306169344523,false,-30.510000817006492,-30.40302672805696,true,true,10.000020000021332
unitbox_c_20_40_2_100.jl,10,0.1611884388709766,false,-30.510000817006492,-30.487375545824484,true,true,10.000020000021332
unitbox_c_20_40_2_100.jl,10,2.236067996922502,true,-30.510000817006492,-28.950000000000006,true,true,1.9499999999985704
unitbox_c_20_40_2_100.jl,10,2.249455647008065,false,-30.510000817006492,-28.952614547379255,false,true,10.000020000021332
unitbox_c_20_40_2_100.jl,10,2.017230171205197,true,-30.510000817006492,-30.48480269016687,true,true,1.9499999999985704
unitbox_c_20_40_2_100.jl,10,2.0128125586367718,false,-30.510000817006492,-30.474382393089083,true,true,9.060000000001258
unitbox_c_20_40_2_100.jl,10,0.33312923432419933,false,-30.510000817006492,-30.193997176888853,true,true,10.000020000021332
unitbox_c_20_40_2_100.jl,10,2.236067996922502,true,-30.510000817006492,-28.950000000000006,true,true,2.8500000000040964
unitbox_c_20_40_2_100.jl,10,0.10585175350532897,false,-30.510000817006492,-30.364293978250885,true,true,10.000020000021332
unitbox_c_20_40_2_100.jl,10,2.4634575235349563,false,-30.510000817006492,-30.156029150116723,false,true,10.000020000021332
unitbox_c_20_40_2_100.jl,10,2.236067996922502,true,-30.510000817006492,-28.950000000000006,true,true,1.6799999999988
unitbox_c_20_40_2_100.jl,12,2.0371592494014945,false,-30.510000817006492,-30.507254247120674,false,false,7.439999999983244
unitbox_c_20_40_2_100.jl,12,2.5461239024648368,false,-30.510000817006492,-26.500965375083236,false,true,6.419999999991661
unitbox_c_20_40_2_100.jl,12,1.414556670373702,false,-30.510000817006492,-30.330587241932008,true,true,10.000020000021332
unitbox_c_20_40_2_100.jl,12,1.3383908812602507,false,-30.510000817006492,-30.405946535100743,false,true,10.000020000021332
unitbox_c_20_40_2_100.jl,12,4.003192658802122e-8,true,-30.510000817006492,-30.510000000000012,true,true,1.439999999999004
unitbox_c_20_40_2_100.jl,12,2.024924860914754,false,-30.510000817006492,-30.49699632216468,true,true,5.759999999997107
unitbox_c_20_40_2_100.jl,12,2.236067996922502,true,-30.510000817006492,-28.950000000000006,true,true,1.2599999999991571
unitbox_c_20_40_2_100.jl,12,1.6568688629405772,false,-30.510000817006492,-28.71468250464136,false,true,7.919999999979283
unitbox_c_20_40_2_100.jl,12,0.4032187796969819,false,-30.510000817006492,-30.489512836430684,false,true,10.000020000021332
unitbox_c_20_40_2_100.jl,12,4.003192658802122e-8,true,-30.510000817006492,-30.510000000000012,true,true,1.8899999999986214
unitbox_c_20_40_2_100.jl,12,4.003192658802122e-8,true,-30.510000817006492,-30.510000000000012,true,true,0.9599999999994122
unitbox_c_20_40_2_100.jl,12,2.3702222351075903,false,-30.510000817006492,-28.57029409913374,true,true,10.000020000021332
unitbox_c_20_40_2_100.jl,12,2.23634947042677,true,-30.510000817006492,-28.947627339416925,true,true,2.099999999999183
unitbox_c_20_40_2_100.jl,12,2.610719370099876,false,-30.510000817006492,-26.520045324381865,false,true,10.000020000021332
unitbox_c_20_40_2_100.jl,12,4.003192658802122e-8,true,-30.510000817006492,-30.510000000000012,true,true,1.8899999999986214
unitbox_c_20_40_2_100.jl,12,0.3791584566479721,false,-30.510000817006492,-30.48735992885862,false,true,10.000020000021332
unitbox_c_20_40_2_100.jl,12,2.043451436248524,false,-30.510000817006492,-30.509728736283012,false,true,4.170000000010227
unitbox_c_20_40_2_100.jl,12,2.236068060715293,true,-30.510000817006492,-28.949957375373238,true,true,1.6499999999988255
unitbox_c_20_40_2_100.jl,12,2.2375356884625304,true,-30.510000817006492,-28.945946967336464,true,true,0.8699999999994887
unitbox_c_20_40_2_100.jl,12,4.003192658802122e-8,true,-30.510000817006492,-30.510000000000012,true,true,4.380000000008494
unitbox_c_20_40_2_100.jl,12,4.003192658802122e-8,true,-30.510000817006492,-30.510000000000012,true,true,2.1899999999997726
unitbox_c_20_40_2_25.jl,6,2.0088501958358402,false,-10.82542478589562,-9.180739288009141,false,false,0.9599999999994122
unitbox_c_20_40_2_25.jl,6,2.730415614264267,false,-10.82542478589562,-3.1570797068953045,false,true,10.000020000021332
unitbox_c_20_40_2_25.jl,6,2.4638019620424014,false,-10.82542478589562,-4.923751647085102,true,true,10.000020000021332
unitbox_c_20_40_2_25.jl,6,2.4708704740992142,false,-10.82542478589562,-7.188793094017112,false,true,10.000020000021332
unitbox_c_20_40_2_25.jl,6,2.988160784507364,true,-10.82542478589562,-6.1899999999999995,true,true,4.020000000011465
unitbox_c_20_40_2_25.jl,6,2.7383403304150797,false,-10.82542478589562,-1.8776271918501926,true,true,10.000020000021332
unitbox_c_20_40_2_25.jl,6,2.163703115389317,true,-10.82542478589562,-6.019999999999999,true,true,1.979999999998545
unitbox_c_20_40_2_25.jl,6,2.139661277062539,false,-10.82542478589562,-6.851353601118892,false,true,10.000020000021332
unitbox_c_20_40_2_25.jl,6,2.594693000019347,false,-10.82542478589562,-5.345649734603873,false,true,10.000020000021332
unitbox_c_20_40_2_25.jl,6,2.2810300973518958,false,-10.82542478589562,-4.408367463330095,true,true,10.000020000021332
unitbox_c_20_40_2_25.jl,6,3.3731596136404582,true,-10.82542478589562,-1.8117129564294958,false,true,3.000000000005079
unitbox_c_20_40_2_25.jl,6,3.3500243109964165,false,-10.82542478589562,0.19384111208823462,false,true,10.000020000021332
unitbox_c_20_40_2_25.jl,6,2.384270963865787,false,-10.82542478589562,-2.930963393344506,true,true,10.000020000021332
unitbox_c_20_40_2_25.jl,6,2.752631716225602,true,-10.82542478589562,-6.209999999999999,false,true,2.1899999999997726
unitbox_c_20_40_2_25.jl,6,3.2682734397480178,true,-10.82542478589562,-3.709999999999998,false,true,5.42999999999983
unitbox_c_20_40_2_25.jl,6,2.946457405942998,true,-10.82542478589562,-3.7799999999999985,false,true,2.940000000004686
unitbox_c_20_40_2_25.jl,6,3.2461185839473945,false,-10.82542478589562,-1.7273449001261467,false,true,10.000020000021332
unitbox_c_20_40_2_25.jl,6,3.3059196755030826,true,-10.82542478589562,-1.8399999999999999,true,true,2.2500000000001656
unitbox_c_20_40_2_25.jl,6,2.7371419690075136,false,-10.82542478589562,-3.289947179860304,false,true,10.000020000021332
unitbox_c_20_40_2_25.jl,6,1.741761934964324,true,-10.82542478589562,-5.349999999999999,false,true,0.8399999999995142
unitbox_c_20_40_2_25.jl,6,3.0049128719044518,true,-10.82542478589562,-1.4527744532523983,false,true,1.0199999999993612
unitbox_c_20_40_2_25.jl,10,0.03877496338176557,false,-10.82542478589562,-10.833588973679,false,false,10.000020000021332
unitbox_c_20_40_2_25.jl,10,2.2723421147948732,false,-10.82542478589562,-8.022637934155227,false,true,10.000020000021332
unitbox_c_20_40_2_25.jl,10,0.06839265142706362,false,-10.82542478589562,-10.773433824436346,true,true,10.000020000021332
unitbox_c_20_40_2_25.jl,10,2.2894213626940756,false,-10.82542478589562,-7.999860556532715,false,true,10.000020000021332
unitbox_c_20_40_2_25.jl,10,1.1575738061920837,false,-10.82542478589562,-10.116856567561008,true,true,10.000020000021332
unitbox_c_20_40_2_25.jl,10,2.8500860519765836,false,-10.82542478589562,-8.43264191231647,false,true,10.000020000021332
unitbox_c_20_40_2_25.jl,10,2.2758234733944316,false,-10.82542478589562,-8.719011065616847,false,true,10.000020000021332
unitbox_c_20_40_2_25.jl,10,2.7040742397019404,false,-10.82542478589562,-7.8630732386027935,true,true,10.000020000021332
unitbox_c_20_40_2_25.jl,10,2.732703283261292,false,-10.82542478589562,-7.768464085433968,false,true,9.390000000008305
unitbox_c_20_40_2_25.jl,10,2.325650701766521,false,-10.82542478589562,-9.352930640174048,false,true,10.000020000021332
unitbox_c_20_40_2_25.jl,10,2.568964300713424,false,-10.82542478589562,-9.001620757801337,true,true,10.000020000021332
unitbox_c_20_40_2_25.jl,10,2.7082308526473127,true,-10.82542478589562,-7.861609632628807,true,true,10.000020000021332
unitbox_c_20_40_2_25.jl,10,2.3769119646290835,false,-10.82542478589562,-9.229380888324226,true,true,10.000020000021332
unitbox_c_20_40_2_25.jl,10,0.1746721316542513,false,-10.82542478589562,-10.755175600138823,false,true,10.000020000021332
unitbox_c_20_40_2_25.jl,10,2.0728672827061394,false,-10.82542478589562,-8.55562138566357,true,true,10.000020000021332
unitbox_c_20_40_2_25.jl,10,2.3802767837328016,false,-10.82542478589562,-9.2219734435614,true,true,10.000020000021332
unitbox_c_20_40_2_25.jl,10,2.435003632467343,false,-10.82542478589562,-9.00426645613292,true,true,10.000020000021332
unitbox_c_20_40_2_25.jl,10,0.1562507038962962,false,-10.82542478589562,-10.846739888307113,false,true,10.000020000021332
unitbox_c_20_40_2_25.jl,10,2.6743379454717817,true,-10.82542478589562,-7.875918702467831,false,true,6.119999999994136
unitbox_c_20_40_2_25.jl,10,0.24598671043620687,false,-10.82542478589562,-10.707207268747982,false,true,10.000020000021332
unitbox_c_20_40_2_25.jl,10,2.104389273587395,false,-10.82542478589562,-8.25503160547763,true,true,10.000020000021332
unitbox_c_20_40_2_25.jl,12,0.09151192848128793,false,-10.82542478589562,-10.88040159856667,false,false,10.000020000021332
unitbox_c_20_40_2_25.jl,12,2.3706013993240678,false,-10.82542478589562,-9.243469518276985,true,true,10.000020000021332
unitbox_c_20_40_2_25.jl,12,2.473744990994337,false,-10.82542478589562,-9.336834701990131,false,true,10.000020000021332
unitbox_c_20_40_2_25.jl,12,0.13398224489167887,false,-10.82542478589562,-10.677865869185485,false,true,10.000020000021332
unitbox_c_20_40_2_25.jl,12,0.15212868098874494,false,-10.82542478589562,-10.779196462905432,true,true,10.000020000021332
unitbox_c_20_40_2_25.jl,12,0.5270144365502855,false,-10.82542478589562,-10.69348898716516,false,true,10.000020000021332
unitbox_c_20_40_2_25.jl,12,2.3470826892329018,false,-10.82542478589562,-9.298373264513508,false,true,10.000020000021332
unitbox_c_20_40_2_25.jl,12,0.11080854702154652,false,-10.82542478589562,-10.783260681772422,false,true,10.000020000021332
unitbox_c_20_40_2_25.jl,12,2.347267586699715,false,-10.82542478589562,-8.930776649394732,true,true,10.000020000021332
unitbox_c_20_40_2_25.jl,12,0.04482937606961412,false,-10.82542478589562,-10.932492973130692,false,true,10.000020000021332
unitbox_c_20_40_2_25.jl,12,0.17561684922450388,false,-10.82542478589562,-10.864438206113487,false,true,10.000020000021332
unitbox_c_20_40_2_25.jl,12,2.3376115695415605,false,-10.82542478589562,-9.321982722122158,false,true,10.000020000021332
unitbox_c_20_40_2_25.jl,12,2.2601223925624336,false,-10.82542478589562,-9.32913421049378,false,true,10.000020000021332
unitbox_c_20_40_2_25.jl,12,2.434975323990036,true,-10.82542478589562,-9.02,true,true,1.3499999999990806
unitbox_c_20_40_2_25.jl,12,2.3390828766594782,false,-10.82542478589562,-9.311755503925518,false,true,10.000020000021332
unitbox_c_20_40_2_25.jl,12,2.6794896408420215,false,-10.82542478589562,-8.167249326716785,true,true,10.000020000021332
unitbox_c_20_40_2_25.jl,12,0.082541383779185,false,-10.82542478589562,-10.797427287658437,false,true,10.000020000021332
unitbox_c_20_40_2_25.jl,12,2.350247107501721,false,-10.82542478589562,-8.924277747696404,true,true,10.000020000021332
unitbox_c_20_40_2_25.jl,12,1.5482746846954734,false,-10.82542478589562,-9.16355371137029,true,true,10.000020000021332
unitbox_c_20_40_2_25.jl,12,2.3848119119361617,false,-10.82542478589562,-9.212099577001709,true,true,10.000020000021332
unitbox_c_20_40_2_25.jl,12,2.434975323990036,true,-10.82542478589562,-9.02,true,true,2.7900000000037033
unitbox_c_20_40_2_50.jl,6,1.2581054826063411,false,-24.264369347488753,-23.796737117705,false,false,10.000020000021332
unitbox_c_20_40_2_50.jl,6,2.5893599081445955,false,-24.264369347488753,-9.496886538611694,false,true,10.000020000021332
unitbox_c_20_40_2_50.jl,6,2.453880175407941,false,-24.264369347488753,-14.263476710614604,false,true,10.000020000021332
unitbox_c_20_40_2_50.jl,6,2.4329403573269284,false,-24.264369347488753,-8.476859014696208,true,true,10.000020000021332
unitbox_c_20_40_2_50.jl,6,2.357840707471142,false,-24.264369347488753,-14.517598330061823,false,true,10.000020000021332
unitbox_c_20_40_2_50.jl,6,2.718713681119015,false,-24.264369347488753,-17.791411050936066,false,true,10.000020000021332
unitbox_c_20_40_2_50.jl,6,2.67750403449119,false,-24.264369347488753,-14.761562861495097,true,true,10.000020000021332
unitbox_c_20_40_2_50.jl,6,3.1971138148295837,false,-24.264369347488753,-13.879999999999999,false,true,2.7000000000031137
unitbox_c_20_40_2_50.jl,6,2.215994747482789,false,-24.264369347488753,-9.837656575556226,true,true,10.000020000021332
unitbox_c_20_40_2_50.jl,6,3.194510140524923,true,-24.264369347488753,-14.229999999999997,false,true,2.099999999999183
unitbox_c_20_40_2_50.jl,6,3.4959314620976483,true,-24.264369347488753,-16.039999999999996,false,true,1.5899999999988765
unitbox_c_20_40_2_50.jl,6,3.3627941276583244,false,-24.264369347488753,-9.849214170092722,true,true,10.000020000021332
unitbox_c_20_40_2_50.jl,6,2.706174050892126,false,-24.264369347488753,-11.087550679505162,true,true,10.000020000021332
unitbox_c_20_40_2_50.jl,6,2.4169094691378326,false,-24.264369347488753,-16.04833506084409,false,true,10.000020000021332
unitbox_c_20_40_2_50.jl,6,2.059634531263822,true,-24.264369347488753,-13.329999999999997,false,true,0.8999999999994632
unitbox_c_20_40_2_50.jl,6,2.9363801299629686,false,-24.264369347488753,-16.19486759690122,false,true,10.000020000021332
unitbox_c_20_40_2_50.jl,6,2.284262948829234,false,-24.264369347488753,-7.957282366665936,false,true,10.000020000021332
unitbox_c_20_40_2_50.jl,6,2.898020840648768,false,-24.264369347488753,-8.44609711252036,true,true,10.000020000021332
unitbox_c_20_40_2_50.jl,6,3.0589624694167665,false,-24.264369347488753,-12.307031523399703,false,true,10.000020000021332
unitbox_c_20_40_2_50.jl,6,3.0177360732316463,true,-24.264369347488753,-8.882582179310045,false,true,1.619999999998851
unitbox_c_20_40_2_50.jl,6,3.0857579535070583,false,-24.264369347488753,-8.862317611909603,true,true,10.000020000021332
unitbox_c_20_40_2_50.jl,10,0.0864363924532283,false,-24.264369347488753,-24.3080453202742,false,false,10.000020000021332
unitbox_c_20_40_2_50.jl,10,1.4499442350235754,false,-24.264369347488753,-24.07188415004502,false,true,10.000020000021332
unitbox_c_20_40_2_50.jl,10,1.5650553756321948,false,-24.264369347488753,-24.565574877435534,false,true,10.000020000021332
unitbox_c_20_40_2_50.jl,10,1.513265416516373,false,-24.264369347488753,-22.527258388416218,true,true,10.000020000021332
unitbox_c_20_40_2_50.jl,10,0.2677055806674562,false,-24.264369347488753,-24.011910522590924,true,true,10.000020000021332
unitbox_c_20_40_2_50.jl,10,0.5384619900740782,false,-24.264369347488753,-24.179981625823444,false,true,10.000020000021332
unitbox_c_20_40_2_50.jl,10,0.7448515827574123,false,-24.264369347488753,-24.453127633129807,false,true,10.000020000021332
unitbox_c_20_40_2_50.jl,10,2.67296244853332,false,-24.264369347488753,-20.757449757420677,false,true,10.000020000021332
unitbox_c_20_40_2_50.jl,10,0.9366714233523495,false,-24.264369347488753,-23.78505778408329,true,true,10.000020000021332
unitbox_c_20_40_2_50.jl,10,0.30707934947645993,false,-24.264369347488753,-24.11258180294722,true,true,10.000020000021332
unitbox_c_20_40_2_50.jl,10,0.5083213517142138,false,-24.264369347488753,-24.523283038495723,false,true,10.000020000021332
unitbox_c_20_40_2_50.jl,10,0.5236946946748061,false,-24.264369347488753,-23.99195393119331,true,true,10.000020000021332
unitbox_c_20_40_2_50.jl,10,1.3307317785501438,false,-24.264369347488753,-24.08712236496741,false,true,10.000020000021332
unitbox_c_20_40_2_50.jl,10,1.1860808269338636,false,-24.264369347488753,-23.93363574500198,true,true,10.000020000021332
unitbox_c_20_40_2_50.jl,10,0.5601180173998526,false,-24.264369347488753,-24.087806307307904,true,true,10.000020000021332
unitbox_c_20_40_2_50.jl,10,0.21623473741019933,false,-24.264369347488753,-24.37355622964646,false,true,10.000020000021332
unitbox_c_20_40_2_50.jl,10,0.5306459790232829,false,-24.264369347488753,-24.33558573372311,false,true,10.000020000021332
unitbox_c_20_40_2_50.jl,10,1.5862522759846982,false,-24.264369347488753,-24.333092761586943,false,true,10.000020000021332
unitbox_c_20_40_2_50.jl,10,1.4517801557394803,false,-24.264369347488753,-22.45347138264255,true,true,10.000020000021332
unitbox_c_20_40_2_50.jl,10,0.5433565267549302,false,-24.264369347488753,-24.286918452869383,false,true,10.000020000021332
unitbox_c_20_40_2_50.jl,10,1.5240589661232053,false,-24.264369347488753,-23.921588282361917,false,true,10.000020000021332
unitbox_c_20_40_2_50.jl,12,1.511528374073445,false,-24.264369347488753,-22.54170595999299,true,false,10.000020000021332
unitbox_c_20_40_2_50.jl,12,0.1679394598054578,false,-24.264369347488753,-24.270672523263134,false,true,10.000020000021332
unitbox_c_20_40_2_50.jl,12,0.032792578475100344,false,-24.264369347488753,-24.27598172732397,false,true,10.000020000021332
unitbox_c_20_40_2_50.jl,12,0.28052448349805514,false,-24.264369347488753,-24.21077080007132,false,true,10.000020000021332
unitbox_c_20_40_2_50.jl,12,0.9588912733118923,false,-24.264369347488753,-24.116068927541825,false,true,10.000020000021332
unitbox_c_20_40_2_50.jl,12,0.1454580252898121,false,-24.264369347488753,-24.289532503645262,false,true,10.000020000021332
unitbox_c_20_40_2_50.jl,12,0.08029569796848669,false,-24.264369347488753,-24.25397922748031,false,true,10.000020000021332
unitbox_c_20_40_2_50.jl,12,0.990655860777873,false,-24.264369347488753,-23.91251547822347,true,true,10.000020000021332
unitbox_c_20_40_2_50.jl,12,1.0624673096705466,false,-24.264369347488753,-24.01039426923311,false,true,10.000020000021332
unitbox_c_20_40_2_50.jl,12,2.784096730146604,false,-24.264369347488753,-18.57315158753815,false,true,10.000020000021332
unitbox_c_20_40_2_50.jl,12,0.6181972143089506,false,-24.264369347488753,-24.11697595332879,false,true,10.000020000021332
unitbox_c_20_40_2_50.jl,12,1.5057447655786291,false,-24.264369347488753,-22.605024544525005,false,true,10.000020000021332
unitbox_c_20_40_2_50.jl,12,0.051582257725862155,false,-24.264369347488753,-24.239424037998706,false,true,10.000020000021332
unitbox_c_20_40_2_50.jl,12,0.21052775513721356,false,-24.264369347488753,-24.35846485913439,false,true,10.000020000021332
unitbox_c_20_40_2_50.jl,12,0.2604645351255494,false,-24.264369347488753,-24.188069660811703,false,true,10.000020000021332
unitbox_c_20_40_2_50.jl,12,0.02235868286312469,false,-24.264369347488753,-24.27204362375386,false,true,10.000020000021332
unitbox_c_20_40_2_50.jl,12,0.26687472190945644,false,-24.264369347488753,-24.25465087197748,false,true,10.000020000021332
unitbox_c_20_40_2_50.jl,12,2.8737461800258757,false,-24.264369347488753,-18.55915445771087,false,true,10.000020000021332
unitbox_c_20_40_2_50.jl,12,0.3499019933658611,false,-24.264369347488753,-24.35898898952893,false,true,10.000020000021332
unitbox_c_20_40_2_50.jl,12,0.0809349114705363,false,-24.264369347488753,-24.21754099081948,false,true,10.000020000021332
unitbox_c_20_40_2_50.jl,12,0.48209155047714597,false,-24.264369347488753,-24.162354185723682,false,true,10.000020000021332
unitbox_c_20_40_3_100.jl,6,1.6920274364200079,false,-26.271984352145864,-23.813043262062283,true,false,10.000020000021332
unitbox_c_20_40_3_100.jl,6,2.0988239664467785,false,-26.271984352145864,-19.169459522238387,true,true,10.000020000021332
unitbox_c_20_40_3_100.jl,6,2.6680992900833984,false,-26.271984352145864,-17.200611339098057,true,true,10.000020000021332
unitbox_c_20_40_3_100.jl,6,1.7834472167768736,false,-26.271984352145864,-16.422275779029192,false,true,10.000020000021332
unitbox_c_20_40_3_100.jl,6,1.799586986047033,false,-26.271984352145864,-14.433797581169351,false,true,10.000020000021332
unitbox_c_20_40_3_100.jl,6,1.1077124853408777,false,-26.271984352145864,-22.316566649885864,true,true,10.000020000021332
unitbox_c_20_40_3_100.jl,6,0.39567696003924996,true,-26.271984352145864,-25.88646793774784,true,true,4.260000000009485
unitbox_c_20_40_3_100.jl,6,1.1850443646666677,true,-26.271984352145864,-24.580000000000002,true,true,0.8099999999995398
unitbox_c_20_40_3_100.jl,6,2.9514330401853663,false,-26.271984352145864,-19.47472028549835,false,true,10.000020000021332
unitbox_c_20_40_3_100.jl,6,2.3632481679528525,false,-26.271984352145864,-14.281150886066712,true,true,6.509999999990918
unitbox_c_20_40_3_100.jl,6,1.553408488573472,false,-26.271984352145864,-22.130706420839683,true,true,10.000020000021332
unitbox_c_20_40_3_100.jl,6,2.1148014920410088,false,-26.271984352145864,-16.451730220569317,false,true,10.000020000021332
unitbox_c_20_40_3_100.jl,6,2.112852007408086,false,-26.271984352145864,-16.42253949571009,true,true,10.000020000021332
unitbox_c_20_40_3_100.jl,6,2.305235783625031,false,-26.271984352145864,-18.305791359852304,true,true,10.000020000021332
unitbox_c_20_40_3_100.jl,6,2.198672146527888,true,-26.271984352145864,-19.579699986136827,true,true,10.000020000021332
unitbox_c_20_40_3_100.jl,6,1.5858081573452396,false,-26.271984352145864,-23.210820362214445,true,true,10.000020000021332
unitbox_c_20_40_3_100.jl,6,2.5306778224830495,true,-26.271984352145864,-13.670000000000002,true,true,0.8399999999995142
unitbox_c_20_40_3_100.jl,6,2.276029270397303,false,-26.271984352145864,-17.22628706451024,false,true,10.000020000021332
unitbox_c_20_40_3_100.jl,6,1.551157693397766,false,-26.271984352145864,-18.84684281513725,true,true,10.000020000021332
unitbox_c_20_40_3_100.jl,6,2.706671712947328,false,-26.271984352145864,-7.182871637380537,false,true,10.000020000021332
unitbox_c_20_40_3_100.jl,6,1.778793285505412,false,-26.271984352145864,-16.210601935038845,true,true,10.000020000021332
unitbox_c_20_40_3_100.jl,10,1.1273166725073223,false,-26.271984352145864,-25.742604715436062,true,false,10.000020000021332
unitbox_c_20_40_3_100.jl,10,2.276013491396341,true,-26.271984352145864,-24.523059307483518,true,true,7.409999999983492
unitbox_c_20_40_3_100.jl,10,0.2065383704522723,true,-26.271984352145864,-26.232738237226418,true,true,2.099999999999183
unitbox_c_20_40_3_100.jl,10,1.1850443651155673,true,-26.271984352145864,-25.780000000000005,false,true,0.7199999999996163
unitbox_c_20_40_3_100.jl,10,1.1640224431831079,false,-26.271984352145864,-25.765691788317845,false,true,10.000020000021332
unitbox_c_20_40_3_100.jl,10,2.590910759646916,false,-26.271984352145864,-22.77748078410245,true,true,10.000020000021332
unitbox_c_20_40_3_100.jl,10,0.13676004749952456,true,-26.271984352145864,-26.25477664472003,true,true,2.219999999999969
unitbox_c_20_40_3_100.jl,10,2.1246800499726692,false,-26.271984352145864,-24.633456391110368,false,true,7.529999999982501
unitbox_c_20_40_3_100.jl,10,2.098649613602694,true,-26.271984352145864,-23.16,true,true,1.7699999999987235
unitbox_c_20_40_3_100.jl,10,1.1219285099030811,true,-26.271984352145864,-25.735848884065007,false,true,3.660000000009403
unitbox_c_20_40_3_100.jl,10,2.879400317542894,false,-26.271984352145864,-24.89410924309232,false,true,10.000020000021332
unitbox_c_20_40_3_100.jl,10,1.046727474748401,false,-26.271984352145864,-25.7052579049252,true,true,10.000020000021332
unitbox_c_20_40_3_100.jl,10,0.9877482002472158,true,-26.271984352145864,-25.678275197402513,true,true,10.000020000021332
unitbox_c_20_40_3_100.jl,10,0.12555703409059538,true,-26.271984352145864,-26.25748029710981,true,true,3.000000000005079
unitbox_c_20_40_3_100.jl,10,1.1420610529908914,false,-26.271984352145864,-25.75158558621624,true,true,10.000020000021332
unitbox_c_20_40_3_100.jl,10,2.09006366671281,true,-26.271984352145864,-23.162991517793692,true,true,1.559999999998902
unitbox_c_20_40_3_100.jl,10,2.8590653859610393,false,-26.271984352145864,-24.833106224820114,false,true,10.000020000021332
unitbox_c_20_40_3_100.jl,10,0.22549086209979655,true,-26.271984352145864,-26.225205248519824,true,true,2.6400000000027206
unitbox_c_20_40_3_100.jl,10,0.35803784812997647,true,-26.271984352145864,-26.15404786943339,true,true,2.6400000000027206
unitbox_c_20_40_3_100.jl,10,2.843591710880954,false,-26.271984352145864,-24.784135692440344,true,true,10.000020000021332
unitbox_c_20_40_3_100.jl,10,2.0020117735633773,true,-26.271984352145864,-24.430064758458027,true,true,1.7099999999987745
unitbox_c_20_40_3_100.jl,12,2.6734426837378105,false,-26.271984352145864,-23.332359967766187,false,false,10.000020000021332
unitbox_c_20_40_3_100.jl,12,0.02455708125789993,true,-26.271984352145864,-26.271428888499987,true,true,1.8299999999986725
unitbox_c_20_40_3_100.jl,12,0.012286976756945123,true,-26.271984352145864,-26.271844803904234,true,true,2.7300000000033102
unitbox_c_20_40_3_100.jl,12,2.5242725668962804,false,-26.271984352145864,-22.984328241124146,false,true,10.000020000021332
unitbox_c_20_40_3_100.jl,12,0.04844064849089248,true,-26.271984352145864,-26.26982491710265,true,true,2.4600000000015414
unitbox_c_20_40_3_100.jl,12,2.1444913945812796,false,-26.271984352145864,-24.623010126550398,true,true,8.129999999981399
unitbox_c_20_40_3_100.jl,12,2.848116953985291,false,-26.271984352145864,-24.798713244061542,false,true,10.000020000021332
unitbox_c_20_40_3_100.jl,12,2.137767908848111,false,-26.271984352145864,-24.626864864643363,false,true,10.000020000021332
unitbox_c_20_40_3_100.jl,12,2.257148477831995,true,-26.271984352145864,-21.018736369775873,true,true,2.5800000000023275
unitbox_c_20_40_3_100.jl,12,2.579000721227281,false,-26.271984352145864,-23.108315912572834,false,true,10.000020000021332
unitbox_c_20_40_3_100.jl,12,2.819372294308828,false,-26.271984352145864,-24.70183999004197,true,true,10.000020000021332
unitbox_c_20_40_3_100.jl,12,2.522919915562465,false,-26.271984352145864,-22.857083449538283,true,true,10.000020000021332
unitbox_c_20_40_3_100.jl,12,0.02617477723880385,true,-26.271984352145864,-26.271353387198587,true,true,4.890000000004286
unitbox_c_20_40_3_100.jl,12,9.639817397412946e-5,true,-26.271984352145864,-26.27198368710663,true,true,2.7900000000037033
unitbox_c_20_40_3_100.jl,12,1.0975573812003525,true,-26.271984352145864,-25.72576524635883,true,true,10.000020000021332
unitbox_c_20_40_3_100.jl,12,1.1850443651155673,true,-26.271984352145864,-25.780000000000005,false,true,1.0499999999993357
unitbox_c_20_40_3_100.jl,12,2.002696212963235,true,-26.271984352145864,-24.43388431396394,true,true,2.5800000000023275
unitbox_c_20_40_3_100.jl,12,2.0025206449454225,true,-26.271984352145864,-24.43560000441876,true,true,2.2500000000001656
unitbox_c_20_40_3_100.jl,12,2.8392479833856155,false,-26.271984352145864,-24.76992694275254,true,true,10.000020000021332
unitbox_c_20_40_3_100.jl,12,0.01209445358121254,true,-26.271984352145864,-26.27184912145059,true,true,1.5899999999988765
unitbox_c_20_40_3_100.jl,12,2.0004218108387977,true,-26.271984352145864,-24.43877604678351,true,true,2.490000000001738
unitbox_c_20_40_3_25.jl,6,3.0367090030576906,true,-11.934256442025777,-12.3069036005251,true,false,3.0300000000052756
unitbox_c_20_40_3_25.jl,6,3.172977087350789,true,-11.934256442025777,-11.39,true,true,7.499999999982749
unitbox_c_20_40_3_25.jl,6,3.0489864805246523,false,-11.934256442025777,-2.4668629836883476,true,true,10.000020000021332
unitbox_c_20_40_3_25.jl,6,2.743019632288829,false,-11.934256442025777,-7.359081553052865,false,true,10.000020000021332
unitbox_c_20_40_3_25.jl,6,2.8403844030451455,true,-11.934256442025777,-11.620000000000001,true,true,6.299999999992651
unitbox_c_20_40_3_25.jl,6,2.658530334724579,true,-11.934256442025777,-11.070000000000002,false,true,2.0699999999989864
unitbox_c_20_40_3_25.jl,6,3.0995648191273535,false,-11.934256442025777,-10.537165910286694,false,true,10.000020000021332
unitbox_c_20_40_3_25.jl,6,2.4714713950832943,true,-11.934256442025777,-12.21774884261965,false,true,1.0799999999993102
unitbox_c_20_40_3_25.jl,6,3.369001917823171,true,-11.934256442025777,-4.77,true,true,5.400000000000078
unitbox_c_20_40_3_25.jl,6,2.9668885721534943,false,-11.934256442025777,-4.947989355395028,true,true,10.000020000021332
unitbox_c_20_40_3_25.jl,6,2.9885299231906592,false,-11.934256442025777,-12.104059082673151,true,true,10.000020000021332
unitbox_c_20_40_3_25.jl,6,2.8954516576213374,false,-11.934256442025777,-1.7790714864073953,true,true,10.000020000021332
unitbox_c_20_40_3_25.jl,6,2.8403844038834145,true,-11.934256442025777,-9.320000000000002,false,true,6.809999999988443
unitbox_c_20_40_3_25.jl,6,3.502685333618192,false,-11.934256442025777,-9.951147211682883,true,true,10.000020000021332
unitbox_c_20_40_3_25.jl,6,3.272323204654839,false,-11.934256442025777,-7.544354471339533,true,true,10.000020000021332
unitbox_c_20_40_3_25.jl,6,3.101207628793688,false,-11.934256442025777,-3.7018907491840616,true,true,10.000020000021332
unitbox_c_20_40_3_25.jl,6,2.1560768189925676,false,-11.934256442025777,-8.776148635241947,true,true,10.000020000021332
unitbox_c_20_40_3_25.jl,6,2.7495285727025798,false,-11.934256442025777,-6.348749822434612,false,true,10.000020000021332
unitbox_c_20_40_3_25.jl,6,2.4370058381306183,false,-11.934256442025777,-9.667143407583938,false,true,10.000020000021332
unitbox_c_20_40_3_25.jl,6,2.4225349989696014,false,-11.934256442025777,-7.485264238591748,false,true,10.000020000021332
unitbox_c_20_40_3_25.jl,6,3.919124900080472,false,-11.934256442025777,-2.9854808915259374,true,true,10.000020000021332
unitbox_c_20_40_3_25.jl,10,2.094986686478199,false,-11.934256442025777,-11.96496701119139,false,false,10.000020000021332
unitbox_c_20_40_3_25.jl,10,3.259809724589342,true,-11.934256442025777,-13.12,true,true,2.219999999999969
unitbox_c_20_40_3_25.jl,10,2.660516880084377,false,-11.934256442025777,-13.535419039191533,true,true,5.639999999998097
unitbox_c_20_40_3_25.jl,10,3.2596869940660875,true,-11.934256442025777,-13.119903963837125,true,true,1.1099999999992847
unitbox_c_20_40_3_25.jl,10,2.8403844036557637,true,-11.934256442025777,-13.670000000000003,true,true,7.7399999999807685
unitbox_c_20_40_3_25.jl,10,3.259809724589342,true,-11.934256442025777,-13.12,true,true,1.1099999999992847
unitbox_c_20_40_3_25.jl,10,2.1626047001423294,false,-11.934256442025777,-12.246870963206067,false,true,10.000020000021332
unitbox_c_20_40_3_25.jl,10,3.259809724589342,true,-11.934256442025777,-13.12,true,true,1.559999999998902
unitbox_c_20_40_3_25.jl,10,3.171167192046121,true,-11.934256442025777,-13.048833716084854,true,true,1.7699999999987235
unitbox_c_20_40_3_25.jl,10,2.8671587883815,false,-11.934256442025777,-11.998815304117787,false,true,10.000020000021332
unitbox_c_20_40_3_25.jl,10,3.473871561425062,true,-11.934256442025777,-13.410000000000002,true,true,3.5700000000088132
unitbox_c_20_40_3_25.jl,10,3.259809724589342,true,-11.934256442025777,-13.12,true,true,1.8899999999986214
unitbox_c_20_40_3_25.jl,10,2.1541642296927006,false,-11.934256442025777,-12.468905574841191,true,true,10.000020000021332
unitbox_c_20_40_3_25.jl,10,2.659930356107004,false,-11.934256442025777,-13.67333353317272,true,true,10.000020000021332
unitbox_c_20_40_3_25.jl,10,3.1026374946627766,true,-11.934256442025777,-12.880000000000003,true,true,1.499999999998953
unitbox_c_20_40_3_25.jl,10,3.1269151153561108,false,-11.934256442025777,-13.726375739019817,false,true,4.950000000003791
unitbox_c_20_40_3_25.jl,10,3.1710131576023484,false,-11.934256442025777,-13.751687256313655,false,true,10.000020000021332
unitbox_c_20_40_3_25.jl,10,2.7396743555385483,false,-11.934256442025777,-12.800705587817838,false,true,10.000020000021332
unitbox_c_20_40_3_25.jl,10,0.2578493767370932,false,-11.934256442025777,-12.244987525493784,false,true,10.000020000021332
unitbox_c_20_40_3_25.jl,10,1.6632214857310712,false,-11.934256442025777,-10.779422521819617,true,true,10.000020000021332
unitbox_c_20_40_3_25.jl,10,2.5742265623458067,true,-11.934256442025777,-12.56831768310453,true,true,5.54999999999884
unitbox_c_20_40_3_25.jl,12,1.6211661209483663,true,-11.934256442025777,-11.804453576649555,true,false,10.000020000021332
unitbox_c_20_40_3_25.jl,12,2.467023345207353,false,-11.934256442025777,-11.218585178849487,true,true,10.000020000021332
unitbox_c_20_40_3_25.jl,12,3.473871561425062,true,-11.934256442025777,-13.410000000000002,true,true,2.8500000000040964
unitbox_c_20_40_3_25.jl,12,2.150897333438004,true,-11.934256442025777,-12.590000000000002,true,true,1.6799999999988
unitbox_c_20_40_3_25.jl,12,3.259809724589342,true,-11.934256442025777,-13.12,true,true,3.2400000000066513
unitbox_c_20_40_3_25.jl,12,3.1729770864487192,true,-11.934256442025777,-12.210000000000003,true,true,7.889999999979531
unitbox_c_20_40_3_25.jl,12,3.473871561425062,true,-11.934256442025777,-13.410000000000002,true,true,5.699999999997602
unitbox_c_20_40_3_25.jl,12,2.1508977683578414,true,-11.934256442025777,-12.589849540528645,true,true,1.799999999998698
unitbox_c_20_40_3_25.jl,12,2.7332419084822854,false,-11.934256442025777,-13.768634469994362,true,true,10.000020000021332
unitbox_c_20_40_3_25.jl,12,1.8055375751100509,false,-11.934256442025777,-11.754933904306554,false,true,10.000020000021332
unitbox_c_20_40_3_25.jl,12,2.7135514361856115,false,-11.934256442025777,-13.793208907493172,false,true,10.000020000021332
unitbox_c_20_40_3_25.jl,12,2.7218666906893723,false,-11.934256442025777,-13.782385033357265,false,true,10.000020000021332
unitbox_c_20_40_3_25.jl,12,3.2885590246729324,true,-11.934256442025777,-13.136419723012752,true,true,10.000020000021332
unitbox_c_20_40_3_25.jl,12,2.380050422902484,false,-11.934256442025777,-12.787173304951157,true,true,10.000020000021332
unitbox_c_20_40_3_25.jl,12,2.9370664634556527,true,-11.934256442025777,-12.51,true,true,2.430000000001345
unitbox_c_20_40_3_25.jl,12,2.7326645790099353,true,-11.934256442025777,-13.769307002106633,true,true,10.000020000021332
unitbox_c_20_40_3_25.jl,12,3.4738715610689113,true,-11.934256442025777,-13.060000000000002,true,true,2.1899999999997726
unitbox_c_20_40_3_25.jl,12,1.6206077965411732,true,-11.934256442025777,-11.809582299101333,true,true,2.2500000000001656
unitbox_c_20_40_3_25.jl,12,3.4738715610689113,true,-11.934256442025777,-13.060000000000002,true,true,2.430000000001345
unitbox_c_20_40_3_25.jl,12,2.813387832790526,false,-11.934256442025777,-11.557270958171395,true,true,10.000020000021332
unitbox_c_20_40_3_25.jl,12,2.7361980971735123,false,-11.934256442025777,-13.765229170491429,true,true,10.000020000021332
unitbox_c_20_40_3_50.jl,6,1.5292233743898558,false,-27.406394982624278,-23.779835872128444,false,false,0.8699999999994887
unitbox_c_20_40_3_50.jl,6,2.885754679517965,false,-27.406394982624278,-11.343792931552168,true,true,10.000020000021332
unitbox_c_20_40_3_50.jl,6,2.743353595869933,false,-27.406394982624278,-7.119202428624485,true,true,10.000020000021332
unitbox_c_20_40_3_50.jl,6,2.6661291453322447,false,-27.406394982624278,-13.441400257342254,true,true,10.000020000021332
unitbox_c_20_40_3_50.jl,6,2.000575915441841,false,-27.406394982624278,-19.482383537060063,true,true,10.000020000021332
unitbox_c_20_40_3_50.jl,6,1.807906409971209,false,-27.406394982624278,-15.514955964813772,true,true,10.000020000021332
unitbox_c_20_40_3_50.jl,6,1.792151741504897,false,-27.406394982624278,-20.358944056588875,true,true,10.000020000021332
unitbox_c_20_40_3_50.jl,6,2.299092920763067,false,-27.406394982624278,-16.44946229312545,true,true,10.000020000021332
unitbox_c_20_40_3_50.jl,6,1.3702266079311267,false,-27.406394982624278,-23.708664412884296,false,true,4.230000000009732
unitbox_c_20_40_3_50.jl,6,2.882852001164634,true,-27.406394982624278,-11.526907142911648,true,true,5.969999999995374
unitbox_c_20_40_3_50.jl,6,1.8465157724903092,false,-27.406394982624278,-15.055576930591208,true,true,10.000020000021332
unitbox_c_20_40_3_50.jl,6,2.808658027251232,false,-27.406394982624278,-9.417271254488757,true,true,10.000020000021332
unitbox_c_20_40_3_50.jl,6,2.558077053762698,false,-27.406394982624278,-15.46206815794575,true,true,10.000020000021332
unitbox_c_20_40_3_50.jl,6,2.173562355001379,false,-27.406394982624278,-12.6745129277863,true,true,10.000020000021332
unitbox_c_20_40_3_50.jl,6,2.0770728068844115,true,-27.406394982624278,-14.240000000000002,false,true,2.5800000000023275
unitbox_c_20_40_3_50.jl,6,2.9016661490725886,false,-27.406394982624278,-11.643740416489512,true,true,10.000020000021332
unitbox_c_20_40_3_50.jl,6,2.4784206974842515,false,-27.406394982624278,-13.745055209583265,true,true,10.000020000021332
unitbox_c_20_40_3_50.jl,6,1.6760250443657287,false,-27.406394982624278,-18.01682105961528,true,true,10.000020000021332
unitbox_c_20_40_3_50.jl,6,2.7162262359989895,false,-27.406394982624278,-15.2399476424883,true,true,10.000020000021332
unitbox_c_20_40_3_50.jl,6,1.7517103924340267,false,-27.406394982624278,-17.561030626401067,true,true,10.000020000021332
unitbox_c_20_40_3_50.jl,6,2.6006186181671787,false,-27.406394982624278,-12.5468187850104,true,true,10.000020000021332
unitbox_c_20_40_3_50.jl,10,0.04627868886606924,false,-27.406394982624278,-27.439714978311482,false,false,10.000020000021332
unitbox_c_20_40_3_50.jl,10,0.29858777055073826,false,-27.406394982624278,-27.62137751712445,false,true,10.000020000021332
unitbox_c_20_40_3_50.jl,10,0.6050730928727673,false,-27.406394982624278,-27.19728158066588,false,true,10.000020000021332
unitbox_c_20_40_3_50.jl,10,0.2278139035994714,false,-27.406394982624278,-27.242368311736307,true,true,10.000020000021332
unitbox_c_20_40_3_50.jl,10,0.009075054162680597,false,-27.406394982624278,-27.399860283330852,true,true,10.000020000021332
unitbox_c_20_40_3_50.jl,10,0.11759837411732843,false,-27.406394982624278,-27.491065151692396,false,true,10.000020000021332
unitbox_c_20_40_3_50.jl,10,0.43943655878878174,true,-27.406394982624278,-27.090000000000003,true,true,1.379999999999055
unitbox_c_20_40_3_50.jl,10,0.41952372967367607,false,-27.406394982624278,-27.708451407692966,false,true,10.000020000021332
unitbox_c_20_40_3_50.jl,10,1.4333930055004962,false,-27.406394982624278,-25.771746746012994,false,true,10.000020000021332
unitbox_c_20_40_3_50.jl,10,0.05988371236319585,false,-27.406394982624278,-27.449510595229413,false,true,10.000020000021332
unitbox_c_20_40_3_50.jl,10,0.6855830810219076,false,-27.406394982624278,-26.748241010367078,true,true,10.000020000021332
unitbox_c_20_40_3_50.jl,10,0.2821380913741275,false,-27.406394982624278,-27.60953374811729,false,true,10.000020000021332
unitbox_c_20_40_3_50.jl,10,1.4436266571060394,false,-27.406394982624278,-25.80055409776955,false,true,10.000020000021332
unitbox_c_20_40_3_50.jl,10,1.0922932322184566,true,-27.406394982624278,-26.830000000000002,false,true,1.1399999999992592
unitbox_c_20_40_3_50.jl,10,0.15065393684023629,false,-27.406394982624278,-27.51486515685289,false,true,10.000020000021332
unitbox_c_20_40_3_50.jl,10,1.425457055684559,false,-27.406394982624278,-25.75689240836654,false,true,10.000020000021332
unitbox_c_20_40_3_50.jl,10,0.23622566953085364,false,-27.406394982624278,-27.576476804390133,false,true,10.000020000021332
unitbox_c_20_40_3_50.jl,10,0.16951339617253974,false,-27.406394982624278,-27.528443967572144,false,true,10.000020000021332
unitbox_c_20_40_3_50.jl,10,0.035533134145957726,false,-27.406394982624278,-27.431978178912996,false,true,10.000020000021332
unitbox_c_20_40_3_50.jl,10,0.5855029418953251,false,-27.406394982624278,-27.167638954272324,false,true,10.000020000021332
unitbox_c_20_40_3_50.jl,10,0.38511967787089585,false,-27.406394982624278,-27.129108154260873,true,true,10.000020000021332
unitbox_c_20_40_3_50.jl,12,0.03639996732334843,false,-27.406394982624278,-27.380186345855126,true,false,10.000020000021332
unitbox_c_20_40_3_50.jl,12,2.426861553103667,true,-27.406394982624278,-22.632414319265003,true,true,0.9899999999993867
unitbox_c_20_40_3_50.jl,12,0.024315888322372588,false,-27.406394982624278,-27.423901761920007,false,true,10.000020000021332
unitbox_c_20_40_3_50.jl,12,0.1574685171907502,false,-27.406394982624278,-27.51977165470526,false,true,10.000020000021332
unitbox_c_20_40_3_50.jl,12,0.12810464367936103,false,-27.406394982624278,-27.49862966577706,false,true,10.000020000021332
unitbox_c_20_40_3_50.jl,12,0.14528393640609766,false,-27.406394982624278,-27.510998756540307,false,true,10.000020000021332
unitbox_c_20_40_3_50.jl,12,0.15255686318797357,false,-27.406394982624278,-27.516235263823262,false,true,10.000020000021332
unitbox_c_20_40_3_50.jl,12,0.15488070482873073,false,-27.406394982624278,-27.517908429804606,false,true,10.000020000021332
unitbox_c_20_40_3_50.jl,12,2.471840243964669,true,-27.406394982624278,-22.631079446691146,true,true,0.4199999999998713
unitbox_c_20_40_3_50.jl,12,0.13990068422141058,false,-27.406394982624278,-27.50712281496733,false,true,10.000020000021332
unitbox_c_20_40_3_50.jl,12,0.12529559289121517,false,-27.406394982624278,-27.496607149209595,false,true,10.000020000021332
unitbox_c_20_40_3_50.jl,12,0.03740328061069878,false,-27.406394982624278,-27.37946396028823,true,true,10.000020000021332
unitbox_c_20_40_3_50.jl,12,0.058497720496475544,false,-27.406394982624278,-27.448512681085376,false,true,10.000020000021332
unitbox_c_20_40_3_50.jl,12,0.1266433286599839,false,-27.406394982624278,-27.31521112569274,true,true,10.000020000021332
unitbox_c_20_40_3_50.jl,12,0.1442576860192836,false,-27.406394982624278,-27.510259856261808,false,true,10.000020000021332
unitbox_c_20_40_3_50.jl,12,0.027164444623193586,false,-27.406394982624278,-27.4259527224566,false,true,10.000020000021332
unitbox_c_20_40_3_50.jl,12,0.1681718605593113,false,-27.406394982624278,-27.285310582725224,true,true,10.000020000021332
unitbox_c_20_40_3_50.jl,12,0.06592675318174328,false,-27.406394982624278,-27.453861584618767,false,true,10.000020000021332
unitbox_c_20_40_3_50.jl,12,0.07041775227062291,false,-27.406394982624278,-27.45709510396276,false,true,10.000020000021332
unitbox_c_20_40_3_50.jl,12,0.0006440974112974473,false,-27.406394982624278,-27.405930572192663,true,true,10.000020000021332
unitbox_c_20_40_3_50.jl,12,0.038225858504072584,false,-27.406394982624278,-27.43391694045084,false,true,10.000020000021332
