benchmark,bits,dual_status,ipopt_objective,objective,primal_status,random,time
unitbox_c_10_10_1_100.jl,0,true,-14.179042131697477,-14.1789363901061,true,false,3.720000000009796
unitbox_c_10_10_1_100.jl,0,true,-14.179042131697477,-14.178941842905049,true,true,6.359999999992156
unitbox_c_10_10_1_100.jl,0,true,-14.179042131697477,-14.179038011383618,true,true,4.20000000000998
unitbox_c_10_10_1_100.jl,0,true,-14.179042131697477,-14.179030769770543,true,true,6.77999999998869
unitbox_c_10_10_1_100.jl,0,true,-14.179042131697477,-14.17896880485862,true,true,6.809999999988443
unitbox_c_10_10_1_100.jl,0,true,-14.179042131697477,-14.179006634608935,true,true,4.740000000005524
unitbox_c_10_10_1_100.jl,0,true,-14.179042131697477,-14.178964455406115,true,true,4.350000000008742
unitbox_c_10_10_1_100.jl,0,true,-14.179042131697477,-14.178929711699652,true,true,4.20000000000998
unitbox_c_10_10_1_100.jl,0,true,-14.179042131697477,-14.179013914706902,true,true,2.610000000002524
unitbox_c_10_10_1_100.jl,0,true,-14.179042131697477,-14.178941917069945,true,true,7.289999999984482
unitbox_c_10_10_1_100.jl,0,true,-14.179042131697477,-14.178908026177288,true,true,6.719999999989185
unitbox_c_10_10_1_100.jl,0,true,-14.179042131697477,-14.178968866428505,true,true,5.280000000001068
unitbox_c_10_10_1_100.jl,0,true,-14.179042131697477,-14.179026903728781,true,true,4.590000000006762
unitbox_c_10_10_1_100.jl,0,true,-14.179042131697477,-14.178998413028635,true,true,2.5200000000019345
unitbox_c_10_10_1_100.jl,0,true,-14.179042131697477,-12.625588227048018,true,true,2.6400000000027206
unitbox_c_10_10_1_100.jl,0,true,-14.179042131697477,-14.178920088149008,true,true,4.260000000009485
unitbox_c_10_10_1_100.jl,0,true,-14.179042131697477,-14.17899489117899,true,true,6.509999999990918
unitbox_c_10_10_1_100.jl,0,true,-14.179042131697477,-12.625573416215863,true,true,2.6400000000027206
unitbox_c_10_10_1_100.jl,0,true,-14.179042131697477,-14.178918717353737,true,true,6.539999999990671
unitbox_c_10_10_1_100.jl,0,true,-14.179042131697477,-12.625570432246466,true,true,2.7300000000033102
unitbox_c_10_10_1_100.jl,0,true,-14.179042131697477,-14.178906381026463,true,true,5.879999999996117
unitbox_c_10_10_1_100.jl,8,false,-14.179042131697477,-14.175616298573171,false,false,5.040000000003048
unitbox_c_10_10_1_100.jl,8,false,-14.179042131697477,-10.700079667070689,true,true,10.000020000021332
unitbox_c_10_10_1_100.jl,8,true,-14.179042131697477,-12.19281646660325,true,true,1.6799999999988
unitbox_c_10_10_1_100.jl,8,true,-14.179042131697477,-13.178764628627597,false,true,10.000020000021332
unitbox_c_10_10_1_100.jl,8,false,-14.179042131697477,-14.150000000000002,true,true,10.000020000021332
unitbox_c_10_10_1_100.jl,8,true,-14.179042131697477,-13.53,true,true,0.5999999999997183
unitbox_c_10_10_1_100.jl,8,true,-14.179042131697477,-13.070753301497133,true,true,10.000020000021332
unitbox_c_10_10_1_100.jl,8,true,-14.179042131697477,-13.774988815153462,false,true,2.430000000001345
unitbox_c_10_10_1_100.jl,8,false,-14.179042131697477,-11.411635841665024,true,true,10.000020000021332
unitbox_c_10_10_1_100.jl,8,true,-14.179042131697477,-13.213398634483271,true,true,1.799999999998698
unitbox_c_10_10_1_100.jl,8,true,-14.179042131697477,-12.501272124570871,true,true,10.000020000021332
unitbox_c_10_10_1_100.jl,8,true,-14.179042131697477,-12.6,true,true,5.699999999997602
unitbox_c_10_10_1_100.jl,8,false,-14.179042131697477,-14.177554014361165,false,true,5.939999999995622
unitbox_c_10_10_1_100.jl,8,false,-14.179042131697477,-13.511463984531323,true,true,10.000020000021332
unitbox_c_10_10_1_100.jl,8,false,-14.179042131697477,-12.28865465343616,true,true,10.000020000021332
unitbox_c_10_10_1_100.jl,8,true,-14.179042131697477,-13.880735870614119,false,true,3.720000000009796
unitbox_c_10_10_1_100.jl,8,true,-14.179042131697477,-13.610000000000003,false,true,4.0500000000112175
unitbox_c_10_10_1_100.jl,8,true,-14.179042131697477,-13.709541295468721,false,true,2.3400000000007553
unitbox_c_10_10_1_100.jl,8,true,-14.179042131697477,-12.820514000559887,true,true,0.9599999999994122
unitbox_c_10_10_1_100.jl,8,false,-14.179042131697477,-13.339048648649083,false,true,10.000020000021332
unitbox_c_10_10_1_100.jl,8,true,-14.179042131697477,-13.756790988591673,false,true,2.5800000000023275
unitbox_c_10_10_1_100.jl,16,true,-14.179042131697477,-14.179003606796503,true,false,6.77999999998869
unitbox_c_10_10_1_100.jl,16,true,-14.179042131697477,-14.179009024005705,true,true,5.31000000000082
unitbox_c_10_10_1_100.jl,16,true,-14.179042131697477,-12.625724182651021,true,true,2.430000000001345
unitbox_c_10_10_1_100.jl,16,true,-14.179042131697477,-14.179064910973372,false,true,4.830000000004781
unitbox_c_10_10_1_100.jl,16,false,-14.179042131697477,-14.179134684941577,false,true,4.680000000006019
unitbox_c_10_10_1_100.jl,16,true,-14.179042131697477,-14.17900300443268,true,true,5.040000000003048
unitbox_c_10_10_1_100.jl,16,false,-14.179042131697477,-14.178889632864673,true,true,5.7299999999973545
unitbox_c_10_10_1_100.jl,16,true,-14.179042131697477,-12.62555646960264,true,true,2.4000000000011483
unitbox_c_10_10_1_100.jl,16,true,-14.179042131697477,-14.178976097137422,true,true,1.7099999999987745
unitbox_c_10_10_1_100.jl,16,true,-14.179042131697477,-14.1789528367707,true,true,3.5400000000086167
unitbox_c_10_10_1_100.jl,16,true,-14.179042131697477,-14.17847175861096,true,true,5.519999999999087
unitbox_c_10_10_1_100.jl,16,false,-14.179042131697477,-14.178884597229379,true,true,4.560000000007009
unitbox_c_10_10_1_100.jl,16,false,-14.179042131697477,-14.178847126479951,true,true,4.980000000003543
unitbox_c_10_10_1_100.jl,16,true,-14.179042131697477,-14.178988003309794,true,true,6.449999999991413
unitbox_c_10_10_1_100.jl,16,false,-14.179042131697477,-14.17888877356792,true,true,6.629999999989928
unitbox_c_10_10_1_100.jl,16,false,-14.179042131697477,-14.17889786661133,true,true,3.210000000006455
unitbox_c_10_10_1_100.jl,16,false,-14.179042131697477,-14.179150494413665,false,true,4.6500000000062665
unitbox_c_10_10_1_100.jl,16,false,-14.179042131697477,-14.178871904101255,true,true,6.419999999991661
unitbox_c_10_10_1_100.jl,16,false,-14.179042131697477,-14.178833567033557,true,true,6.209999999993394
unitbox_c_10_10_1_100.jl,16,true,-14.179042131697477,-14.178161560255973,true,true,4.800000000005029
unitbox_c_10_10_1_100.jl,16,true,-14.179042131697477,-14.179047927237239,false,true,7.829999999980026
unitbox_c_10_10_1_100.jl,32,true,-14.179042131697477,-14.17901443682031,true,false,2.940000000004686
unitbox_c_10_10_1_100.jl,32,true,-14.179042131697477,-12.625541768982053,true,true,2.8200000000039
unitbox_c_10_10_1_100.jl,32,true,-14.179042131697477,-14.178944796947343,true,true,5.250000000001315
unitbox_c_10_10_1_100.jl,32,true,-14.179042131697477,-14.179026157973096,true,true,2.370000000000952
unitbox_c_10_10_1_100.jl,32,true,-14.179042131697477,-14.178930834152615,true,true,5.220000000001563
unitbox_c_10_10_1_100.jl,32,true,-14.179042131697477,-14.178986617705998,true,true,3.9300000000111717
unitbox_c_10_10_1_100.jl,32,true,-14.179042131697477,-14.17893493035213,true,true,8.249999999983961
unitbox_c_10_10_1_100.jl,32,true,-14.179042131697477,-14.178998105209164,true,true,7.829999999980026
unitbox_c_10_10_1_100.jl,32,true,-14.179042131697477,-14.1789840767382,true,true,6.029999999994879
unitbox_c_10_10_1_100.jl,32,true,-14.179042131697477,-14.179022601538486,true,true,5.7299999999973545
unitbox_c_10_10_1_100.jl,32,true,-14.179042131697477,-14.178982968135813,true,true,4.260000000009485
unitbox_c_10_10_1_100.jl,32,true,-14.179042131697477,-14.17900681851708,true,true,6.179999999993641
unitbox_c_10_10_1_100.jl,32,true,-14.179042131697477,-14.17899622722087,true,true,3.4800000000082236
unitbox_c_10_10_1_100.jl,32,true,-14.179042131697477,-14.179041768037491,true,true,4.260000000009485
unitbox_c_10_10_1_100.jl,32,true,-14.179042131697477,-14.179038171427363,true,true,4.860000000004534
unitbox_c_10_10_1_100.jl,32,true,-14.179042131697477,-14.178996847272424,true,true,5.250000000001315
unitbox_c_10_10_1_100.jl,32,true,-14.179042131697477,-14.178911886652358,true,true,4.20000000000998
unitbox_c_10_10_1_100.jl,32,true,-14.179042131697477,-14.178994944109114,true,true,5.070000000002801
unitbox_c_10_10_1_100.jl,32,true,-14.179042131697477,-14.179028686551375,true,true,4.410000000008247
unitbox_c_10_10_1_100.jl,32,true,-14.179042131697477,-14.17890160510946,true,true,4.410000000008247
unitbox_c_10_10_1_100.jl,32,true,-14.179042131697477,-12.625600707683455,true,true,2.7600000000035068
unitbox_c_10_10_1_50.jl,0,true,-7.380000185475224,-6.637961913120951,true,false,10.000020000021332
unitbox_c_10_10_1_50.jl,0,true,-7.380000185475224,-7.380000000000001,true,true,0.6899999999996418
unitbox_c_10_10_1_50.jl,0,true,-7.380000185475224,-7.380000000000001,true,true,0.9599999999994122
unitbox_c_10_10_1_50.jl,0,true,-7.380000185475224,-7.380000000000001,true,true,1.2599999999991571
unitbox_c_10_10_1_50.jl,0,true,-7.380000185475224,-6.66,true,true,7.319999999984234
unitbox_c_10_10_1_50.jl,0,true,-7.380000185475224,-6.66,true,true,5.040000000003048
unitbox_c_10_10_1_50.jl,0,true,-7.380000185475224,-7.380000000000001,true,true,0.9899999999993867
unitbox_c_10_10_1_50.jl,0,true,-7.380000185475224,-6.66,true,true,5.4599999999995825
unitbox_c_10_10_1_50.jl,0,true,-7.380000185475224,-6.644371436367819,true,true,1.379999999999055
unitbox_c_10_10_1_50.jl,0,true,-7.380000185475224,-6.6251561642276116,true,true,10.000020000021332
unitbox_c_10_10_1_50.jl,0,true,-7.380000185475224,-6.600522896216441,true,true,10.000020000021332
unitbox_c_10_10_1_50.jl,0,true,-7.380000185475224,-2.95,true,true,1.7099999999987745
unitbox_c_10_10_1_50.jl,0,true,-7.380000185475224,-6.66,true,true,7.199999999985224
unitbox_c_10_10_1_50.jl,0,true,-7.380000185475224,-6.634627740190232,true,true,10.000020000021332
unitbox_c_10_10_1_50.jl,0,true,-7.380000185475224,-7.380000000000001,true,true,1.439999999999004
unitbox_c_10_10_1_50.jl,0,true,-7.380000185475224,-7.380000000000001,true,true,1.5899999999988765
unitbox_c_10_10_1_50.jl,0,true,-7.380000185475224,-6.66,true,true,2.280000000000362
unitbox_c_10_10_1_50.jl,0,true,-7.380000185475224,-6.643338378587762,true,true,10.000020000021332
unitbox_c_10_10_1_50.jl,0,true,-7.380000185475224,-6.650531078449942,true,true,1.559999999998902
unitbox_c_10_10_1_50.jl,0,true,-7.380000185475224,-6.648443525758518,true,true,1.4699999999989786
unitbox_c_10_10_1_50.jl,0,true,-7.380000185475224,-6.638432885995099,true,true,10.000020000021332
unitbox_c_10_10_1_50.jl,8,true,-7.380000185475224,-6.580000000000001,true,false,1.1699999999992337
unitbox_c_10_10_1_50.jl,8,true,-7.380000185475224,-6.060000000000001,true,true,0.7799999999995653
unitbox_c_10_10_1_50.jl,8,true,-7.380000185475224,-6.66,true,true,3.6000000000090098
unitbox_c_10_10_1_50.jl,8,false,-7.380000185475224,-7.3070161395831414,true,true,10.000020000021332
unitbox_c_10_10_1_50.jl,8,true,-7.380000185475224,-6.580000000000001,true,true,5.999999999995127
unitbox_c_10_10_1_50.jl,8,false,-7.380000185475224,-7.135643683260451,true,true,10.000020000021332
unitbox_c_10_10_1_50.jl,8,false,-7.380000185475224,-7.380000000000001,true,true,10.000020000021332
unitbox_c_10_10_1_50.jl,8,true,-7.380000185475224,-6.580000000000001,true,true,2.4000000000011483
unitbox_c_10_10_1_50.jl,8,true,-7.380000185475224,-6.580000000000001,true,true,5.250000000001315
unitbox_c_10_10_1_50.jl,8,true,-7.380000185475224,-6.578767747585823,true,true,3.450000000008027
unitbox_c_10_10_1_50.jl,8,true,-7.380000185475224,-6.580000000000001,true,true,1.859999999998647
unitbox_c_10_10_1_50.jl,8,false,-7.380000185475224,-7.3645957647414475,true,true,10.000020000021332
unitbox_c_10_10_1_50.jl,8,true,-7.380000185475224,-7.380000000000001,true,true,0.8999999999994632
unitbox_c_10_10_1_50.jl,8,true,-7.380000185475224,-6.580000000000001,true,true,1.799999999998698
unitbox_c_10_10_1_50.jl,8,true,-7.380000185475224,-7.380000000000001,true,true,3.210000000006455
unitbox_c_10_10_1_50.jl,8,false,-7.380000185475224,-6.648190781970552,true,true,10.000020000021332
unitbox_c_10_10_1_50.jl,8,false,-7.380000185475224,-6.202562086602665,true,true,10.000020000021332
unitbox_c_10_10_1_50.jl,8,true,-7.380000185475224,-7.380000000000001,true,true,1.559999999998902
unitbox_c_10_10_1_50.jl,8,true,-7.380000185475224,-6.629999999999998,false,true,6.569999999990423
unitbox_c_10_10_1_50.jl,8,true,-7.380000185475224,-6.580000000000001,true,true,2.099999999999183
unitbox_c_10_10_1_50.jl,8,false,-7.380000185475224,-7.222249841594676,true,true,10.000020000021332
unitbox_c_10_10_1_50.jl,16,true,-7.380000185475224,-2.95,true,false,0.5399999999997693
unitbox_c_10_10_1_50.jl,16,true,-7.380000185475224,-7.380000000000001,true,true,0.9299999999994377
unitbox_c_10_10_1_50.jl,16,true,-7.380000185475224,-7.380000000000001,true,true,0.8399999999995142
unitbox_c_10_10_1_50.jl,16,true,-7.380000185475224,-7.380000000000001,true,true,2.430000000001345
unitbox_c_10_10_1_50.jl,16,true,-7.380000185475224,-6.597179750923032,true,true,10.000020000021332
unitbox_c_10_10_1_50.jl,16,true,-7.380000185475224,-7.380000000000001,true,true,1.4099999999990296
unitbox_c_10_10_1_50.jl,16,true,-7.380000185475224,-6.66,true,true,4.740000000005524
unitbox_c_10_10_1_50.jl,16,true,-7.380000185475224,-6.654035868738205,true,true,10.000020000021332
unitbox_c_10_10_1_50.jl,16,true,-7.380000185475224,-7.380000000000001,true,true,2.280000000000362
unitbox_c_10_10_1_50.jl,16,true,-7.380000185475224,-7.380000000000001,true,true,0.8399999999995142
unitbox_c_10_10_1_50.jl,16,true,-7.380000185475224,-7.380000000000001,true,true,1.7099999999987745
unitbox_c_10_10_1_50.jl,16,true,-7.380000185475224,-6.637332996953114,true,true,10.000020000021332
unitbox_c_10_10_1_50.jl,16,true,-7.380000185475224,-7.380000000000001,true,true,2.7600000000035068
unitbox_c_10_10_1_50.jl,16,true,-7.380000185475224,-6.66,true,true,1.379999999999055
unitbox_c_10_10_1_50.jl,16,true,-7.380000185475224,-6.636108082694421,true,true,10.000020000021332
unitbox_c_10_10_1_50.jl,16,true,-7.380000185475224,-6.66,true,true,0.9599999999994122
unitbox_c_10_10_1_50.jl,16,true,-7.380000185475224,-7.380000000000001,true,true,2.0699999999989864
unitbox_c_10_10_1_50.jl,16,true,-7.380000185475224,-6.626482513229205,true,true,10.000020000021332
unitbox_c_10_10_1_50.jl,16,true,-7.380000185475224,-7.380000000000001,true,true,2.159999999999576
unitbox_c_10_10_1_50.jl,16,true,-7.380000185475224,-7.380000000000001,true,true,1.2299999999991826
unitbox_c_10_10_1_50.jl,16,true,-7.380000185475224,-7.380000000000001,true,true,1.1099999999992847
unitbox_c_10_10_1_50.jl,32,true,-7.380000185475224,-6.635195532732691,true,false,10.000020000021332
unitbox_c_10_10_1_50.jl,32,true,-7.380000185475224,-6.637776726536055,true,true,10.000020000021332
unitbox_c_10_10_1_50.jl,32,true,-7.380000185475224,-2.95,true,true,1.9499999999985704
unitbox_c_10_10_1_50.jl,32,true,-7.380000185475224,-6.634379102743682,true,true,10.000020000021332
unitbox_c_10_10_1_50.jl,32,true,-7.380000185475224,-7.380000000000001,true,true,1.4099999999990296
unitbox_c_10_10_1_50.jl,32,true,-7.380000185475224,-2.95,true,true,2.490000000001738
unitbox_c_10_10_1_50.jl,32,true,-7.380000185475224,-6.639831104478491,true,true,1.0799999999993102
unitbox_c_10_10_1_50.jl,32,true,-7.380000185475224,-7.380000000000001,true,true,2.9700000000048825
unitbox_c_10_10_1_50.jl,32,true,-7.380000185475224,-6.66,true,true,1.859999999998647
unitbox_c_10_10_1_50.jl,32,true,-7.380000185475224,-6.6599179473276795,true,true,0.6599999999996673
unitbox_c_10_10_1_50.jl,32,true,-7.380000185475224,-7.380000000000001,true,true,1.5299999999989276
unitbox_c_10_10_1_50.jl,32,true,-7.380000185475224,-6.646481178026473,true,true,10.000020000021332
unitbox_c_10_10_1_50.jl,32,true,-7.380000185475224,-7.380000000000001,true,true,1.499999999998953
unitbox_c_10_10_1_50.jl,32,true,-7.380000185475224,-2.95,true,true,1.559999999998902
unitbox_c_10_10_1_50.jl,32,true,-7.380000185475224,-2.95,true,true,1.1999999999992081
unitbox_c_10_10_1_50.jl,32,true,-7.380000185475224,-7.380000000000001,true,true,1.559999999998902
unitbox_c_10_10_1_50.jl,32,true,-7.380000185475224,-6.638779056761864,true,true,0.7499999999995908
unitbox_c_10_10_1_50.jl,32,true,-7.380000185475224,-6.66,true,true,1.499999999998953
unitbox_c_10_10_1_50.jl,32,true,-7.380000185475224,-6.6310417740795895,true,true,10.000020000021332
unitbox_c_10_10_1_50.jl,32,true,-7.380000185475224,-6.642777082151852,true,true,10.000020000021332
unitbox_c_10_10_1_50.jl,32,true,-7.380000185475224,-6.66,true,true,1.499999999998953
unitbox_c_10_10_2_100.jl,0,true,-6.420000192955972,-6.42,true,false,1.979999999998545
unitbox_c_10_10_2_100.jl,0,true,-6.420000192955972,-6.5448759379471415,true,true,3.9900000000115647
unitbox_c_10_10_2_100.jl,0,true,-6.420000192955972,-6.42,true,true,1.0499999999993357
unitbox_c_10_10_2_100.jl,0,true,-6.420000192955972,-6.42,true,true,1.1999999999992081
unitbox_c_10_10_2_100.jl,0,true,-6.420000192955972,-6.544466580502089,true,true,2.6400000000027206
unitbox_c_10_10_2_100.jl,0,true,-6.420000192955972,-6.42,true,true,2.1899999999997726
unitbox_c_10_10_2_100.jl,0,true,-6.420000192955972,-6.42,true,true,1.2899999999991316
unitbox_c_10_10_2_100.jl,0,true,-6.420000192955972,-6.42,true,true,2.219999999999969
unitbox_c_10_10_2_100.jl,0,true,-6.420000192955972,-6.42,true,true,1.0199999999993612
unitbox_c_10_10_2_100.jl,0,true,-6.420000192955972,-6.544894779324974,true,true,2.5200000000019345
unitbox_c_10_10_2_100.jl,0,true,-6.420000192955972,-6.5448389596388346,true,true,3.5400000000086167
unitbox_c_10_10_2_100.jl,0,true,-6.420000192955972,-6.42,true,true,2.7600000000035068
unitbox_c_10_10_2_100.jl,0,true,-6.420000192955972,-6.54447864252392,true,true,2.7600000000035068
unitbox_c_10_10_2_100.jl,0,true,-6.420000192955972,-6.544462964282319,true,true,2.430000000001345
unitbox_c_10_10_2_100.jl,0,true,-6.420000192955972,-6.42,true,true,0.8699999999994887
unitbox_c_10_10_2_100.jl,0,true,-6.420000192955972,-6.42,true,true,1.4699999999989786
unitbox_c_10_10_2_100.jl,0,true,-6.420000192955972,-6.544851677850973,true,true,3.6300000000092063
unitbox_c_10_10_2_100.jl,0,true,-6.420000192955972,-5.88553454703559,true,true,1.1099999999992847
unitbox_c_10_10_2_100.jl,0,true,-6.420000192955972,-6.42,true,true,2.159999999999576
unitbox_c_10_10_2_100.jl,0,true,-6.420000192955972,-6.544905815927979,true,true,3.450000000008027
unitbox_c_10_10_2_100.jl,0,true,-6.420000192955972,-6.42,true,true,0.5399999999997693
unitbox_c_10_10_2_100.jl,8,true,-6.420000192955972,-5.8441017731146445,true,false,2.4600000000015414
unitbox_c_10_10_2_100.jl,8,true,-6.420000192955972,-6.42,true,true,1.739999999998749
unitbox_c_10_10_2_100.jl,8,true,-6.420000192955972,-5.93,true,true,1.859999999998647
unitbox_c_10_10_2_100.jl,8,true,-6.420000192955972,-6.545868805837237,true,true,1.4099999999990296
unitbox_c_10_10_2_100.jl,8,true,-6.420000192955972,-5.230378717373526,true,true,1.739999999998749
unitbox_c_10_10_2_100.jl,8,true,-6.420000192955972,-5.628431568920802,true,true,3.6900000000095994
unitbox_c_10_10_2_100.jl,8,true,-6.420000192955972,-5.578877873043979,true,true,1.4099999999990296
unitbox_c_10_10_2_100.jl,8,true,-6.420000192955972,-5.93,true,true,5.070000000002801
unitbox_c_10_10_2_100.jl,8,true,-6.420000192955972,-5.233618767137794,true,true,2.940000000004686
unitbox_c_10_10_2_100.jl,8,true,-6.420000192955972,-6.42,true,true,1.499999999998953
unitbox_c_10_10_2_100.jl,8,true,-6.420000192955972,-6.42,true,true,1.499999999998953
unitbox_c_10_10_2_100.jl,8,true,-6.420000192955972,-6.41,true,true,6.299999999992651
unitbox_c_10_10_2_100.jl,8,true,-6.420000192955972,-6.49,true,true,1.8299999999986725
unitbox_c_10_10_2_100.jl,8,true,-6.420000192955972,-3.1599999999999997,true,true,2.5800000000023275
unitbox_c_10_10_2_100.jl,8,true,-6.420000192955972,-5.93,true,true,3.840000000010582
unitbox_c_10_10_2_100.jl,8,true,-6.420000192955972,-4.972904621562023,true,true,2.550000000002131
unitbox_c_10_10_2_100.jl,8,true,-6.420000192955972,-6.5409679882502285,true,true,10.000020000021332
unitbox_c_10_10_2_100.jl,8,true,-6.420000192955972,-3.1711044609788464,true,true,1.1399999999992592
unitbox_c_10_10_2_100.jl,8,true,-6.420000192955972,-5.16,true,true,1.319999999999106
unitbox_c_10_10_2_100.jl,8,true,-6.420000192955972,-5.93,true,true,1.6799999999988
unitbox_c_10_10_2_100.jl,8,true,-6.420000192955972,-5.620000000000001,true,true,1.0799999999993102
unitbox_c_10_10_2_100.jl,16,true,-6.420000192955972,-6.544514515226782,true,false,2.0099999999985934
unitbox_c_10_10_2_100.jl,16,true,-6.420000192955972,-6.42,true,true,3.4200000000078306
unitbox_c_10_10_2_100.jl,16,true,-6.420000192955972,-6.42,true,true,0.5099999999997948
unitbox_c_10_10_2_100.jl,16,true,-6.420000192955972,-6.42,true,true,1.2899999999991316
unitbox_c_10_10_2_100.jl,16,true,-6.420000192955972,-6.545124387463439,true,true,1.7699999999987235
unitbox_c_10_10_2_100.jl,16,true,-6.420000192955972,-6.42,true,true,0.9599999999994122
unitbox_c_10_10_2_100.jl,16,true,-6.420000192955972,-6.42,true,true,2.4600000000015414
unitbox_c_10_10_2_100.jl,16,true,-6.420000192955972,-6.42,true,true,1.439999999999004
unitbox_c_10_10_2_100.jl,16,true,-6.420000192955972,-6.42,true,true,1.1399999999992592
unitbox_c_10_10_2_100.jl,16,true,-6.420000192955972,-6.42,true,true,6.029999999994879
unitbox_c_10_10_2_100.jl,16,true,-6.420000192955972,-6.544303167972876,true,true,3.6900000000095994
unitbox_c_10_10_2_100.jl,16,true,-6.420000192955972,-5.888737747121832,true,true,0.6899999999996418
unitbox_c_10_10_2_100.jl,16,true,-6.420000192955972,-6.42,true,true,3.720000000009796
unitbox_c_10_10_2_100.jl,16,true,-6.420000192955972,-5.885245466477657,true,true,0.8999999999994632
unitbox_c_10_10_2_100.jl,16,true,-6.420000192955972,-5.887896042507333,true,true,4.710000000005771
unitbox_c_10_10_2_100.jl,16,true,-6.420000192955972,-6.42,true,true,1.559999999998902
unitbox_c_10_10_2_100.jl,16,true,-6.420000192955972,-6.42,true,true,3.6300000000092063
unitbox_c_10_10_2_100.jl,16,true,-6.420000192955972,-6.42,true,true,1.6799999999988
unitbox_c_10_10_2_100.jl,16,true,-6.420000192955972,-6.544675405286963,true,true,3.780000000010189
unitbox_c_10_10_2_100.jl,16,true,-6.420000192955972,-6.42,true,true,0.9899999999993867
unitbox_c_10_10_2_100.jl,16,true,-6.420000192955972,-6.546816578179451,true,true,0.6299999999996928
unitbox_c_10_10_2_100.jl,32,true,-6.420000192955972,-6.42,true,false,1.0499999999993357
unitbox_c_10_10_2_100.jl,32,true,-6.420000192955972,-6.42,true,true,0.9599999999994122
unitbox_c_10_10_2_100.jl,32,true,-6.420000192955972,-6.42,true,true,3.0900000000056687
unitbox_c_10_10_2_100.jl,32,true,-6.420000192955972,-6.54489940022866,true,true,3.8700000000107786
unitbox_c_10_10_2_100.jl,32,true,-6.420000192955972,-6.42,true,true,1.2899999999991316
unitbox_c_10_10_2_100.jl,32,true,-6.420000192955972,-5.887851981106553,true,true,2.880000000004293
unitbox_c_10_10_2_100.jl,32,true,-6.420000192955972,-6.5444319652810545,true,true,3.960000000011368
unitbox_c_10_10_2_100.jl,32,true,-6.420000192955972,-6.42,true,true,2.159999999999576
unitbox_c_10_10_2_100.jl,32,true,-6.420000192955972,-6.544521636606744,true,true,2.2500000000001656
unitbox_c_10_10_2_100.jl,32,true,-6.420000192955972,-6.42,true,true,2.2500000000001656
unitbox_c_10_10_2_100.jl,32,true,-6.420000192955972,-6.42,true,true,3.5700000000088132
unitbox_c_10_10_2_100.jl,32,true,-6.420000192955972,-6.544877924464773,true,true,3.330000000007241
unitbox_c_10_10_2_100.jl,32,true,-6.420000192955972,-6.546636294464923,true,true,1.1099999999992847
unitbox_c_10_10_2_100.jl,32,true,-6.420000192955972,-5.889956393229971,true,true,6.569999999990423
unitbox_c_10_10_2_100.jl,32,true,-6.420000192955972,-6.544497684780733,true,true,2.4600000000015414
unitbox_c_10_10_2_100.jl,32,true,-6.420000192955972,-5.885021273897462,true,true,1.1399999999992592
unitbox_c_10_10_2_100.jl,32,true,-6.420000192955972,-6.42,true,true,0.9899999999993867
unitbox_c_10_10_2_100.jl,32,true,-6.420000192955972,-6.5445506800969895,true,true,2.0099999999985934
unitbox_c_10_10_2_100.jl,32,true,-6.420000192955972,-6.546451156657799,true,true,1.4099999999990296
unitbox_c_10_10_2_100.jl,32,true,-6.420000192955972,-6.42,true,true,1.619999999998851
unitbox_c_10_10_2_100.jl,32,true,-6.420000192955972,-6.42,true,true,6.299999999992651
unitbox_c_10_10_2_50.jl,0,true,-6.950000192570484,-6.949999999999999,true,false,3.6900000000095994
unitbox_c_10_10_2_50.jl,0,true,-6.950000192570484,-6.949999999999999,true,true,7.979999999978788
unitbox_c_10_10_2_50.jl,0,true,-6.950000192570484,-6.701194018026404,true,true,10.000020000021332
unitbox_c_10_10_2_50.jl,0,true,-6.950000192570484,-6.949999999999999,true,true,7.169999999985472
unitbox_c_10_10_2_50.jl,0,true,-6.950000192570484,-6.949999999999999,true,true,9.930000000019836
unitbox_c_10_10_2_50.jl,0,true,-6.950000192570484,-6.949999999999999,true,true,3.6000000000090098
unitbox_c_10_10_2_50.jl,0,true,-6.950000192570484,-6.949999999999999,true,true,7.769999999980521
unitbox_c_10_10_2_50.jl,0,true,-6.950000192570484,-6.949999999999999,true,true,8.489999999989086
unitbox_c_10_10_2_50.jl,0,true,-6.950000192570484,-6.949999999999999,true,true,2.2500000000001656
unitbox_c_10_10_2_50.jl,0,true,-6.950000192570484,-6.949999999999999,true,true,2.1299999999993795
unitbox_c_10_10_2_50.jl,0,true,-6.950000192570484,-6.949999999999999,true,true,7.289999999984482
unitbox_c_10_10_2_50.jl,0,true,-6.950000192570484,-6.949999999999999,true,true,0.9299999999994377
unitbox_c_10_10_2_50.jl,0,true,-6.950000192570484,-6.949999999999999,true,true,7.679999999981264
unitbox_c_10_10_2_50.jl,0,true,-6.950000192570484,-6.949999999999999,true,true,9.300000000006383
unitbox_c_10_10_2_50.jl,0,true,-6.950000192570484,-6.327550593334347,true,true,10.000020000021332
unitbox_c_10_10_2_50.jl,0,true,-6.950000192570484,-6.360700526406,true,true,10.000020000021332
unitbox_c_10_10_2_50.jl,0,true,-6.950000192570484,-6.949999999999999,true,true,1.7699999999987235
unitbox_c_10_10_2_50.jl,0,true,-6.950000192570484,-6.949999999999999,true,true,4.260000000009485
unitbox_c_10_10_2_50.jl,0,true,-6.950000192570484,-6.949999999999999,true,true,7.529999999982501
unitbox_c_10_10_2_50.jl,0,true,-6.950000192570484,-6.555634769365353,true,true,10.000020000021332
unitbox_c_10_10_2_50.jl,0,true,-6.950000192570484,-6.949999999999999,true,true,5.849999999996364
unitbox_c_10_10_2_50.jl,8,true,-6.950000192570484,-4.806811831923478,true,false,0.8999999999994632
unitbox_c_10_10_2_50.jl,8,true,-6.950000192570484,-4.1690262967377825,true,true,0.5099999999997948
unitbox_c_10_10_2_50.jl,8,false,-6.950000192570484,-5.9789466654373244,true,true,10.000020000021332
unitbox_c_10_10_2_50.jl,8,true,-6.950000192570484,-6.1899999999999995,true,true,6.77999999998869
unitbox_c_10_10_2_50.jl,8,false,-6.950000192570484,-6.3634916338093195,true,true,10.000020000021332
unitbox_c_10_10_2_50.jl,8,true,-6.950000192570484,-4.16,true,true,1.0199999999993612
unitbox_c_10_10_2_50.jl,8,true,-6.950000192570484,-6.873339329919935,true,true,3.6000000000090098
unitbox_c_10_10_2_50.jl,8,true,-6.950000192570484,-6.37,true,true,2.3400000000007553
unitbox_c_10_10_2_50.jl,8,true,-6.950000192570484,-6.37,true,true,1.4699999999989786
unitbox_c_10_10_2_50.jl,8,true,-6.950000192570484,-0.9585129670929556,true,true,10.000020000021332
unitbox_c_10_10_2_50.jl,8,true,-6.950000192570484,-5.750000000000002,true,true,1.1099999999992847
unitbox_c_10_10_2_50.jl,8,false,-6.950000192570484,-6.235172065157606,true,true,10.000020000021332
unitbox_c_10_10_2_50.jl,8,true,-6.950000192570484,-5.570987688940872,true,true,10.000020000021332
unitbox_c_10_10_2_50.jl,8,true,-6.950000192570484,-4.16,true,true,4.230000000009732
unitbox_c_10_10_2_50.jl,8,true,-6.950000192570484,-5.7299999999999995,true,true,0.9899999999993867
unitbox_c_10_10_2_50.jl,8,true,-6.950000192570484,-6.842408776474564,true,true,10.000020000021332
unitbox_c_10_10_2_50.jl,8,false,-6.950000192570484,-6.05426846248595,true,true,10.000020000021332
unitbox_c_10_10_2_50.jl,8,false,-6.950000192570484,-5.392287709333093,true,true,10.000020000021332
unitbox_c_10_10_2_50.jl,8,true,-6.950000192570484,-6.13138280853673,true,true,2.670000000002917
unitbox_c_10_10_2_50.jl,8,false,-6.950000192570484,-6.356386497112686,true,true,10.000020000021332
unitbox_c_10_10_2_50.jl,8,true,-6.950000192570484,-3.1005733056549984,true,true,1.2599999999991571
unitbox_c_10_10_2_50.jl,16,true,-6.950000192570484,-6.949999999999999,true,false,3.0900000000056687
unitbox_c_10_10_2_50.jl,16,true,-6.950000192570484,-6.949999999999999,true,true,6.509999999990918
unitbox_c_10_10_2_50.jl,16,true,-6.950000192570484,-6.949999999999999,true,true,4.0500000000112175
unitbox_c_10_10_2_50.jl,16,true,-6.950000192570484,-6.949999999999999,true,true,7.169999999985472
unitbox_c_10_10_2_50.jl,16,true,-6.950000192570484,-6.949999999999999,true,true,2.5200000000019345
unitbox_c_10_10_2_50.jl,16,true,-6.950000192570484,-6.949999999999999,true,true,7.769999999980521
unitbox_c_10_10_2_50.jl,16,true,-6.950000192570484,-6.949999999999999,true,true,7.799999999980273
unitbox_c_10_10_2_50.jl,16,true,-6.950000192570484,-6.949999999999999,true,true,3.4800000000082236
unitbox_c_10_10_2_50.jl,16,true,-6.950000192570484,-6.949999999999999,true,true,1.4699999999989786
unitbox_c_10_10_2_50.jl,16,true,-6.950000192570484,-6.949999999999999,true,true,1.6499999999988255
unitbox_c_10_10_2_50.jl,16,true,-6.950000192570484,-6.949999999999999,true,true,7.769999999980521
unitbox_c_10_10_2_50.jl,16,true,-6.950000192570484,-6.949999999999999,true,true,8.309999999985243
unitbox_c_10_10_2_50.jl,16,true,-6.950000192570484,-6.949999999999999,true,true,6.5999999999901755
unitbox_c_10_10_2_50.jl,16,true,-6.950000192570484,-6.949999999999999,true,true,8.15999999998204
unitbox_c_10_10_2_50.jl,16,true,-6.950000192570484,-6.80067575734395,true,true,10.000020000021332
unitbox_c_10_10_2_50.jl,16,true,-6.950000192570484,-6.949999999999999,true,true,1.619999999998851
unitbox_c_10_10_2_50.jl,16,true,-6.950000192570484,-6.949999999999999,true,true,1.1999999999992081
unitbox_c_10_10_2_50.jl,16,true,-6.950000192570484,-6.949999999999999,true,true,0.9299999999994377
unitbox_c_10_10_2_50.jl,16,true,-6.950000192570484,-6.949999999999999,true,true,1.2299999999991826
unitbox_c_10_10_2_50.jl,16,true,-6.950000192570484,-6.949999999999999,true,true,9.090000000001899
unitbox_c_10_10_2_50.jl,16,true,-6.950000192570484,-6.949999999999999,true,true,9.15000000000318
unitbox_c_10_10_2_50.jl,32,true,-6.950000192570484,-6.949999999999999,true,false,1.1699999999992337
unitbox_c_10_10_2_50.jl,32,true,-6.950000192570484,-6.949999999999999,true,true,1.919999999998596
unitbox_c_10_10_2_50.jl,32,true,-6.950000192570484,-6.949999999999999,true,true,7.679999999981264
unitbox_c_10_10_2_50.jl,32,true,-6.950000192570484,-6.949999999999999,true,true,1.6499999999988255
unitbox_c_10_10_2_50.jl,32,true,-6.950000192570484,-6.949999999999999,true,true,9.060000000001258
unitbox_c_10_10_2_50.jl,32,true,-6.950000192570484,-6.949999999999999,true,true,7.7399999999807685
unitbox_c_10_10_2_50.jl,32,true,-6.950000192570484,-6.949999999999999,true,true,9.570000000012149
unitbox_c_10_10_2_50.jl,32,true,-6.950000192570484,-6.949999999999999,true,true,0.9599999999994122
unitbox_c_10_10_2_50.jl,32,true,-6.950000192570484,-6.642364868942336,true,true,10.000020000021332
unitbox_c_10_10_2_50.jl,32,true,-6.950000192570484,-6.770917911048485,true,true,10.000020000021332
unitbox_c_10_10_2_50.jl,32,true,-6.950000192570484,-6.949999999999999,true,true,2.4600000000015414
unitbox_c_10_10_2_50.jl,32,true,-6.950000192570484,-6.949999999999999,true,true,6.719999999989185
unitbox_c_10_10_2_50.jl,32,true,-6.950000192570484,-6.949999999999999,true,true,8.63999999999229
unitbox_c_10_10_2_50.jl,32,true,-6.950000192570484,-6.754308904920446,true,true,10.000020000021332
unitbox_c_10_10_2_50.jl,32,true,-6.950000192570484,-6.949999999999999,true,true,1.7699999999987235
unitbox_c_10_10_2_50.jl,32,true,-6.950000192570484,-6.949999999999999,true,true,7.169999999985472
unitbox_c_10_10_2_50.jl,32,true,-6.950000192570484,-6.949999999999999,true,true,8.21999999998332
unitbox_c_10_10_2_50.jl,32,true,-6.950000192570484,-6.682989364903626,true,true,10.000020000021332
unitbox_c_10_10_2_50.jl,32,true,-6.950000192570484,-6.949999999999999,true,true,8.489999999989086
unitbox_c_10_10_2_50.jl,32,true,-6.950000192570484,-6.949999999999999,true,true,5.489999999999335
unitbox_c_10_10_2_50.jl,32,true,-6.950000192570484,-6.949999999999999,true,true,2.5200000000019345
unitbox_c_10_10_3_100.jl,0,true,-11.450000318656995,-11.790000000000001,true,false,0.5099999999997948
unitbox_c_10_10_3_100.jl,0,true,-11.450000318656995,-11.790000000000001,true,true,1.4699999999989786
unitbox_c_10_10_3_100.jl,0,true,-11.450000318656995,-11.790000000000001,true,true,1.739999999998749
unitbox_c_10_10_3_100.jl,0,true,-11.450000318656995,-11.790000000000001,true,true,0.6599999999996673
unitbox_c_10_10_3_100.jl,0,true,-11.450000318656995,-11.790000000000001,true,true,0.6599999999996673
unitbox_c_10_10_3_100.jl,0,true,-11.450000318656995,-11.790000000000001,true,true,0.7799999999995653
unitbox_c_10_10_3_100.jl,0,true,-11.450000318656995,-11.450000000000001,true,true,0.3899999999998968
unitbox_c_10_10_3_100.jl,0,true,-11.450000318656995,-11.790000000000001,true,true,1.2599999999991571
unitbox_c_10_10_3_100.jl,0,true,-11.450000318656995,-11.790000000000001,true,true,0.5699999999997438
unitbox_c_10_10_3_100.jl,0,true,-11.450000318656995,-11.790000000000001,true,true,3.780000000010189
unitbox_c_10_10_3_100.jl,0,true,-11.450000318656995,-11.450000000000001,true,true,0.4499999999998458
unitbox_c_10_10_3_100.jl,0,true,-11.450000318656995,-11.450000000000001,true,true,0.7199999999996163
unitbox_c_10_10_3_100.jl,0,true,-11.450000318656995,-11.790000000000001,true,true,5.519999999999087
unitbox_c_10_10_3_100.jl,0,true,-11.450000318656995,-11.790000000000001,true,true,0.5099999999997948
unitbox_c_10_10_3_100.jl,0,true,-11.450000318656995,-11.450000000000001,true,true,1.1699999999992337
unitbox_c_10_10_3_100.jl,0,true,-11.450000318656995,-11.790000000000001,true,true,4.950000000003791
unitbox_c_10_10_3_100.jl,0,true,-11.450000318656995,-11.790000000000001,true,true,5.909999999995869
unitbox_c_10_10_3_100.jl,0,true,-11.450000318656995,-11.790000000000001,true,true,4.980000000003543
unitbox_c_10_10_3_100.jl,0,true,-11.450000318656995,-11.450000000000001,true,true,0.4799999999998203
unitbox_c_10_10_3_100.jl,0,true,-11.450000318656995,-11.790000000000001,true,true,0.5699999999997438
unitbox_c_10_10_3_100.jl,0,true,-11.450000318656995,-11.790000000000001,true,true,0.6299999999996928
unitbox_c_10_10_3_100.jl,8,true,-11.450000318656995,-11.790000000000001,true,false,0.5099999999997948
unitbox_c_10_10_3_100.jl,8,true,-11.450000318656995,-10.12,true,true,1.319999999999106
unitbox_c_10_10_3_100.jl,8,true,-11.450000318656995,-11.790000000000001,true,true,0.5099999999997948
unitbox_c_10_10_3_100.jl,8,true,-11.450000318656995,-11.450000000000001,true,true,0.5999999999997183
unitbox_c_10_10_3_100.jl,8,true,-11.450000318656995,-9.078759666945928,true,true,4.230000000009732
unitbox_c_10_10_3_100.jl,8,true,-11.450000318656995,-11.3284413875844,true,true,5.31000000000082
unitbox_c_10_10_3_100.jl,8,true,-11.450000318656995,-11.787537440467458,true,true,1.0199999999993612
unitbox_c_10_10_3_100.jl,8,true,-11.450000318656995,-11.790000000000001,true,true,1.2599999999991571
unitbox_c_10_10_3_100.jl,8,true,-11.450000318656995,-11.450000000000001,true,true,1.559999999998902
unitbox_c_10_10_3_100.jl,8,true,-11.450000318656995,-11.450000000000001,true,true,0.4499999999998458
unitbox_c_10_10_3_100.jl,8,true,-11.450000318656995,-10.21,true,true,1.319999999999106
unitbox_c_10_10_3_100.jl,8,true,-11.450000318656995,-11.646798938232983,true,true,3.660000000009403
unitbox_c_10_10_3_100.jl,8,true,-11.450000318656995,-7.424280736156431,true,true,1.1099999999992847
unitbox_c_10_10_3_100.jl,8,true,-11.450000318656995,-11.450000000000001,true,true,0.7199999999996163
unitbox_c_10_10_3_100.jl,8,true,-11.450000318656995,-11.299999999999999,true,true,1.739999999998749
unitbox_c_10_10_3_100.jl,8,true,-11.450000318656995,-11.790000000000001,true,true,1.9499999999985704
unitbox_c_10_10_3_100.jl,8,true,-11.450000318656995,-8.265522395209139,true,true,3.6900000000095994
unitbox_c_10_10_3_100.jl,8,true,-11.450000318656995,-11.790000000000001,true,true,0.7799999999995653
unitbox_c_10_10_3_100.jl,8,true,-11.450000318656995,-8.990040914065709,true,true,1.6499999999988255
unitbox_c_10_10_3_100.jl,8,true,-11.450000318656995,-11.790000000000001,true,true,1.0499999999993357
unitbox_c_10_10_3_100.jl,8,true,-11.450000318656995,-10.629999999999999,true,true,2.1299999999993795
unitbox_c_10_10_3_100.jl,16,true,-11.450000318656995,-11.790000000000001,true,false,0.6899999999996418
unitbox_c_10_10_3_100.jl,16,true,-11.450000318656995,-11.790000000000001,true,true,6.509999999990918
unitbox_c_10_10_3_100.jl,16,true,-11.450000318656995,-11.790000000000001,true,true,5.819999999996612
unitbox_c_10_10_3_100.jl,16,true,-11.450000318656995,-6.370363751613751,true,true,1.1999999999992081
unitbox_c_10_10_3_100.jl,16,true,-11.450000318656995,-11.450000000000001,true,true,0.5399999999997693
unitbox_c_10_10_3_100.jl,16,true,-11.450000318656995,-6.370346022658324,true,true,1.7699999999987235
unitbox_c_10_10_3_100.jl,16,true,-11.450000318656995,-11.790000000000001,true,true,1.4099999999990296
unitbox_c_10_10_3_100.jl,16,true,-11.450000318656995,-11.790000000000001,true,true,1.859999999998647
unitbox_c_10_10_3_100.jl,16,true,-11.450000318656995,-11.790000000000001,true,true,3.0900000000056687
unitbox_c_10_10_3_100.jl,16,true,-11.450000318656995,-11.790000000000001,true,true,0.5099999999997948
unitbox_c_10_10_3_100.jl,16,true,-11.450000318656995,-11.790000000000001,true,true,5.160000000002058
unitbox_c_10_10_3_100.jl,16,true,-11.450000318656995,-11.790000000000001,true,true,5.42999999999983
unitbox_c_10_10_3_100.jl,16,true,-11.450000318656995,-11.790000000000001,true,true,0.6599999999996673
unitbox_c_10_10_3_100.jl,16,true,-11.450000318656995,-11.790000000000001,true,true,4.800000000005029
unitbox_c_10_10_3_100.jl,16,true,-11.450000318656995,-11.790000000000001,true,true,5.130000000002306
unitbox_c_10_10_3_100.jl,16,true,-11.450000318656995,-11.790000000000001,true,true,5.66999999999785
unitbox_c_10_10_3_100.jl,16,true,-11.450000318656995,-11.790000000000001,true,true,0.5699999999997438
unitbox_c_10_10_3_100.jl,16,true,-11.450000318656995,-11.790000000000001,true,true,2.0699999999989864
unitbox_c_10_10_3_100.jl,16,true,-11.450000318656995,-11.279955749480143,true,true,0.26999999999999885
unitbox_c_10_10_3_100.jl,16,true,-11.450000318656995,-11.790000000000001,true,true,5.759999999997107
unitbox_c_10_10_3_100.jl,16,true,-11.450000318656995,-11.790000000000001,true,true,0.3899999999998968
unitbox_c_10_10_3_100.jl,32,true,-11.450000318656995,-11.790000000000001,true,false,0.8099999999995398
unitbox_c_10_10_3_100.jl,32,true,-11.450000318656995,-11.790000000000001,true,true,0.8399999999995142
unitbox_c_10_10_3_100.jl,32,true,-11.450000318656995,-11.450000000000001,true,true,2.5200000000019345
unitbox_c_10_10_3_100.jl,32,true,-11.450000318656995,-11.790000000000001,true,true,1.1399999999992592
unitbox_c_10_10_3_100.jl,32,true,-11.450000318656995,-11.790000000000001,true,true,5.7299999999973545
unitbox_c_10_10_3_100.jl,32,true,-11.450000318656995,-11.790000000000001,true,true,0.6899999999996418
unitbox_c_10_10_3_100.jl,32,true,-11.450000318656995,-11.790000000000001,true,true,1.0499999999993357
unitbox_c_10_10_3_100.jl,32,true,-11.450000318656995,-11.790000000000001,true,true,1.6799999999988
unitbox_c_10_10_3_100.jl,32,true,-11.450000318656995,-11.790000000000001,true,true,5.4599999999995825
unitbox_c_10_10_3_100.jl,32,true,-11.450000318656995,-11.790000000000001,true,true,0.6899999999996418
unitbox_c_10_10_3_100.jl,32,true,-11.450000318656995,-11.450000000000001,true,true,1.0799999999993102
unitbox_c_10_10_3_100.jl,32,true,-11.450000318656995,-11.790000000000001,true,true,1.6499999999988255
unitbox_c_10_10_3_100.jl,32,true,-11.450000318656995,-11.790000000000001,true,true,0.8099999999995398
unitbox_c_10_10_3_100.jl,32,true,-11.450000318656995,-11.450000000000001,true,true,0.32999999999994784
unitbox_c_10_10_3_100.jl,32,true,-11.450000318656995,-11.450000000000001,true,true,1.859999999998647
unitbox_c_10_10_3_100.jl,32,true,-11.450000318656995,-11.790000000000001,true,true,5.1900000000018105
unitbox_c_10_10_3_100.jl,32,true,-11.450000318656995,-11.790000000000001,true,true,5.699999999997602
unitbox_c_10_10_3_100.jl,32,true,-11.450000318656995,-11.790000000000001,true,true,5.220000000001563
unitbox_c_10_10_3_100.jl,32,true,-11.450000318656995,-11.790000000000001,true,true,1.8899999999986214
unitbox_c_10_10_3_100.jl,32,true,-11.450000318656995,-11.450000000000001,true,true,0.4499999999998458
unitbox_c_10_10_3_100.jl,32,true,-11.450000318656995,-11.450000000000001,true,true,1.439999999999004
unitbox_c_10_10_3_50.jl,0,true,-8.600000202584562,-10.299999999999999,true,false,1.1099999999992847
unitbox_c_10_10_3_50.jl,0,true,-8.600000202584562,-8.6,true,true,2.3400000000007553
unitbox_c_10_10_3_50.jl,0,true,-8.600000202584562,-8.6,true,true,4.290000000009237
unitbox_c_10_10_3_50.jl,0,true,-8.600000202584562,-10.299999999999999,true,true,5.31000000000082
unitbox_c_10_10_3_50.jl,0,true,-8.600000202584562,-10.299999999999999,true,true,0.8699999999994887
unitbox_c_10_10_3_50.jl,0,true,-8.600000202584562,-10.299999999999999,true,true,3.060000000005472
unitbox_c_10_10_3_50.jl,0,true,-8.600000202584562,-10.299999999999999,true,true,1.1999999999992081
unitbox_c_10_10_3_50.jl,0,true,-8.600000202584562,-10.299999999999999,true,true,4.680000000006019
unitbox_c_10_10_3_50.jl,0,true,-8.600000202584562,-10.299999999999999,true,true,1.3499999999990806
unitbox_c_10_10_3_50.jl,0,true,-8.600000202584562,-10.299999999999999,true,true,0.6599999999996673
unitbox_c_10_10_3_50.jl,0,true,-8.600000202584562,-10.299999999999999,true,true,0.6899999999996418
unitbox_c_10_10_3_50.jl,0,true,-8.600000202584562,-10.299999999999999,true,true,1.499999999998953
unitbox_c_10_10_3_50.jl,0,true,-8.600000202584562,-10.299999999999999,true,true,5.400000000000078
unitbox_c_10_10_3_50.jl,0,true,-8.600000202584562,-10.299999999999999,true,true,1.0199999999993612
unitbox_c_10_10_3_50.jl,0,true,-8.600000202584562,-10.299999999999999,true,true,0.5399999999997693
unitbox_c_10_10_3_50.jl,0,true,-8.600000202584562,-8.6,true,true,3.8100000000103855
unitbox_c_10_10_3_50.jl,0,true,-8.600000202584562,-10.299999999999999,true,true,5.759999999997107
unitbox_c_10_10_3_50.jl,0,true,-8.600000202584562,-10.299999999999999,true,true,1.439999999999004
unitbox_c_10_10_3_50.jl,0,true,-8.600000202584562,-10.299999999999999,true,true,0.6899999999996418
unitbox_c_10_10_3_50.jl,0,true,-8.600000202584562,-10.299999999999999,true,true,0.7199999999996163
unitbox_c_10_10_3_50.jl,0,true,-8.600000202584562,-10.299999999999999,true,true,1.0199999999993612
unitbox_c_10_10_3_50.jl,8,true,-8.600000202584562,-8.6,true,false,2.3100000000005587
unitbox_c_10_10_3_50.jl,8,true,-8.600000202584562,-8.719999999999999,true,true,3.330000000007241
unitbox_c_10_10_3_50.jl,8,true,-8.600000202584562,-10.299999999999999,true,true,3.3000000000070444
unitbox_c_10_10_3_50.jl,8,true,-8.600000202584562,-10.299999999999999,true,true,0.4499999999998458
unitbox_c_10_10_3_50.jl,8,true,-8.600000202584562,-7.59,true,true,1.1999999999992081
unitbox_c_10_10_3_50.jl,8,true,-8.600000202584562,-10.299999999999999,true,true,0.8399999999995142
unitbox_c_10_10_3_50.jl,8,true,-8.600000202584562,-9.28,true,true,0.8699999999994887
unitbox_c_10_10_3_50.jl,8,true,-8.600000202584562,-8.6,true,true,2.490000000001738
unitbox_c_10_10_3_50.jl,8,true,-8.600000202584562,-9.28,true,true,2.1299999999993795
unitbox_c_10_10_3_50.jl,8,true,-8.600000202584562,-8.4,true,true,1.2599999999991571
unitbox_c_10_10_3_50.jl,8,true,-8.600000202584562,-10.299999999999999,true,true,1.499999999998953
unitbox_c_10_10_3_50.jl,8,true,-8.600000202584562,-10.299999999999999,true,true,2.1299999999993795
unitbox_c_10_10_3_50.jl,8,true,-8.600000202584562,-10.299999999999999,true,true,1.859999999998647
unitbox_c_10_10_3_50.jl,8,true,-8.600000202584562,-9.28,true,true,1.7699999999987235
unitbox_c_10_10_3_50.jl,8,true,-8.600000202584562,-9.28,true,true,1.319999999999106
unitbox_c_10_10_3_50.jl,8,true,-8.600000202584562,-9.28,true,true,0.6599999999996673
unitbox_c_10_10_3_50.jl,8,true,-8.600000202584562,-10.299999999999999,true,true,0.8399999999995142
unitbox_c_10_10_3_50.jl,8,true,-8.600000202584562,-10.299999999999999,true,true,1.859999999998647
unitbox_c_10_10_3_50.jl,8,true,-8.600000202584562,-8.26,true,true,0.7199999999996163
unitbox_c_10_10_3_50.jl,8,true,-8.600000202584562,-8.6,true,true,1.8299999999986725
unitbox_c_10_10_3_50.jl,8,true,-8.600000202584562,-10.299999999999999,true,true,4.800000000005029
unitbox_c_10_10_3_50.jl,16,true,-8.600000202584562,-10.299999999999999,true,false,0.5699999999997438
unitbox_c_10_10_3_50.jl,16,true,-8.600000202584562,-10.299999999999999,true,true,2.9100000000044894
unitbox_c_10_10_3_50.jl,16,true,-8.600000202584562,-10.299999999999999,true,true,0.6299999999996928
unitbox_c_10_10_3_50.jl,16,true,-8.600000202584562,-10.299999999999999,true,true,3.3600000000074375
unitbox_c_10_10_3_50.jl,16,true,-8.600000202584562,-10.299999999999999,true,true,0.7199999999996163
unitbox_c_10_10_3_50.jl,16,true,-8.600000202584562,-10.299999999999999,true,true,1.6799999999988
unitbox_c_10_10_3_50.jl,16,true,-8.600000202584562,-8.6,true,true,3.330000000007241
unitbox_c_10_10_3_50.jl,16,true,-8.600000202584562,-10.299999999999999,true,true,1.0799999999993102
unitbox_c_10_10_3_50.jl,16,true,-8.600000202584562,-10.299999999999999,true,true,0.9599999999994122
unitbox_c_10_10_3_50.jl,16,true,-8.600000202584562,-10.299999999999999,true,true,3.4200000000078306
unitbox_c_10_10_3_50.jl,16,true,-8.600000202584562,-10.299999999999999,true,true,0.3899999999998968
unitbox_c_10_10_3_50.jl,16,true,-8.600000202584562,-10.299999999999999,true,true,4.08000000001097
unitbox_c_10_10_3_50.jl,16,true,-8.600000202584562,-10.299999999999999,true,true,3.5700000000088132
unitbox_c_10_10_3_50.jl,16,true,-8.600000202584562,-8.6,true,true,3.6300000000092063
unitbox_c_10_10_3_50.jl,16,true,-8.600000202584562,-10.299999999999999,true,true,0.7499999999995908
unitbox_c_10_10_3_50.jl,16,true,-8.600000202584562,-8.6,true,true,3.720000000009796
unitbox_c_10_10_3_50.jl,16,true,-8.600000202584562,-10.299999999999999,true,true,0.8099999999995398
unitbox_c_10_10_3_50.jl,16,true,-8.600000202584562,-8.6,true,true,2.670000000002917
unitbox_c_10_10_3_50.jl,16,true,-8.600000202584562,-8.6,true,true,3.120000000005865
unitbox_c_10_10_3_50.jl,16,true,-8.600000202584562,-10.299999999999999,true,true,1.499999999998953
unitbox_c_10_10_3_50.jl,16,true,-8.600000202584562,-8.6,true,true,4.170000000010227
unitbox_c_10_10_3_50.jl,32,true,-8.600000202584562,-10.299999999999999,true,false,1.1699999999992337
unitbox_c_10_10_3_50.jl,32,true,-8.600000202584562,-8.6,true,true,4.020000000011465
unitbox_c_10_10_3_50.jl,32,true,-8.600000202584562,-10.299999999999999,true,true,2.3400000000007553
unitbox_c_10_10_3_50.jl,32,true,-8.600000202584562,-10.299999999999999,true,true,1.0499999999993357
unitbox_c_10_10_3_50.jl,32,true,-8.600000202584562,-10.299999999999999,true,true,5.42999999999983
unitbox_c_10_10_3_50.jl,32,true,-8.600000202584562,-10.299999999999999,true,true,0.6299999999996928
unitbox_c_10_10_3_50.jl,32,true,-8.600000202584562,-8.6,true,true,4.350000000008742
unitbox_c_10_10_3_50.jl,32,true,-8.600000202584562,-10.299999999999999,true,true,0.8999999999994632
unitbox_c_10_10_3_50.jl,32,true,-8.600000202584562,-10.299999999999999,true,true,0.6599999999996673
unitbox_c_10_10_3_50.jl,32,true,-8.600000202584562,-10.299999999999999,true,true,0.4499999999998458
unitbox_c_10_10_3_50.jl,32,true,-8.600000202584562,-10.299999999999999,true,true,2.610000000002524
unitbox_c_10_10_3_50.jl,32,true,-8.600000202584562,-8.6,true,true,3.6000000000090098
unitbox_c_10_10_3_50.jl,32,true,-8.600000202584562,-8.6,true,true,4.950000000003791
unitbox_c_10_10_3_50.jl,32,true,-8.600000202584562,-10.299999999999999,true,true,0.8099999999995398
unitbox_c_10_10_3_50.jl,32,true,-8.600000202584562,-10.299999999999999,true,true,1.8899999999986214
unitbox_c_10_10_3_50.jl,32,true,-8.600000202584562,-10.299999999999999,true,true,1.1999999999992081
unitbox_c_10_10_3_50.jl,32,true,-8.600000202584562,-10.299999999999999,true,true,1.0499999999993357
unitbox_c_10_10_3_50.jl,32,true,-8.600000202584562,-10.299999999999999,true,true,5.4599999999995825
unitbox_c_10_10_3_50.jl,32,true,-8.600000202584562,-10.299999999999999,true,true,1.5899999999988765
unitbox_c_10_10_3_50.jl,32,true,-8.600000202584562,-10.299999999999999,true,true,1.0199999999993612
unitbox_c_10_10_3_50.jl,32,true,-8.600000202584562,-10.299999999999999,true,true,3.5700000000088132
unitbox_c_10_15_1_100.jl,0,false,-11.63646049982129,-11.61560660838497,false,false,10.000020000021332
unitbox_c_10_15_1_100.jl,0,true,-11.63646049982129,-10.033241766602563,true,true,9.540000000011508
unitbox_c_10_15_1_100.jl,0,true,-11.63646049982129,-10.404069412333023,true,true,6.569999999990423
unitbox_c_10_15_1_100.jl,0,false,-11.63646049982129,-11.647097389395958,false,true,10.000020000021332
unitbox_c_10_15_1_100.jl,0,false,-11.63646049982129,-11.666080505888274,false,true,10.000020000021332
unitbox_c_10_15_1_100.jl,0,false,-11.63646049982129,-11.629712252704518,false,true,10.000020000021332
unitbox_c_10_15_1_100.jl,0,true,-11.63646049982129,-10.9165830638829,true,true,5.250000000001315
unitbox_c_10_15_1_100.jl,0,true,-11.63646049982129,-10.916609077603725,true,true,5.939999999995622
unitbox_c_10_15_1_100.jl,0,false,-11.63646049982129,-11.631255253860814,false,true,10.000020000021332
unitbox_c_10_15_1_100.jl,0,true,-11.63646049982129,-10.40405511328304,true,true,6.959999999987205
unitbox_c_10_15_1_100.jl,0,false,-11.63646049982129,-11.629996789241886,false,true,10.000020000021332
unitbox_c_10_15_1_100.jl,0,false,-11.63646049982129,-11.636802322201794,false,true,10.000020000021332
unitbox_c_10_15_1_100.jl,0,false,-11.63646049982129,-11.619311158000563,false,true,10.000020000021332
unitbox_c_10_15_1_100.jl,0,true,-11.63646049982129,-10.916710527997118,true,true,6.089999999994384
unitbox_c_10_15_1_100.jl,0,true,-11.63646049982129,-10.404041317410712,true,true,7.709999999981016
unitbox_c_10_15_1_100.jl,0,false,-11.63646049982129,-11.61195277719071,true,true,10.000020000021332
unitbox_c_10_15_1_100.jl,0,true,-11.63646049982129,-10.404061566448915,true,true,6.239999999993146
unitbox_c_10_15_1_100.jl,0,false,-11.63646049982129,-11.610170384185999,false,true,10.000020000021332
unitbox_c_10_15_1_100.jl,0,false,-11.63646049982129,-11.6224151515932,false,true,10.000020000021332
unitbox_c_10_15_1_100.jl,0,false,-11.63646049982129,-11.607894037235495,false,true,10.000020000021332
unitbox_c_10_15_1_100.jl,0,true,-11.63646049982129,-10.033251528736225,true,true,9.960000000020477
unitbox_c_10_15_1_100.jl,8,false,-11.63646049982129,-11.79581925204189,false,false,10.000020000021332
unitbox_c_10_15_1_100.jl,8,false,-11.63646049982129,-9.261466866422015,false,true,7.349999999983987
unitbox_c_10_15_1_100.jl,8,false,-11.63646049982129,-10.895361002623083,true,true,7.079999999986215
unitbox_c_10_15_1_100.jl,8,false,-11.63646049982129,-11.70252499647678,false,true,10.000020000021332
unitbox_c_10_15_1_100.jl,8,false,-11.63646049982129,-11.38049344869451,false,true,10.000020000021332
unitbox_c_10_15_1_100.jl,8,false,-11.63646049982129,-13.316295422570867,false,true,7.799999999980273
unitbox_c_10_15_1_100.jl,8,false,-11.63646049982129,-12.29993951430852,false,true,10.000020000021332
unitbox_c_10_15_1_100.jl,8,false,-11.63646049982129,-13.426016529948857,false,true,6.77999999998869
unitbox_c_10_15_1_100.jl,8,false,-11.63646049982129,-12.138536281613938,false,true,8.129999999981399
unitbox_c_10_15_1_100.jl,8,false,-11.63646049982129,-11.497136817263987,false,true,9.540000000011508
unitbox_c_10_15_1_100.jl,8,true,-11.63646049982129,-6.5442935982857176,false,true,2.099999999999183
unitbox_c_10_15_1_100.jl,8,false,-11.63646049982129,-12.044927828737135,false,true,5.909999999995869
unitbox_c_10_15_1_100.jl,8,false,-11.63646049982129,-11.08280254501361,false,true,10.000020000021332
unitbox_c_10_15_1_100.jl,8,false,-11.63646049982129,-11.493501356065075,true,true,10.000020000021332
unitbox_c_10_15_1_100.jl,8,false,-11.63646049982129,-10.317036446750533,false,true,10.000020000021332
unitbox_c_10_15_1_100.jl,8,false,-11.63646049982129,-11.670089662313863,false,true,10.000020000021332
unitbox_c_10_15_1_100.jl,8,false,-11.63646049982129,-10.5845438022947,true,true,5.66999999999785
unitbox_c_10_15_1_100.jl,8,false,-11.63646049982129,-11.588725655530771,false,true,10.000020000021332
unitbox_c_10_15_1_100.jl,8,false,-11.63646049982129,-12.823540983885923,false,true,7.529999999982501
unitbox_c_10_15_1_100.jl,8,false,-11.63646049982129,-11.824328112832896,false,true,10.000020000021332
unitbox_c_10_15_1_100.jl,8,false,-11.63646049982129,-10.998556741936023,false,true,10.000020000021332
unitbox_c_10_15_1_100.jl,16,false,-11.63646049982129,-10.404643408941059,false,false,6.8999999999877
unitbox_c_10_15_1_100.jl,16,false,-11.63646049982129,-11.602423846855737,false,true,10.000020000021332
unitbox_c_10_15_1_100.jl,16,false,-11.63646049982129,-10.404870110944001,false,true,7.229999999984977
unitbox_c_10_15_1_100.jl,16,false,-11.63646049982129,-10.403876670915585,true,true,6.749999999988938
unitbox_c_10_15_1_100.jl,16,false,-11.63646049982129,-11.623121940001218,false,true,10.000020000021332
unitbox_c_10_15_1_100.jl,16,false,-11.63646049982129,-10.03321878032911,false,true,9.390000000008305
unitbox_c_10_15_1_100.jl,16,false,-11.63646049982129,-10.913091804645244,true,true,6.419999999991661
unitbox_c_10_15_1_100.jl,16,false,-11.63646049982129,-10.40492737457093,false,true,6.8699999999879475
unitbox_c_10_15_1_100.jl,16,false,-11.63646049982129,-11.661321739263585,false,true,10.000020000021332
unitbox_c_10_15_1_100.jl,16,false,-11.63646049982129,-10.91429392213974,true,true,6.269999999992899
unitbox_c_10_15_1_100.jl,16,false,-11.63646049982129,-10.036231893161144,false,true,9.810000000017274
unitbox_c_10_15_1_100.jl,16,false,-11.63646049982129,-10.404627426267616,false,true,6.959999999987205
unitbox_c_10_15_1_100.jl,16,false,-11.63646049982129,-10.032809478026845,false,true,9.270000000005743
unitbox_c_10_15_1_100.jl,16,false,-11.63646049982129,-10.404249746019588,false,true,6.509999999990918
unitbox_c_10_15_1_100.jl,16,false,-11.63646049982129,-11.660274100497304,false,true,10.000020000021332
unitbox_c_10_15_1_100.jl,16,false,-11.63646049982129,-10.913403818221571,true,true,5.849999999996364
unitbox_c_10_15_1_100.jl,16,false,-11.63646049982129,-10.403424855299058,true,true,7.499999999982749
unitbox_c_10_15_1_100.jl,16,false,-11.63646049982129,-11.622961445144412,true,true,10.000020000021332
unitbox_c_10_15_1_100.jl,16,false,-11.63646049982129,-11.616994654710219,false,true,10.000020000021332
unitbox_c_10_15_1_100.jl,16,false,-11.63646049982129,-10.40554244992782,false,true,7.01999999998671
unitbox_c_10_15_1_100.jl,16,false,-11.63646049982129,-11.659985567023822,false,true,10.000020000021332
unitbox_c_10_15_1_100.jl,32,false,-11.63646049982129,-11.61103490480676,true,false,10.000020000021332
unitbox_c_10_15_1_100.jl,32,false,-11.63646049982129,-11.621078429011494,false,true,10.000020000021332
unitbox_c_10_15_1_100.jl,32,true,-11.63646049982129,-10.404051645442047,true,true,6.8999999999877
unitbox_c_10_15_1_100.jl,32,true,-11.63646049982129,-10.916701137869437,true,true,6.029999999994879
unitbox_c_10_15_1_100.jl,32,false,-11.63646049982129,-11.650097416217939,false,true,10.000020000021332
unitbox_c_10_15_1_100.jl,32,false,-11.63646049982129,-11.62625658589834,false,true,10.000020000021332
unitbox_c_10_15_1_100.jl,32,false,-11.63646049982129,-11.608974610921479,false,true,10.000020000021332
unitbox_c_10_15_1_100.jl,32,true,-11.63646049982129,-10.404043822065576,true,true,7.379999999983739
unitbox_c_10_15_1_100.jl,32,true,-11.63646049982129,-10.033215424191088,true,true,9.510000000010868
unitbox_c_10_15_1_100.jl,32,false,-11.63646049982129,-11.663718825701455,false,true,10.000020000021332
unitbox_c_10_15_1_100.jl,32,true,-11.63646049982129,-10.03325866867617,true,true,9.270000000005743
unitbox_c_10_15_1_100.jl,32,true,-11.63646049982129,-10.916704353310688,true,true,6.539999999990671
unitbox_c_10_15_1_100.jl,32,true,-11.63646049982129,-10.033219912133795,true,true,9.330000000007024
unitbox_c_10_15_1_100.jl,32,false,-11.63646049982129,-11.608659144659732,false,true,10.000020000021332
unitbox_c_10_15_1_100.jl,32,false,-11.63646049982129,-11.640991835161678,false,true,10.000020000021332
unitbox_c_10_15_1_100.jl,32,false,-11.63646049982129,-11.642530461978975,false,true,10.000020000021332
unitbox_c_10_15_1_100.jl,32,true,-11.63646049982129,-10.404086468995875,true,true,6.989999999986957
unitbox_c_10_15_1_100.jl,32,false,-11.63646049982129,-11.617307477030815,false,true,10.000020000021332
unitbox_c_10_15_1_100.jl,32,false,-11.63646049982129,-11.64314989819878,false,true,10.000020000021332
unitbox_c_10_15_1_100.jl,32,true,-11.63646049982129,-10.916701126332788,true,true,5.999999999995127
unitbox_c_10_15_1_100.jl,32,false,-11.63646049982129,-11.66536092128637,false,true,10.000020000021332
unitbox_c_10_15_1_50.jl,0,true,-5.390000158863376,-5.38,true,false,6.509999999990918
unitbox_c_10_15_1_50.jl,0,true,-5.390000158863376,-5.38,true,true,4.440000000007999
unitbox_c_10_15_1_50.jl,0,true,-5.390000158863376,-5.38,true,true,0.9899999999993867
unitbox_c_10_15_1_50.jl,0,true,-5.390000158863376,-5.390000000000001,true,true,3.51000000000842
unitbox_c_10_15_1_50.jl,0,true,-5.390000158863376,-1.9735367043022087,true,true,4.530000000007257
unitbox_c_10_15_1_50.jl,0,true,-5.390000158863376,-5.390000000000001,true,true,5.969999999995374
unitbox_c_10_15_1_50.jl,0,true,-5.390000158863376,-5.390000000000001,true,true,3.330000000007241
unitbox_c_10_15_1_50.jl,0,true,-5.390000158863376,-5.390000000000001,true,true,4.620000000006514
unitbox_c_10_15_1_50.jl,0,true,-5.390000158863376,-5.38,true,true,5.849999999996364
unitbox_c_10_15_1_50.jl,0,true,-5.390000158863376,-5.390000000000001,true,true,3.780000000010189
unitbox_c_10_15_1_50.jl,0,true,-5.390000158863376,-5.390000000000001,true,true,3.9300000000111717
unitbox_c_10_15_1_50.jl,0,true,-5.390000158863376,-5.38,true,true,1.0799999999993102
unitbox_c_10_15_1_50.jl,0,true,-5.390000158863376,-5.390000000000001,true,true,1.1399999999992592
unitbox_c_10_15_1_50.jl,0,true,-5.390000158863376,-1.9749677404835433,true,true,4.980000000003543
unitbox_c_10_15_1_50.jl,0,true,-5.390000158863376,-5.38,true,true,3.060000000005472
unitbox_c_10_15_1_50.jl,0,false,-5.390000158863376,-5.113631599403962,true,true,10.000020000021332
unitbox_c_10_15_1_50.jl,0,false,-5.390000158863376,-5.252632525790613,true,true,10.000020000021332
unitbox_c_10_15_1_50.jl,0,true,-5.390000158863376,-5.390000000000001,true,true,6.389999999991908
unitbox_c_10_15_1_50.jl,0,true,-5.390000158863376,-5.390000000000001,true,true,3.210000000006455
unitbox_c_10_15_1_50.jl,0,true,-5.390000158863376,-2.56,true,true,1.559999999998902
unitbox_c_10_15_1_50.jl,0,false,-5.390000158863376,-5.52746401229467,false,true,10.000020000021332
unitbox_c_10_15_1_50.jl,8,true,-5.390000158863376,-2.37,true,false,1.8899999999986214
unitbox_c_10_15_1_50.jl,8,true,-5.390000158863376,-5.38,true,true,1.2299999999991826
unitbox_c_10_15_1_50.jl,8,false,-5.390000158863376,-4.905030751206516,true,true,10.000020000021332
unitbox_c_10_15_1_50.jl,8,true,-5.390000158863376,-5.230655207966183,true,true,10.000020000021332
unitbox_c_10_15_1_50.jl,8,true,-5.390000158863376,-5.390000000000001,true,true,0.7499999999995908
unitbox_c_10_15_1_50.jl,8,true,-5.390000158863376,-5.390000000000001,true,true,1.0799999999993102
unitbox_c_10_15_1_50.jl,8,true,-5.390000158863376,-2.19,true,true,3.210000000006455
unitbox_c_10_15_1_50.jl,8,false,-5.390000158863376,-5.619283380356216,false,true,10.000020000021332
unitbox_c_10_15_1_50.jl,8,true,-5.390000158863376,-5.207546299372333,true,true,3.270000000006848
unitbox_c_10_15_1_50.jl,8,false,-5.390000158863376,-4.698388544831681,true,true,10.000020000021332
unitbox_c_10_15_1_50.jl,8,true,-5.390000158863376,-4.45,true,true,1.8299999999986725
unitbox_c_10_15_1_50.jl,8,true,-5.390000158863376,-5.345096474480138,true,true,1.319999999999106
unitbox_c_10_15_1_50.jl,8,true,-5.390000158863376,-5.390000000000001,true,true,0.9599999999994122
unitbox_c_10_15_1_50.jl,8,true,-5.390000158863376,-1.9899999999999998,true,true,3.51000000000842
unitbox_c_10_15_1_50.jl,8,true,-5.390000158863376,-2.56,true,true,2.03999999999879
unitbox_c_10_15_1_50.jl,8,false,-5.390000158863376,-5.215082385282283,true,true,10.000020000021332
unitbox_c_10_15_1_50.jl,8,false,-5.390000158863376,-5.20732629394909,true,true,10.000020000021332
unitbox_c_10_15_1_50.jl,8,true,-5.390000158863376,-5.38,true,true,0.8999999999994632
unitbox_c_10_15_1_50.jl,8,true,-5.390000158863376,-4.7820787210520175,true,true,3.060000000005472
unitbox_c_10_15_1_50.jl,8,true,-5.390000158863376,-5.390000000000001,true,true,1.7699999999987235
unitbox_c_10_15_1_50.jl,8,false,-5.390000158863376,-5.093725970411702,false,true,10.000020000021332
unitbox_c_10_15_1_50.jl,16,true,-5.390000158863376,-5.390000000000001,true,false,1.6499999999988255
unitbox_c_10_15_1_50.jl,16,true,-5.390000158863376,-5.390000000000001,true,true,4.140000000010475
unitbox_c_10_15_1_50.jl,16,true,-5.390000158863376,-5.38,true,true,4.590000000006762
unitbox_c_10_15_1_50.jl,16,true,-5.390000158863376,-2.37,true,true,2.7000000000031137
unitbox_c_10_15_1_50.jl,16,false,-5.390000158863376,-5.235655740293302,true,true,10.000020000021332
unitbox_c_10_15_1_50.jl,16,true,-5.390000158863376,-5.390000000000001,true,true,3.330000000007241
unitbox_c_10_15_1_50.jl,16,true,-5.390000158863376,-5.390000000000001,true,true,7.01999999998671
unitbox_c_10_15_1_50.jl,16,true,-5.390000158863376,-5.390000000000001,true,true,0.6899999999996418
unitbox_c_10_15_1_50.jl,16,true,-5.390000158863376,-5.390000000000001,true,true,5.7299999999973545
unitbox_c_10_15_1_50.jl,16,true,-5.390000158863376,-2.37,true,true,2.490000000001738
unitbox_c_10_15_1_50.jl,16,true,-5.390000158863376,-2.56,true,true,4.710000000005771
unitbox_c_10_15_1_50.jl,16,true,-5.390000158863376,-5.390000000000001,true,true,6.419999999991661
unitbox_c_10_15_1_50.jl,16,true,-5.390000158863376,-5.390000000000001,true,true,2.8200000000039
unitbox_c_10_15_1_50.jl,16,true,-5.390000158863376,-5.390000000000001,true,true,2.9700000000048825
unitbox_c_10_15_1_50.jl,16,true,-5.390000158863376,-5.390000000000001,true,true,5.759999999997107
unitbox_c_10_15_1_50.jl,16,false,-5.390000158863376,-5.17140309774366,true,true,10.000020000021332
unitbox_c_10_15_1_50.jl,16,true,-5.390000158863376,-5.38,true,true,5.879999999996117
unitbox_c_10_15_1_50.jl,16,true,-5.390000158863376,-5.38,true,true,4.230000000009732
unitbox_c_10_15_1_50.jl,16,true,-5.390000158863376,-2.56,true,true,1.499999999998953
unitbox_c_10_15_1_50.jl,16,true,-5.390000158863376,-5.390000000000001,true,true,5.31000000000082
unitbox_c_10_15_1_50.jl,16,true,-5.390000158863376,-5.38,true,true,4.08000000001097
unitbox_c_10_15_1_50.jl,32,true,-5.390000158863376,-5.38,true,false,4.230000000009732
unitbox_c_10_15_1_50.jl,32,false,-5.390000158863376,-5.09713100207712,true,true,10.000020000021332
unitbox_c_10_15_1_50.jl,32,true,-5.390000158863376,-5.390000000000001,true,true,1.739999999998749
unitbox_c_10_15_1_50.jl,32,true,-5.390000158863376,-5.38,true,true,2.099999999999183
unitbox_c_10_15_1_50.jl,32,true,-5.390000158863376,-2.5533606713514385,true,true,1.0499999999993357
unitbox_c_10_15_1_50.jl,32,true,-5.390000158863376,-5.390000000000001,true,true,6.299999999992651
unitbox_c_10_15_1_50.jl,32,false,-5.390000158863376,-5.435502610356259,false,true,10.000020000021332
unitbox_c_10_15_1_50.jl,32,true,-5.390000158863376,-5.38,true,true,1.859999999998647
unitbox_c_10_15_1_50.jl,32,false,-5.390000158863376,-5.254191833798177,true,true,10.000020000021332
unitbox_c_10_15_1_50.jl,32,true,-5.390000158863376,-5.390000000000001,true,true,6.359999999992156
unitbox_c_10_15_1_50.jl,32,true,-5.390000158863376,-5.38,true,true,4.6500000000062665
unitbox_c_10_15_1_50.jl,32,true,-5.390000158863376,-5.390000000000001,true,true,1.0199999999993612
unitbox_c_10_15_1_50.jl,32,true,-5.390000158863376,-5.38,true,true,0.8699999999994887
unitbox_c_10_15_1_50.jl,32,true,-5.390000158863376,-5.390000000000001,true,true,5.040000000003048
unitbox_c_10_15_1_50.jl,32,false,-5.390000158863376,-5.201905610549175,true,true,10.000020000021332
unitbox_c_10_15_1_50.jl,32,true,-5.390000158863376,-5.390000000000001,true,true,5.42999999999983
unitbox_c_10_15_1_50.jl,32,false,-5.390000158863376,-5.358273437038618,false,true,10.000020000021332
unitbox_c_10_15_1_50.jl,32,true,-5.390000158863376,-5.390000000000001,true,true,7.169999999985472
unitbox_c_10_15_1_50.jl,32,true,-5.390000158863376,-5.390000000000001,true,true,1.0799999999993102
unitbox_c_10_15_1_50.jl,32,false,-5.390000158863376,-5.524193223648718,false,true,10.000020000021332
unitbox_c_10_15_1_50.jl,32,true,-5.390000158863376,-2.37,true,true,5.54999999999884
unitbox_c_10_15_2_100.jl,0,true,-28.070000530332194,-28.069999999999997,true,false,2.490000000001738
unitbox_c_10_15_2_100.jl,0,true,-28.070000530332194,-28.069999999999997,true,true,2.7000000000031137
unitbox_c_10_15_2_100.jl,0,true,-28.070000530332194,-28.069999999999997,true,true,0.5099999999997948
unitbox_c_10_15_2_100.jl,0,true,-28.070000530332194,-28.069999999999997,true,true,2.370000000000952
unitbox_c_10_15_2_100.jl,0,true,-28.070000530332194,-28.069999999999997,true,true,2.7000000000031137
unitbox_c_10_15_2_100.jl,0,true,-28.070000530332194,-28.069999999999997,true,true,2.550000000002131
unitbox_c_10_15_2_100.jl,0,true,-28.070000530332194,-28.069999999999997,true,true,2.159999999999576
unitbox_c_10_15_2_100.jl,0,true,-28.070000530332194,-28.069999999999997,true,true,0.7499999999995908
unitbox_c_10_15_2_100.jl,0,true,-28.070000530332194,-28.069999999999997,true,true,1.7099999999987745
unitbox_c_10_15_2_100.jl,0,true,-28.070000530332194,-28.069999999999997,true,true,2.5200000000019345
unitbox_c_10_15_2_100.jl,0,true,-28.070000530332194,-28.069999999999997,true,true,1.9499999999985704
unitbox_c_10_15_2_100.jl,0,true,-28.070000530332194,-28.069999999999997,true,true,1.6499999999988255
unitbox_c_10_15_2_100.jl,0,true,-28.070000530332194,-28.069999999999997,true,true,1.499999999998953
unitbox_c_10_15_2_100.jl,0,true,-28.070000530332194,-28.069999999999997,true,true,2.03999999999879
unitbox_c_10_15_2_100.jl,0,true,-28.070000530332194,-28.069999999999997,true,true,2.280000000000362
unitbox_c_10_15_2_100.jl,0,true,-28.070000530332194,-28.069999999999997,true,true,2.4000000000011483
unitbox_c_10_15_2_100.jl,0,true,-28.070000530332194,-28.069999999999997,true,true,2.550000000002131
unitbox_c_10_15_2_100.jl,0,true,-28.070000530332194,-28.069999999999997,true,true,2.490000000001738
unitbox_c_10_15_2_100.jl,0,true,-28.070000530332194,-28.069999999999997,true,true,2.550000000002131
unitbox_c_10_15_2_100.jl,0,true,-28.070000530332194,-28.069999999999997,true,true,2.4000000000011483
unitbox_c_10_15_2_100.jl,0,true,-28.070000530332194,-28.069999999999997,true,true,0.3599999999999223
unitbox_c_10_15_2_100.jl,8,true,-28.070000530332194,-28.069999999999997,true,false,0.8699999999994887
unitbox_c_10_15_2_100.jl,8,true,-28.070000530332194,-27.52040523163347,true,true,1.3499999999990806
unitbox_c_10_15_2_100.jl,8,true,-28.070000530332194,-28.069999999999997,true,true,1.3499999999990806
unitbox_c_10_15_2_100.jl,8,true,-28.070000530332194,-26.21,true,true,1.2599999999991571
unitbox_c_10_15_2_100.jl,8,true,-28.070000530332194,-28.069999999999997,true,true,0.7199999999996163
unitbox_c_10_15_2_100.jl,8,true,-28.070000530332194,-28.069999999999997,true,true,1.1099999999992847
unitbox_c_10_15_2_100.jl,8,true,-28.070000530332194,-28.069999999999997,true,true,0.9899999999993867
unitbox_c_10_15_2_100.jl,8,true,-28.070000530332194,-28.069999999999997,true,true,1.5899999999988765
unitbox_c_10_15_2_100.jl,8,true,-28.070000530332194,-28.069999999999997,true,true,1.919999999998596
unitbox_c_10_15_2_100.jl,8,true,-28.070000530332194,-28.069999999999997,true,true,1.1999999999992081
unitbox_c_10_15_2_100.jl,8,true,-28.070000530332194,-26.21,true,true,0.5399999999997693
unitbox_c_10_15_2_100.jl,8,true,-28.070000530332194,-28.069999999999997,true,true,0.5699999999997438
unitbox_c_10_15_2_100.jl,8,true,-28.070000530332194,-28.069999999999997,true,true,0.6599999999996673
unitbox_c_10_15_2_100.jl,8,true,-28.070000530332194,-27.612990327067504,true,true,2.280000000000362
unitbox_c_10_15_2_100.jl,8,true,-28.070000530332194,-28.069999999999997,true,true,0.32999999999994784
unitbox_c_10_15_2_100.jl,8,true,-28.070000530332194,-28.069999999999997,true,true,2.670000000002917
unitbox_c_10_15_2_100.jl,8,true,-28.070000530332194,-28.069999999999997,true,true,0.6899999999996418
unitbox_c_10_15_2_100.jl,8,true,-28.070000530332194,-27.77322239560249,true,true,2.6400000000027206
unitbox_c_10_15_2_100.jl,8,true,-28.070000530332194,-28.069999999999997,true,true,1.1099999999992847
unitbox_c_10_15_2_100.jl,8,true,-28.070000530332194,-28.069999999999997,true,true,1.2599999999991571
unitbox_c_10_15_2_100.jl,8,true,-28.070000530332194,-27.479999999999993,true,true,0.7799999999995653
unitbox_c_10_15_2_100.jl,16,true,-28.070000530332194,-28.069999999999997,true,false,0.7199999999996163
unitbox_c_10_15_2_100.jl,16,true,-28.070000530332194,-28.069999999999997,true,true,0.7799999999995653
unitbox_c_10_15_2_100.jl,16,true,-28.070000530332194,-28.069999999999997,true,true,1.319999999999106
unitbox_c_10_15_2_100.jl,16,true,-28.070000530332194,-28.069999999999997,true,true,2.4600000000015414
unitbox_c_10_15_2_100.jl,16,true,-28.070000530332194,-28.069999999999997,true,true,2.3100000000005587
unitbox_c_10_15_2_100.jl,16,true,-28.070000530332194,-28.069999999999997,true,true,1.919999999998596
unitbox_c_10_15_2_100.jl,16,true,-28.070000530332194,-28.069999999999997,true,true,0.5099999999997948
unitbox_c_10_15_2_100.jl,16,true,-28.070000530332194,-28.069999999999997,true,true,2.5200000000019345
unitbox_c_10_15_2_100.jl,16,true,-28.070000530332194,-28.069999999999997,true,true,1.3499999999990806
unitbox_c_10_15_2_100.jl,16,true,-28.070000530332194,-28.069999999999997,true,true,1.319999999999106
unitbox_c_10_15_2_100.jl,16,true,-28.070000530332194,-28.069999999999997,true,true,2.03999999999879
unitbox_c_10_15_2_100.jl,16,true,-28.070000530332194,-28.069999999999997,true,true,2.1899999999997726
unitbox_c_10_15_2_100.jl,16,true,-28.070000530332194,-28.069999999999997,true,true,1.979999999998545
unitbox_c_10_15_2_100.jl,16,true,-28.070000530332194,-28.069999999999997,true,true,2.490000000001738
unitbox_c_10_15_2_100.jl,16,true,-28.070000530332194,-28.069999999999997,true,true,0.7799999999995653
unitbox_c_10_15_2_100.jl,16,true,-28.070000530332194,-28.069999999999997,true,true,0.5099999999997948
unitbox_c_10_15_2_100.jl,16,true,-28.070000530332194,-28.069999999999997,true,true,1.5299999999989276
unitbox_c_10_15_2_100.jl,16,true,-28.070000530332194,-28.069999999999997,true,true,1.2599999999991571
unitbox_c_10_15_2_100.jl,16,true,-28.070000530332194,-28.069999999999997,true,true,2.280000000000362
unitbox_c_10_15_2_100.jl,16,true,-28.070000530332194,-28.069999999999997,true,true,1.9499999999985704
unitbox_c_10_15_2_100.jl,16,true,-28.070000530332194,-28.069999999999997,true,true,1.7099999999987745
unitbox_c_10_15_2_100.jl,32,true,-28.070000530332194,-28.069999999999997,true,false,1.5299999999989276
unitbox_c_10_15_2_100.jl,32,true,-28.070000530332194,-28.069999999999997,true,true,1.6799999999988
unitbox_c_10_15_2_100.jl,32,true,-28.070000530332194,-28.069999999999997,true,true,1.739999999998749
unitbox_c_10_15_2_100.jl,32,true,-28.070000530332194,-28.069999999999997,true,true,0.8099999999995398
unitbox_c_10_15_2_100.jl,32,true,-28.070000530332194,-28.069999999999997,true,true,0.4199999999998713
unitbox_c_10_15_2_100.jl,32,true,-28.070000530332194,-28.069999999999997,true,true,2.2500000000001656
unitbox_c_10_15_2_100.jl,32,true,-28.070000530332194,-28.069999999999997,true,true,2.159999999999576
unitbox_c_10_15_2_100.jl,32,true,-28.070000530332194,-28.069999999999997,true,true,2.550000000002131
unitbox_c_10_15_2_100.jl,32,true,-28.070000530332194,-28.069999999999997,true,true,1.0199999999993612
unitbox_c_10_15_2_100.jl,32,true,-28.070000530332194,-28.069999999999997,true,true,2.610000000002524
unitbox_c_10_15_2_100.jl,32,true,-28.070000530332194,-28.069999999999997,true,true,0.5099999999997948
unitbox_c_10_15_2_100.jl,32,true,-28.070000530332194,-28.069999999999997,true,true,1.859999999998647
unitbox_c_10_15_2_100.jl,32,true,-28.070000530332194,-28.069999999999997,true,true,2.7000000000031137
unitbox_c_10_15_2_100.jl,32,true,-28.070000530332194,-28.069999999999997,true,true,0.5699999999997438
unitbox_c_10_15_2_100.jl,32,true,-28.070000530332194,-28.069999999999997,true,true,2.550000000002131
unitbox_c_10_15_2_100.jl,32,true,-28.070000530332194,-28.069999999999997,true,true,0.7499999999995908
unitbox_c_10_15_2_100.jl,32,true,-28.070000530332194,-28.069999999999997,true,true,2.6400000000027206
unitbox_c_10_15_2_100.jl,32,true,-28.070000530332194,-28.069999999999997,true,true,0.4799999999998203
unitbox_c_10_15_2_100.jl,32,true,-28.070000530332194,-28.069999999999997,true,true,0.6299999999996928
unitbox_c_10_15_2_100.jl,32,true,-28.070000530332194,-28.069999999999997,true,true,2.7300000000033102
unitbox_c_10_15_2_100.jl,32,true,-28.070000530332194,-28.069999999999997,true,true,0.6899999999996418
unitbox_c_10_15_2_50.jl,0,false,-11.60277253958132,-11.606767065234713,false,false,10.000020000021332
unitbox_c_10_15_2_50.jl,0,false,-11.60277253958132,-11.594025414905666,true,true,10.000020000021332
unitbox_c_10_15_2_50.jl,0,false,-11.60277253958132,-11.596874735406303,true,true,10.000020000021332
unitbox_c_10_15_2_50.jl,0,false,-11.60277253958132,-11.595617942996276,true,true,10.000020000021332
unitbox_c_10_15_2_50.jl,0,false,-11.60277253958132,-11.601088815482832,true,true,10.000020000021332
unitbox_c_10_15_2_50.jl,0,false,-11.60277253958132,-11.613610777582755,false,true,10.000020000021332
unitbox_c_10_15_2_50.jl,0,false,-11.60277253958132,-11.608180173447046,false,true,10.000020000021332
unitbox_c_10_15_2_50.jl,0,false,-11.60277253958132,-11.59219849678745,true,true,10.000020000021332
unitbox_c_10_15_2_50.jl,0,false,-11.60277253958132,-11.589672564772172,true,true,10.000020000021332
unitbox_c_10_15_2_50.jl,0,false,-11.60277253958132,-11.598367069002988,true,true,10.000020000021332
unitbox_c_10_15_2_50.jl,0,false,-11.60277253958132,-11.59081415391249,true,true,10.000020000021332
unitbox_c_10_15_2_50.jl,0,false,-11.60277253958132,-11.608478937097852,false,true,10.000020000021332
unitbox_c_10_15_2_50.jl,0,false,-11.60277253958132,-11.597832466553772,true,true,10.000020000021332
unitbox_c_10_15_2_50.jl,0,false,-11.60277253958132,-11.58974533063782,true,true,10.000020000021332
unitbox_c_10_15_2_50.jl,0,false,-11.60277253958132,-11.590350383675183,true,true,10.000020000021332
unitbox_c_10_15_2_50.jl,0,false,-11.60277253958132,-11.594841930651102,true,true,10.000020000021332
unitbox_c_10_15_2_50.jl,0,false,-11.60277253958132,-11.611693834936302,false,true,10.000020000021332
unitbox_c_10_15_2_50.jl,0,false,-11.60277253958132,-11.591421530715266,true,true,10.000020000021332
unitbox_c_10_15_2_50.jl,0,false,-11.60277253958132,-11.614137996655638,false,true,10.000020000021332
unitbox_c_10_15_2_50.jl,0,false,-11.60277253958132,-11.611336648668651,false,true,10.000020000021332
unitbox_c_10_15_2_50.jl,0,false,-11.60277253958132,-11.612090928878713,false,true,10.000020000021332
unitbox_c_10_15_2_50.jl,8,true,-11.60277253958132,-11.64,false,false,2.7000000000031137
unitbox_c_10_15_2_50.jl,8,false,-11.60277253958132,-11.507864920511109,true,true,10.000020000021332
unitbox_c_10_15_2_50.jl,8,true,-11.60277253958132,-11.64,false,true,1.0199999999993612
unitbox_c_10_15_2_50.jl,8,true,-11.60277253958132,-11.64,false,true,4.290000000009237
unitbox_c_10_15_2_50.jl,8,true,-11.60277253958132,-11.480000000000002,true,true,0.5699999999997438
unitbox_c_10_15_2_50.jl,8,false,-11.60277253958132,-11.309825621309884,true,true,10.000020000021332
unitbox_c_10_15_2_50.jl,8,true,-11.60277253958132,-11.480000000000002,true,true,1.7699999999987235
unitbox_c_10_15_2_50.jl,8,false,-11.60277253958132,-11.179930629636184,true,true,10.000020000021332
unitbox_c_10_15_2_50.jl,8,true,-11.60277253958132,-11.480000000000002,true,true,3.6900000000095994
unitbox_c_10_15_2_50.jl,8,true,-11.60277253958132,-11.64,false,true,0.8999999999994632
unitbox_c_10_15_2_50.jl,8,true,-11.60277253958132,-11.480000000000002,true,true,1.1099999999992847
unitbox_c_10_15_2_50.jl,8,true,-11.60277253958132,-11.64,false,true,1.7699999999987235
unitbox_c_10_15_2_50.jl,8,true,-11.60277253958132,-11.480000000000002,true,true,4.800000000005029
unitbox_c_10_15_2_50.jl,8,true,-11.60277253958132,-11.578546089024124,true,true,0.7199999999996163
unitbox_c_10_15_2_50.jl,8,true,-11.60277253958132,-11.64,false,true,5.42999999999983
unitbox_c_10_15_2_50.jl,8,false,-11.60277253958132,-11.501697313145804,true,true,10.000020000021332
unitbox_c_10_15_2_50.jl,8,false,-11.60277253958132,-11.14058183289314,true,true,10.000020000021332
unitbox_c_10_15_2_50.jl,8,false,-11.60277253958132,-11.485609160237003,true,true,10.000020000021332
unitbox_c_10_15_2_50.jl,8,false,-11.60277253958132,-11.480000000000002,true,true,10.000020000021332
unitbox_c_10_15_2_50.jl,8,false,-11.60277253958132,-11.569178339182963,false,true,10.000020000021332
unitbox_c_10_15_2_50.jl,8,false,-11.60277253958132,-11.638046454717193,false,true,10.000020000021332
unitbox_c_10_15_2_50.jl,16,false,-11.60277253958132,-11.599084099724864,true,false,10.000020000021332
unitbox_c_10_15_2_50.jl,16,false,-11.60277253958132,-11.58933676841876,true,true,10.000020000021332
unitbox_c_10_15_2_50.jl,16,false,-11.60277253958132,-11.594149724560141,true,true,10.000020000021332
unitbox_c_10_15_2_50.jl,16,false,-11.60277253958132,-11.589911803628326,true,true,10.000020000021332
unitbox_c_10_15_2_50.jl,16,false,-11.60277253958132,-11.615125098523785,false,true,10.000020000021332
unitbox_c_10_15_2_50.jl,16,false,-11.60277253958132,-11.58938976873444,true,true,10.000020000021332
unitbox_c_10_15_2_50.jl,16,true,-11.60277253958132,-11.605087485750875,false,true,10.000020000021332
unitbox_c_10_15_2_50.jl,16,false,-11.60277253958132,-11.608581852117391,false,true,10.000020000021332
unitbox_c_10_15_2_50.jl,16,false,-11.60277253958132,-11.607633888443209,false,true,10.000020000021332
unitbox_c_10_15_2_50.jl,16,false,-11.60277253958132,-11.588856862840743,true,true,10.000020000021332
unitbox_c_10_15_2_50.jl,16,false,-11.60277253958132,-11.60962176716874,false,true,10.000020000021332
unitbox_c_10_15_2_50.jl,16,false,-11.60277253958132,-11.61387183491373,false,true,10.000020000021332
unitbox_c_10_15_2_50.jl,16,false,-11.60277253958132,-11.59603535741311,true,true,10.000020000021332
unitbox_c_10_15_2_50.jl,16,false,-11.60277253958132,-11.58949402178561,true,true,10.000020000021332
unitbox_c_10_15_2_50.jl,16,false,-11.60277253958132,-11.59057935247611,true,true,10.000020000021332
unitbox_c_10_15_2_50.jl,16,false,-11.60277253958132,-11.59201980993141,true,true,10.000020000021332
unitbox_c_10_15_2_50.jl,16,false,-11.60277253958132,-11.613524164753379,false,true,10.000020000021332
unitbox_c_10_15_2_50.jl,16,false,-11.60277253958132,-11.590530366037218,true,true,10.000020000021332
unitbox_c_10_15_2_50.jl,16,false,-11.60277253958132,-11.614138281009316,false,true,10.000020000021332
unitbox_c_10_15_2_50.jl,16,false,-11.60277253958132,-11.614813438880438,false,true,10.000020000021332
unitbox_c_10_15_2_50.jl,16,false,-11.60277253958132,-11.594889313435678,true,true,10.000020000021332
unitbox_c_10_15_2_50.jl,32,false,-11.60277253958132,-11.597595326787902,true,false,10.000020000021332
unitbox_c_10_15_2_50.jl,32,false,-11.60277253958132,-11.603203447632492,false,true,10.000020000021332
unitbox_c_10_15_2_50.jl,32,false,-11.60277253958132,-11.592898831037537,true,true,10.000020000021332
unitbox_c_10_15_2_50.jl,32,false,-11.60277253958132,-11.591505518963084,true,true,10.000020000021332
unitbox_c_10_15_2_50.jl,32,false,-11.60277253958132,-11.589557155626881,true,true,10.000020000021332
unitbox_c_10_15_2_50.jl,32,true,-11.60277253958132,-11.601503818025629,true,true,10.000020000021332
unitbox_c_10_15_2_50.jl,32,false,-11.60277253958132,-11.592544167368551,true,true,10.000020000021332
unitbox_c_10_15_2_50.jl,32,false,-11.60277253958132,-11.61252033045132,false,true,10.000020000021332
unitbox_c_10_15_2_50.jl,32,false,-11.60277253958132,-11.60477281196355,false,true,10.000020000021332
unitbox_c_10_15_2_50.jl,32,false,-11.60277253958132,-11.589528335216203,true,true,10.000020000021332
unitbox_c_10_15_2_50.jl,32,false,-11.60277253958132,-11.5905725539545,true,true,10.000020000021332
unitbox_c_10_15_2_50.jl,32,false,-11.60277253958132,-11.610556185343276,false,true,10.000020000021332
unitbox_c_10_15_2_50.jl,32,true,-11.60277253958132,-11.601606402236145,true,true,10.000020000021332
unitbox_c_10_15_2_50.jl,32,false,-11.60277253958132,-11.595500174954577,true,true,10.000020000021332
unitbox_c_10_15_2_50.jl,32,false,-11.60277253958132,-11.589674204609965,true,true,10.000020000021332
unitbox_c_10_15_2_50.jl,32,false,-11.60277253958132,-11.615532048756435,false,true,10.000020000021332
unitbox_c_10_15_2_50.jl,32,false,-11.60277253958132,-11.614147227558835,false,true,10.000020000021332
unitbox_c_10_15_2_50.jl,32,false,-11.60277253958132,-11.612503739996168,false,true,10.000020000021332
unitbox_c_10_15_2_50.jl,32,false,-11.60277253958132,-11.602965708089195,false,true,10.000020000021332
unitbox_c_10_15_2_50.jl,32,false,-11.60277253958132,-11.589591936127952,true,true,10.000020000021332
unitbox_c_10_15_2_50.jl,32,false,-11.60277253958132,-11.615816211056996,false,true,10.000020000021332
unitbox_c_10_15_2_50.jl_new,0,false,-11.60277253958132,-11.589670491823652,true,false,10.000020000021332
unitbox_c_10_15_2_50.jl_new,0,false,-11.60277253958132,-11.60042717107795,true,true,10.000020000021332
unitbox_c_10_15_2_50.jl_new,0,false,-11.60277253958132,-11.60991469034399,false,true,10.000020000021332
unitbox_c_10_15_2_50.jl_new,0,false,-11.60277253958132,-11.61021596391322,false,true,10.000020000021332
unitbox_c_10_15_2_50.jl_new,0,false,-11.60277253958132,-11.591756919923373,true,true,10.000020000021332
unitbox_c_10_15_2_50.jl_new,0,false,-11.60277253958132,-11.591630263110282,true,true,10.000020000021332
unitbox_c_10_15_2_50.jl_new,0,false,-11.60277253958132,-11.60741718812949,false,true,10.000020000021332
unitbox_c_10_15_2_50.jl_new,0,false,-11.60277253958132,-11.595554127256953,true,true,10.000020000021332
unitbox_c_10_15_2_50.jl_new,0,false,-11.60277253958132,-11.597810821227233,true,true,10.000020000021332
unitbox_c_10_15_2_50.jl_new,0,false,-11.60277253958132,-11.60822418923453,false,true,10.000020000021332
unitbox_c_10_15_2_50.jl_new,0,false,-11.60277253958132,-11.602665551009402,true,true,10.000020000021332
unitbox_c_10_15_2_50.jl_new,0,false,-11.60277253958132,-11.602211540429977,true,true,10.000020000021332
unitbox_c_10_15_2_50.jl_new,0,false,-11.60277253958132,-11.5995243387285,true,true,10.000020000021332
unitbox_c_10_15_2_50.jl_new,0,false,-11.60277253958132,-11.594842328585965,true,true,10.000020000021332
unitbox_c_10_15_2_50.jl_new,0,false,-11.60277253958132,-11.590788789388025,true,true,10.000020000021332
unitbox_c_10_15_2_50.jl_new,0,false,-11.60277253958132,-11.597498759290255,true,true,10.000020000021332
unitbox_c_10_15_2_50.jl_new,0,false,-11.60277253958132,-11.590239969075029,true,true,10.000020000021332
unitbox_c_10_15_2_50.jl_new,0,false,-11.60277253958132,-11.590969476135017,true,true,10.000020000021332
unitbox_c_10_15_2_50.jl_new,0,false,-11.60277253958132,-11.615807911344714,false,true,10.000020000021332
unitbox_c_10_15_2_50.jl_new,0,false,-11.60277253958132,-11.598560060073426,true,true,10.000020000021332
unitbox_c_10_15_2_50.jl_new,0,false,-11.60277253958132,-11.594203464081646,true,true,10.000020000021332
unitbox_c_10_15_2_50.jl_new,8,true,-11.60277253958132,-11.64,false,false,1.5899999999988765
unitbox_c_10_15_2_50.jl_new,8,true,-11.60277253958132,-10.590000000000002,true,true,8.729999999994211
unitbox_c_10_15_2_50.jl_new,8,true,-11.60277253958132,-11.480000000000002,true,true,1.439999999999004
unitbox_c_10_15_2_50.jl_new,8,true,-11.60277253958132,-11.64,false,true,2.670000000002917
unitbox_c_10_15_2_50.jl_new,8,true,-11.60277253958132,-10.590000000000002,true,true,6.419999999991661
unitbox_c_10_15_2_50.jl_new,8,true,-11.60277253958132,-11.64,false,true,1.9499999999985704
unitbox_c_10_15_2_50.jl_new,8,false,-11.60277253958132,-11.601391124069382,true,true,10.000020000021332
unitbox_c_10_15_2_50.jl_new,8,true,-11.60277253958132,-11.64,false,true,8.729999999994211
unitbox_c_10_15_2_50.jl_new,8,true,-11.60277253958132,-11.64,false,true,2.099999999999183
unitbox_c_10_15_2_50.jl_new,8,true,-11.60277253958132,-11.480000000000002,true,true,1.319999999999106
unitbox_c_10_15_2_50.jl_new,8,false,-11.60277253958132,-11.445596661662147,true,true,10.000020000021332
unitbox_c_10_15_2_50.jl_new,8,true,-11.60277253958132,-11.161557741439644,true,true,10.000020000021332
unitbox_c_10_15_2_50.jl_new,8,false,-11.60277253958132,-11.009393048110413,true,true,10.000020000021332
unitbox_c_10_15_2_50.jl_new,8,true,-11.60277253958132,-11.64,false,true,2.7300000000033102
unitbox_c_10_15_2_50.jl_new,8,false,-11.60277253958132,-11.480000000000002,true,true,10.000020000021332
unitbox_c_10_15_2_50.jl_new,8,true,-11.60277253958132,-11.58065669568213,true,true,10.000020000021332
unitbox_c_10_15_2_50.jl_new,8,true,-11.60277253958132,-11.480000000000002,true,true,2.1299999999993795
unitbox_c_10_15_2_50.jl_new,8,false,-11.60277253958132,-11.57051948427312,true,true,10.000020000021332
unitbox_c_10_15_2_50.jl_new,8,true,-11.60277253958132,-11.64,false,true,2.219999999999969
unitbox_c_10_15_2_50.jl_new,8,true,-11.60277253958132,-11.64,false,true,5.250000000001315
unitbox_c_10_15_2_50.jl_new,8,true,-11.60277253958132,-11.64,false,true,2.4000000000011483
unitbox_c_10_15_2_50.jl_new,16,false,-11.60277253958132,-11.591145168776812,true,false,10.000020000021332
unitbox_c_10_15_2_50.jl_new,16,false,-11.60277253958132,-11.60595451291721,false,true,10.000020000021332
unitbox_c_10_15_2_50.jl_new,16,false,-11.60277253958132,-11.590670418518076,true,true,10.000020000021332
unitbox_c_10_15_2_50.jl_new,16,false,-11.60277253958132,-11.612638844191851,false,true,10.000020000021332
unitbox_c_10_15_2_50.jl_new,16,false,-11.60277253958132,-11.597974151923431,true,true,10.000020000021332
unitbox_c_10_15_2_50.jl_new,16,false,-11.60277253958132,-11.599152188223043,true,true,10.000020000021332
unitbox_c_10_15_2_50.jl_new,16,false,-11.60277253958132,-11.615282641897146,false,true,10.000020000021332
unitbox_c_10_15_2_50.jl_new,16,false,-11.60277253958132,-11.590281892921567,true,true,10.000020000021332
unitbox_c_10_15_2_50.jl_new,16,false,-11.60277253958132,-11.607553329575492,false,true,10.000020000021332
unitbox_c_10_15_2_50.jl_new,16,false,-11.60277253958132,-11.59142074867838,true,true,10.000020000021332
unitbox_c_10_15_2_50.jl_new,16,false,-11.60277253958132,-11.615079543210484,false,true,10.000020000021332
unitbox_c_10_15_2_50.jl_new,16,false,-11.60277253958132,-11.590650918464334,true,true,10.000020000021332
unitbox_c_10_15_2_50.jl_new,16,false,-11.60277253958132,-11.590867175674894,true,true,10.000020000021332
unitbox_c_10_15_2_50.jl_new,16,false,-11.60277253958132,-11.590749570966638,true,true,10.000020000021332
unitbox_c_10_15_2_50.jl_new,16,false,-11.60277253958132,-11.615695373032954,false,true,10.000020000021332
unitbox_c_10_15_2_50.jl_new,16,false,-11.60277253958132,-11.608768466589247,false,true,10.000020000021332
unitbox_c_10_15_2_50.jl_new,16,false,-11.60277253958132,-11.591642543725776,true,true,10.000020000021332
unitbox_c_10_15_2_50.jl_new,16,false,-11.60277253958132,-11.590911608988623,true,true,10.000020000021332
unitbox_c_10_15_2_50.jl_new,16,false,-11.60277253958132,-11.61292989860518,false,true,10.000020000021332
unitbox_c_10_15_2_50.jl_new,16,false,-11.60277253958132,-11.593584985452859,true,true,10.000020000021332
unitbox_c_10_15_2_50.jl_new,16,false,-11.60277253958132,-11.592423511818833,true,true,10.000020000021332
unitbox_c_10_15_2_50.jl_new,32,false,-11.60277253958132,-11.589552323149,true,false,10.000020000021332
unitbox_c_10_15_2_50.jl_new,32,false,-11.60277253958132,-11.615599995390173,false,true,10.000020000021332
unitbox_c_10_15_2_50.jl_new,32,false,-11.60277253958132,-11.613612936452714,false,true,10.000020000021332
unitbox_c_10_15_2_50.jl_new,32,false,-11.60277253958132,-11.598673189299115,true,true,10.000020000021332
unitbox_c_10_15_2_50.jl_new,32,false,-11.60277253958132,-11.608399491044935,false,true,10.000020000021332
unitbox_c_10_15_2_50.jl_new,32,false,-11.60277253958132,-11.589583077913302,true,true,10.000020000021332
unitbox_c_10_15_2_50.jl_new,32,false,-11.60277253958132,-11.606678401059247,false,true,10.000020000021332
unitbox_c_10_15_2_50.jl_new,32,false,-11.60277253958132,-11.59614617141842,true,true,10.000020000021332
unitbox_c_10_15_2_50.jl_new,32,false,-11.60277253958132,-11.61511569031178,false,true,10.000020000021332
unitbox_c_10_15_2_50.jl_new,32,false,-11.60277253958132,-11.591690869298304,true,true,10.000020000021332
unitbox_c_10_15_2_50.jl_new,32,false,-11.60277253958132,-11.597456298028524,true,true,10.000020000021332
unitbox_c_10_15_2_50.jl_new,32,false,-11.60277253958132,-11.60388888442798,false,true,10.000020000021332
unitbox_c_10_15_2_50.jl_new,32,false,-11.60277253958132,-11.596785301578317,true,true,10.000020000021332
unitbox_c_10_15_2_50.jl_new,32,false,-11.60277253958132,-11.591319189130878,true,true,10.000020000021332
unitbox_c_10_15_2_50.jl_new,32,true,-11.60277253958132,-11.59973974612395,true,true,10.000020000021332
unitbox_c_10_15_2_50.jl_new,32,true,-11.60277253958132,-11.60279438527769,false,true,10.000020000021332
unitbox_c_10_15_2_50.jl_new,32,false,-11.60277253958132,-11.60975260786964,false,true,10.000020000021332
unitbox_c_10_15_2_50.jl_new,32,false,-11.60277253958132,-11.589561771921467,true,true,10.000020000021332
unitbox_c_10_15_2_50.jl_new,32,false,-11.60277253958132,-11.590111829601588,true,true,10.000020000021332
unitbox_c_10_15_2_50.jl_new,32,false,-11.60277253958132,-11.589553311393283,true,true,10.000020000021332
unitbox_c_10_15_2_50.jl_new,32,false,-11.60277253958132,-11.604392004010258,false,true,10.000020000021332
unitbox_c_10_15_2_50_new.jl,0,false,-11.60277253958132,-11.59906259699072,true,false,10.000020000021332
unitbox_c_10_15_2_50_new.jl,0,false,-11.60277253958132,-11.604760300750247,false,true,10.000020000021332
unitbox_c_10_15_2_50_new.jl,0,false,-11.60277253958132,-11.591325035721917,true,true,10.000020000021332
unitbox_c_10_15_2_50_new.jl,0,false,-11.60277253958132,-11.609087752987412,false,true,10.000020000021332
unitbox_c_10_15_2_50_new.jl,0,false,-11.60277253958132,-11.602582638542367,true,true,10.000020000021332
unitbox_c_10_15_2_50_new.jl,0,true,-11.60277253958132,-11.602471233287591,true,true,10.000020000021332
unitbox_c_10_15_2_50_new.jl,0,false,-11.60277253958132,-11.609111722285682,false,true,10.000020000021332
unitbox_c_10_15_2_50_new.jl,0,false,-11.60277253958132,-11.589711684901406,true,true,10.000020000021332
unitbox_c_10_15_2_50_new.jl,0,false,-11.60277253958132,-11.591882925341672,true,true,10.000020000021332
unitbox_c_10_15_2_50_new.jl,0,false,-11.60277253958132,-11.614867259542292,false,true,10.000020000021332
unitbox_c_10_15_2_50_new.jl,0,false,-11.60277253958132,-11.611083136062293,false,true,10.000020000021332
unitbox_c_10_15_2_50_new.jl,0,false,-11.60277253958132,-11.61414017020099,false,true,10.000020000021332
unitbox_c_10_15_2_50_new.jl,0,false,-11.60277253958132,-11.611800370895654,false,true,10.000020000021332
unitbox_c_10_15_2_50_new.jl,0,false,-11.60277253958132,-11.614515536186007,false,true,10.000020000021332
unitbox_c_10_15_2_50_new.jl,0,false,-11.60277253958132,-11.60005802211022,true,true,10.000020000021332
unitbox_c_10_15_2_50_new.jl,0,false,-11.60277253958132,-11.613536638899197,false,true,10.000020000021332
unitbox_c_10_15_2_50_new.jl,0,false,-11.60277253958132,-11.5920441102735,true,true,10.000020000021332
unitbox_c_10_15_2_50_new.jl,0,false,-11.60277253958132,-11.60241568359858,true,true,10.000020000021332
unitbox_c_10_15_2_50_new.jl,0,false,-11.60277253958132,-11.592851750119415,true,true,10.000020000021332
unitbox_c_10_15_2_50_new.jl,0,false,-11.60277253958132,-11.607753005955889,false,true,10.000020000021332
unitbox_c_10_15_2_50_new.jl,0,false,-11.60277253958132,-11.595352379412272,true,true,10.000020000021332
unitbox_c_10_15_2_50_new.jl,8,true,-11.60277253958132,-11.64,false,false,2.9100000000044894
unitbox_c_10_15_2_50_new.jl,8,true,-11.60277253958132,-11.480000000000002,true,true,2.280000000000362
unitbox_c_10_15_2_50_new.jl,8,true,-11.60277253958132,-11.64,false,true,1.6499999999988255
unitbox_c_10_15_2_50_new.jl,8,true,-11.60277253958132,-11.480000000000002,true,true,1.7699999999987235
unitbox_c_10_15_2_50_new.jl,8,true,-11.60277253958132,-8.24,true,true,1.6799999999988
unitbox_c_10_15_2_50_new.jl,8,true,-11.60277253958132,-11.64,false,true,3.6000000000090098
unitbox_c_10_15_2_50_new.jl,8,true,-11.60277253958132,-8.24,true,true,2.3100000000005587
unitbox_c_10_15_2_50_new.jl,8,false,-11.60277253958132,-11.55161228120042,false,true,10.000020000021332
unitbox_c_10_15_2_50_new.jl,8,false,-11.60277253958132,-11.534232487576347,true,true,10.000020000021332
unitbox_c_10_15_2_50_new.jl,8,false,-11.60277253958132,-10.442429711225966,true,true,10.000020000021332
unitbox_c_10_15_2_50_new.jl,8,false,-11.60277253958132,-8.791950072590922,true,true,10.000020000021332
unitbox_c_10_15_2_50_new.jl,8,true,-11.60277253958132,-10.590000000000002,true,true,4.890000000004286
unitbox_c_10_15_2_50_new.jl,8,true,-11.60277253958132,-11.480000000000002,true,true,2.219999999999969
unitbox_c_10_15_2_50_new.jl,8,true,-11.60277253958132,-7.79,true,true,3.4800000000082236
unitbox_c_10_15_2_50_new.jl,8,false,-11.60277253958132,-11.638832802700463,false,true,10.000020000021332
unitbox_c_10_15_2_50_new.jl,8,true,-11.60277253958132,-11.480000000000002,true,true,0.6899999999996418
unitbox_c_10_15_2_50_new.jl,8,true,-11.60277253958132,-11.480000000000002,true,true,0.6299999999996928
unitbox_c_10_15_2_50_new.jl,8,true,-11.60277253958132,-11.480000000000002,true,true,0.8099999999995398
unitbox_c_10_15_2_50_new.jl,8,true,-11.60277253958132,-11.480000000000002,true,true,1.799999999998698
unitbox_c_10_15_2_50_new.jl,8,true,-11.60277253958132,-11.480000000000002,true,true,6.689999999989433
unitbox_c_10_15_2_50_new.jl,8,true,-11.60277253958132,-10.590000000000002,true,true,1.319999999999106
unitbox_c_10_15_2_50_new.jl,16,false,-11.60277253958132,-11.601129427829369,true,false,10.000020000021332
unitbox_c_10_15_2_50_new.jl,16,true,-11.60277253958132,-11.604900079193461,false,true,10.000020000021332
unitbox_c_10_15_2_50_new.jl,16,false,-11.60277253958132,-11.590345616333462,true,true,10.000020000021332
unitbox_c_10_15_2_50_new.jl,16,false,-11.60277253958132,-11.597998195351995,true,true,10.000020000021332
unitbox_c_10_15_2_50_new.jl,16,false,-11.60277253958132,-11.591623862293057,true,true,10.000020000021332
unitbox_c_10_15_2_50_new.jl,16,false,-11.60277253958132,-11.596435592088211,true,true,10.000020000021332
unitbox_c_10_15_2_50_new.jl,16,true,-11.60277253958132,-11.599994194259924,true,true,10.000020000021332
unitbox_c_10_15_2_50_new.jl,16,true,-11.60277253958132,-11.60535032234624,false,true,10.000020000021332
unitbox_c_10_15_2_50_new.jl,16,false,-11.60277253958132,-11.590574759375622,true,true,10.000020000021332
unitbox_c_10_15_2_50_new.jl,16,false,-11.60277253958132,-11.615522378538563,false,true,10.000020000021332
unitbox_c_10_15_2_50_new.jl,16,false,-11.60277253958132,-11.59923180640598,true,true,10.000020000021332
unitbox_c_10_15_2_50_new.jl,16,false,-11.60277253958132,-11.58994870425949,true,true,10.000020000021332
unitbox_c_10_15_2_50_new.jl,16,false,-11.60277253958132,-11.592251036634,true,true,10.000020000021332
unitbox_c_10_15_2_50_new.jl,16,false,-11.60277253958132,-11.593586631342884,true,true,10.000020000021332
unitbox_c_10_15_2_50_new.jl,16,false,-11.60277253958132,-11.589844379531247,true,true,10.000020000021332
unitbox_c_10_15_2_50_new.jl,16,false,-11.60277253958132,-11.59109255052579,true,true,10.000020000021332
unitbox_c_10_15_2_50_new.jl,16,false,-11.60277253958132,-11.590292414955378,true,true,10.000020000021332
unitbox_c_10_15_2_50_new.jl,16,false,-11.60277253958132,-11.611911421134295,false,true,10.000020000021332
unitbox_c_10_15_2_50_new.jl,16,false,-11.60277253958132,-11.607763333068927,false,true,10.000020000021332
unitbox_c_10_15_2_50_new.jl,16,false,-11.60277253958132,-11.600185563828532,true,true,10.000020000021332
unitbox_c_10_15_2_50_new.jl,16,false,-11.60277253958132,-11.600541485747085,true,true,10.000020000021332
unitbox_c_10_15_2_50_new.jl,32,false,-11.60277253958132,-11.615099691716162,false,false,10.000020000021332
unitbox_c_10_15_2_50_new.jl,32,false,-11.60277253958132,-11.590645190524638,true,true,10.000020000021332
unitbox_c_10_15_2_50_new.jl,32,false,-11.60277253958132,-11.59295714273184,true,true,10.000020000021332
unitbox_c_10_15_2_50_new.jl,32,false,-11.60277253958132,-11.589683213161786,true,true,10.000020000021332
unitbox_c_10_15_2_50_new.jl,32,true,-11.60277253958132,-11.60130206648191,true,true,10.000020000021332
unitbox_c_10_15_2_50_new.jl,32,false,-11.60277253958132,-11.599666054165514,true,true,10.000020000021332
unitbox_c_10_15_2_50_new.jl,32,false,-11.60277253958132,-11.5903468211855,true,true,10.000020000021332
unitbox_c_10_15_2_50_new.jl,32,false,-11.60277253958132,-11.61539437529563,false,true,10.000020000021332
unitbox_c_10_15_2_50_new.jl,32,false,-11.60277253958132,-11.60670629593966,false,true,10.000020000021332
unitbox_c_10_15_2_50_new.jl,32,false,-11.60277253958132,-11.599257380653382,true,true,10.000020000021332
unitbox_c_10_15_2_50_new.jl,32,false,-11.60277253958132,-11.596482858927285,true,true,10.000020000021332
unitbox_c_10_15_2_50_new.jl,32,false,-11.60277253958132,-11.606968791309502,false,true,10.000020000021332
unitbox_c_10_15_2_50_new.jl,32,false,-11.60277253958132,-11.60089406761632,true,true,10.000020000021332
unitbox_c_10_15_2_50_new.jl,32,false,-11.60277253958132,-11.609879351268406,false,true,10.000020000021332
unitbox_c_10_15_2_50_new.jl,32,false,-11.60277253958132,-11.612564492007879,false,true,10.000020000021332
unitbox_c_10_15_2_50_new.jl,32,false,-11.60277253958132,-11.590922202615634,true,true,10.000020000021332
unitbox_c_10_15_2_50_new.jl,32,false,-11.60277253958132,-11.614322054480928,false,true,10.000020000021332
unitbox_c_10_15_2_50_new.jl,32,false,-11.60277253958132,-11.589852276183398,true,true,10.000020000021332
unitbox_c_10_15_2_50_new.jl,32,true,-11.60277253958132,-11.600431803242111,true,true,10.000020000021332
unitbox_c_10_15_2_50_new.jl,32,false,-11.60277253958132,-11.603095574121575,false,true,10.000020000021332
unitbox_c_10_15_2_50_new.jl,32,false,-11.60277253958132,-11.59836113321976,true,true,10.000020000021332
unitbox_c_10_15_3_100.jl,0,true,-7.980000305565994,-7.979999999999999,true,false,2.0099999999985934
unitbox_c_10_15_3_100.jl,0,true,-7.980000305565994,-7.979999999999999,true,true,1.319999999999106
unitbox_c_10_15_3_100.jl,0,true,-7.980000305565994,-7.109999999999998,true,true,2.940000000004686
unitbox_c_10_15_3_100.jl,0,true,-7.980000305565994,-7.979999999999999,true,true,2.1899999999997726
unitbox_c_10_15_3_100.jl,0,true,-7.980000305565994,-7.979999999999999,true,true,3.6000000000090098
unitbox_c_10_15_3_100.jl,0,true,-7.980000305565994,-7.979999999999999,true,true,3.060000000005472
unitbox_c_10_15_3_100.jl,0,true,-7.980000305565994,-1.1736147487620079,true,true,2.5200000000019345
unitbox_c_10_15_3_100.jl,0,true,-7.980000305565994,-7.979999999999999,true,true,1.499999999998953
unitbox_c_10_15_3_100.jl,0,true,-7.980000305565994,-7.109999999999998,true,true,1.1099999999992847
unitbox_c_10_15_3_100.jl,0,true,-7.980000305565994,-1.1735777251188788,true,true,2.219999999999969
unitbox_c_10_15_3_100.jl,0,true,-7.980000305565994,-7.979999999999999,true,true,2.3100000000005587
unitbox_c_10_15_3_100.jl,0,true,-7.980000305565994,-7.979999999999999,true,true,1.859999999998647
unitbox_c_10_15_3_100.jl,0,true,-7.980000305565994,-7.979999999999999,true,true,1.919999999998596
unitbox_c_10_15_3_100.jl,0,true,-7.980000305565994,-7.979999999999999,true,true,5.999999999995127
unitbox_c_10_15_3_100.jl,0,true,-7.980000305565994,-7.979999999999999,true,true,2.6400000000027206
unitbox_c_10_15_3_100.jl,0,true,-7.980000305565994,-7.109999999999998,true,true,1.8299999999986725
unitbox_c_10_15_3_100.jl,0,true,-7.980000305565994,-1.1735579965855065,true,true,7.1399999999857195
unitbox_c_10_15_3_100.jl,0,true,-7.980000305565994,-7.979999999999999,true,true,2.880000000004293
unitbox_c_10_15_3_100.jl,0,true,-7.980000305565994,-7.109999999999998,true,true,2.3100000000005587
unitbox_c_10_15_3_100.jl,0,true,-7.980000305565994,-7.109999999999998,true,true,2.5800000000023275
unitbox_c_10_15_3_100.jl,0,true,-7.980000305565994,-1.1735624691780997,true,true,1.559999999998902
unitbox_c_10_15_3_100.jl,8,true,-7.980000305565994,-7.979999999999999,true,false,1.379999999999055
unitbox_c_10_15_3_100.jl,8,true,-7.980000305565994,-7.109999999999998,true,true,2.9100000000044894
unitbox_c_10_15_3_100.jl,8,true,-7.980000305565994,0.24958070162191204,true,true,2.03999999999879
unitbox_c_10_15_3_100.jl,8,true,-7.980000305565994,-7.979999999999999,true,true,1.5299999999989276
unitbox_c_10_15_3_100.jl,8,true,-7.980000305565994,-7.639999999999997,true,true,1.0799999999993102
unitbox_c_10_15_3_100.jl,8,true,-7.980000305565994,-6.789999999999999,true,true,0.4199999999998713
unitbox_c_10_15_3_100.jl,8,true,-7.980000305565994,-7.6338321604477395,true,true,1.4099999999990296
unitbox_c_10_15_3_100.jl,8,true,-7.980000305565994,-7.979999999999999,true,true,1.439999999999004
unitbox_c_10_15_3_100.jl,8,true,-7.980000305565994,-7.657113359854244,true,true,2.8200000000039
unitbox_c_10_15_3_100.jl,8,true,-7.980000305565994,-6.789999999999999,true,true,0.6899999999996418
unitbox_c_10_15_3_100.jl,8,true,-7.980000305565994,-7.639999999999997,true,true,0.4799999999998203
unitbox_c_10_15_3_100.jl,8,true,-7.980000305565994,-1.2547841946031768,true,true,4.0500000000112175
unitbox_c_10_15_3_100.jl,8,true,-7.980000305565994,-7.639999999999997,true,true,0.7499999999995908
unitbox_c_10_15_3_100.jl,8,true,-7.980000305565994,-1.260010888090508,true,true,4.140000000010475
unitbox_c_10_15_3_100.jl,8,true,-7.980000305565994,-0.45861931266965467,true,true,1.0199999999993612
unitbox_c_10_15_3_100.jl,8,true,-7.980000305565994,-6.31,true,true,1.0499999999993357
unitbox_c_10_15_3_100.jl,8,true,-7.980000305565994,-7.979999999999999,true,true,1.1399999999992592
unitbox_c_10_15_3_100.jl,8,true,-7.980000305565994,-6.806949049609637,true,true,0.7799999999995653
unitbox_c_10_15_3_100.jl,8,true,-7.980000305565994,-7.979999999999999,true,true,1.1099999999992847
unitbox_c_10_15_3_100.jl,8,true,-7.980000305565994,-7.855948215521163,true,true,7.109999999985967
unitbox_c_10_15_3_100.jl,8,true,-7.980000305565994,-6.31,true,true,0.9299999999994377
unitbox_c_10_15_3_100.jl,16,true,-7.980000305565994,-7.979999999999999,true,false,1.379999999999055
unitbox_c_10_15_3_100.jl,16,true,-7.980000305565994,-7.979999999999999,true,true,1.0499999999993357
unitbox_c_10_15_3_100.jl,16,true,-7.980000305565994,-7.979999999999999,true,true,2.5200000000019345
unitbox_c_10_15_3_100.jl,16,true,-7.980000305565994,-7.979999999999999,true,true,1.979999999998545
unitbox_c_10_15_3_100.jl,16,true,-7.980000305565994,-7.979999999999999,true,true,0.5699999999997438
unitbox_c_10_15_3_100.jl,16,true,-7.980000305565994,-7.979999999999999,true,true,2.4600000000015414
unitbox_c_10_15_3_100.jl,16,true,-7.980000305565994,-7.979999999999999,true,true,2.0699999999989864
unitbox_c_10_15_3_100.jl,16,true,-7.980000305565994,-7.979999999999999,true,true,6.0599999999946315
unitbox_c_10_15_3_100.jl,16,true,-7.980000305565994,-7.979999999999999,true,true,3.210000000006455
unitbox_c_10_15_3_100.jl,16,true,-7.980000305565994,-7.979999999999999,true,true,1.1999999999992081
unitbox_c_10_15_3_100.jl,16,true,-7.980000305565994,-7.109999999999998,true,true,3.2400000000066513
unitbox_c_10_15_3_100.jl,16,true,-7.980000305565994,-1.1742515582549504,true,true,1.379999999999055
unitbox_c_10_15_3_100.jl,16,true,-7.980000305565994,-7.979999999999999,true,true,2.8500000000040964
unitbox_c_10_15_3_100.jl,16,true,-7.980000305565994,-7.979999999999999,true,true,1.7099999999987745
unitbox_c_10_15_3_100.jl,16,true,-7.980000305565994,-7.979999999999999,true,true,0.29999999999997334
unitbox_c_10_15_3_100.jl,16,true,-7.980000305565994,-7.979999999999999,true,true,3.120000000005865
unitbox_c_10_15_3_100.jl,16,true,-7.980000305565994,-7.979999999999999,true,true,1.0799999999993102
unitbox_c_10_15_3_100.jl,16,true,-7.980000305565994,-7.979999999999999,true,true,2.880000000004293
unitbox_c_10_15_3_100.jl,16,true,-7.980000305565994,-7.979999999999999,true,true,1.739999999998749
unitbox_c_10_15_3_100.jl,16,true,-7.980000305565994,-7.979999999999999,true,true,1.319999999999106
unitbox_c_10_15_3_100.jl,16,true,-7.980000305565994,-7.979999999999999,true,true,4.860000000004534
unitbox_c_10_15_3_100.jl,32,true,-7.980000305565994,-1.1735958002590279,true,false,4.440000000007999
unitbox_c_10_15_3_100.jl,32,true,-7.980000305565994,-7.979999999999999,true,true,0.6599999999996673
unitbox_c_10_15_3_100.jl,32,true,-7.980000305565994,-7.979999999999999,true,true,2.7600000000035068
unitbox_c_10_15_3_100.jl,32,true,-7.980000305565994,-7.979999999999999,true,true,2.5800000000023275
unitbox_c_10_15_3_100.jl,32,true,-7.980000305565994,-7.979999999999999,true,true,2.5200000000019345
unitbox_c_10_15_3_100.jl,32,true,-7.980000305565994,-7.979999999999999,true,true,3.390000000007634
unitbox_c_10_15_3_100.jl,32,true,-7.980000305565994,-7.109999999999998,true,true,2.1899999999997726
unitbox_c_10_15_3_100.jl,32,true,-7.980000305565994,-7.109999999999998,true,true,3.270000000006848
unitbox_c_10_15_3_100.jl,32,true,-7.980000305565994,-7.979999999999999,true,true,4.3200000000089895
unitbox_c_10_15_3_100.jl,32,true,-7.980000305565994,-7.109999999999998,true,true,2.430000000001345
unitbox_c_10_15_3_100.jl,32,true,-7.980000305565994,-7.979999999999999,true,true,3.210000000006455
unitbox_c_10_15_3_100.jl,32,true,-7.980000305565994,-7.979999999999999,true,true,4.110000000010722
unitbox_c_10_15_3_100.jl,32,true,-7.980000305565994,-7.109999999999998,true,true,2.370000000000952
unitbox_c_10_15_3_100.jl,32,true,-7.980000305565994,-7.979999999999999,true,true,2.7300000000033102
unitbox_c_10_15_3_100.jl,32,true,-7.980000305565994,-7.979999999999999,true,true,2.4000000000011483
unitbox_c_10_15_3_100.jl,32,true,-7.980000305565994,-7.979999999999999,true,true,1.2599999999991571
unitbox_c_10_15_3_100.jl,32,true,-7.980000305565994,-7.109999999999998,true,true,2.03999999999879
unitbox_c_10_15_3_100.jl,32,true,-7.980000305565994,-7.979999999999999,true,true,4.0500000000112175
unitbox_c_10_15_3_100.jl,32,true,-7.980000305565994,-7.979999999999999,true,true,1.799999999998698
unitbox_c_10_15_3_100.jl,32,true,-7.980000305565994,-7.979999999999999,true,true,2.940000000004686
unitbox_c_10_15_3_100.jl,32,true,-7.980000305565994,-7.979999999999999,true,true,2.880000000004293
unitbox_c_10_15_3_50.jl,0,true,-7.830000170106608,-7.83,true,false,5.340000000000573
unitbox_c_10_15_3_50.jl,0,true,-7.830000170106608,-7.83,true,true,1.1699999999992337
unitbox_c_10_15_3_50.jl,0,true,-7.830000170106608,-7.0,true,true,1.1999999999992081
unitbox_c_10_15_3_50.jl,0,true,-7.830000170106608,-7.83,true,true,2.550000000002131
unitbox_c_10_15_3_50.jl,0,true,-7.830000170106608,-7.83,true,true,1.919999999998596
unitbox_c_10_15_3_50.jl,0,true,-7.830000170106608,-7.83,true,true,1.799999999998698
unitbox_c_10_15_3_50.jl,0,true,-7.830000170106608,-7.83,true,true,2.7900000000037033
unitbox_c_10_15_3_50.jl,0,true,-7.830000170106608,-7.83,true,true,2.3100000000005587
unitbox_c_10_15_3_50.jl,0,true,-7.830000170106608,-7.83,true,true,1.2599999999991571
unitbox_c_10_15_3_50.jl,0,true,-7.830000170106608,-7.83,true,true,5.160000000002058
unitbox_c_10_15_3_50.jl,0,true,-7.830000170106608,-7.83,true,true,1.2599999999991571
unitbox_c_10_15_3_50.jl,0,true,-7.830000170106608,-7.83,true,true,1.1999999999992081
unitbox_c_10_15_3_50.jl,0,true,-7.830000170106608,-7.83,true,true,0.9299999999994377
unitbox_c_10_15_3_50.jl,0,true,-7.830000170106608,-7.83,true,true,1.1399999999992592
unitbox_c_10_15_3_50.jl,0,true,-7.830000170106608,-7.83,true,true,3.6000000000090098
unitbox_c_10_15_3_50.jl,0,true,-7.830000170106608,-7.83,true,true,4.230000000009732
unitbox_c_10_15_3_50.jl,0,true,-7.830000170106608,-7.83,true,true,5.489999999999335
unitbox_c_10_15_3_50.jl,0,true,-7.830000170106608,-7.0,true,true,0.8999999999994632
unitbox_c_10_15_3_50.jl,0,true,-7.830000170106608,-7.83,true,true,2.2500000000001656
unitbox_c_10_15_3_50.jl,0,true,-7.830000170106608,-7.0,true,true,0.8399999999995142
unitbox_c_10_15_3_50.jl,0,true,-7.830000170106608,-7.83,true,true,5.819999999996612
unitbox_c_10_15_3_50.jl,8,true,-7.830000170106608,-5.119999999999999,true,false,1.979999999998545
unitbox_c_10_15_3_50.jl,8,true,-7.830000170106608,-6.58,true,true,3.6300000000092063
unitbox_c_10_15_3_50.jl,8,true,-7.830000170106608,-7.83,true,true,1.559999999998902
unitbox_c_10_15_3_50.jl,8,true,-7.830000170106608,-7.83,true,true,1.1399999999992592
unitbox_c_10_15_3_50.jl,8,true,-7.830000170106608,-5.119999999999999,true,true,2.1899999999997726
unitbox_c_10_15_3_50.jl,8,true,-7.830000170106608,-7.0,true,true,2.550000000002131
unitbox_c_10_15_3_50.jl,8,true,-7.830000170106608,-6.181055332203082,true,true,5.7299999999973545
unitbox_c_10_15_3_50.jl,8,true,-7.830000170106608,-7.83,true,true,1.1699999999992337
unitbox_c_10_15_3_50.jl,8,true,-7.830000170106608,-7.83,true,true,1.0799999999993102
unitbox_c_10_15_3_50.jl,8,true,-7.830000170106608,-5.55,true,true,1.9499999999985704
unitbox_c_10_15_3_50.jl,8,true,-7.830000170106608,-7.83,true,true,2.430000000001345
unitbox_c_10_15_3_50.jl,8,true,-7.830000170106608,-6.121844998073708,true,true,4.140000000010475
unitbox_c_10_15_3_50.jl,8,true,-7.830000170106608,-4.887744929450092,true,true,1.4099999999990296
unitbox_c_10_15_3_50.jl,8,true,-7.830000170106608,-7.0,true,true,0.3899999999998968
unitbox_c_10_15_3_50.jl,8,true,-7.830000170106608,-7.0,true,true,0.8699999999994887
unitbox_c_10_15_3_50.jl,8,true,-7.830000170106608,-5.119999999999999,true,true,1.2299999999991826
unitbox_c_10_15_3_50.jl,8,true,-7.830000170106608,-6.58,true,true,4.830000000004781
unitbox_c_10_15_3_50.jl,8,true,-7.830000170106608,-6.09,true,true,1.1999999999992081
unitbox_c_10_15_3_50.jl,8,true,-7.830000170106608,-5.119999999999999,true,true,1.7699999999987235
unitbox_c_10_15_3_50.jl,8,true,-7.830000170106608,-6.12,true,true,1.979999999998545
unitbox_c_10_15_3_50.jl,8,true,-7.830000170106608,-7.83,true,true,2.099999999999183
unitbox_c_10_15_3_50.jl,16,true,-7.830000170106608,-7.83,true,false,5.280000000001068
unitbox_c_10_15_3_50.jl,16,true,-7.830000170106608,-7.0,true,true,0.4499999999998458
unitbox_c_10_15_3_50.jl,16,true,-7.830000170106608,-7.83,true,true,0.7799999999995653
unitbox_c_10_15_3_50.jl,16,true,-7.830000170106608,-7.83,true,true,3.8700000000107786
unitbox_c_10_15_3_50.jl,16,true,-7.830000170106608,-7.83,true,true,5.699999999997602
unitbox_c_10_15_3_50.jl,16,true,-7.830000170106608,-7.83,true,true,1.8899999999986214
unitbox_c_10_15_3_50.jl,16,true,-7.830000170106608,-7.83,true,true,0.9299999999994377
unitbox_c_10_15_3_50.jl,16,true,-7.830000170106608,-5.12,true,true,1.559999999998902
unitbox_c_10_15_3_50.jl,16,true,-7.830000170106608,-7.83,true,true,2.940000000004686
unitbox_c_10_15_3_50.jl,16,true,-7.830000170106608,-7.83,true,true,2.7000000000031137
unitbox_c_10_15_3_50.jl,16,true,-7.830000170106608,-7.83,true,true,1.2599999999991571
unitbox_c_10_15_3_50.jl,16,true,-7.830000170106608,-7.83,true,true,1.1999999999992081
unitbox_c_10_15_3_50.jl,16,true,-7.830000170106608,-7.83,true,true,2.670000000002917
unitbox_c_10_15_3_50.jl,16,true,-7.830000170106608,-5.119999999999999,true,true,1.8299999999986725
unitbox_c_10_15_3_50.jl,16,true,-7.830000170106608,-7.83,true,true,2.159999999999576
unitbox_c_10_15_3_50.jl,16,true,-7.830000170106608,-7.83,true,true,1.919999999998596
unitbox_c_10_15_3_50.jl,16,true,-7.830000170106608,-7.83,true,true,6.029999999994879
unitbox_c_10_15_3_50.jl,16,true,-7.830000170106608,-7.83,true,true,2.219999999999969
unitbox_c_10_15_3_50.jl,16,true,-7.830000170106608,-7.0,true,true,0.5999999999997183
unitbox_c_10_15_3_50.jl,16,true,-7.830000170106608,-7.83,true,true,1.859999999998647
unitbox_c_10_15_3_50.jl,16,true,-7.830000170106608,-7.83,true,true,5.579999999998592
unitbox_c_10_15_3_50.jl,32,true,-7.830000170106608,-7.83,true,false,5.370000000000325
unitbox_c_10_15_3_50.jl,32,true,-7.830000170106608,-7.83,true,true,5.010000000003296
unitbox_c_10_15_3_50.jl,32,true,-7.830000170106608,-7.83,true,true,0.8399999999995142
unitbox_c_10_15_3_50.jl,32,true,-7.830000170106608,-7.83,true,true,5.400000000000078
unitbox_c_10_15_3_50.jl,32,true,-7.830000170106608,-5.12,true,true,1.1999999999992081
unitbox_c_10_15_3_50.jl,32,true,-7.830000170106608,-7.0,true,true,0.5699999999997438
unitbox_c_10_15_3_50.jl,32,true,-7.830000170106608,-7.83,true,true,6.029999999994879
unitbox_c_10_15_3_50.jl,32,true,-7.830000170106608,-7.0,true,true,0.8699999999994887
unitbox_c_10_15_3_50.jl,32,true,-7.830000170106608,-7.83,true,true,1.4099999999990296
unitbox_c_10_15_3_50.jl,32,true,-7.830000170106608,-7.0,true,true,0.7799999999995653
unitbox_c_10_15_3_50.jl,32,true,-7.830000170106608,-7.0,true,true,0.7499999999995908
unitbox_c_10_15_3_50.jl,32,true,-7.830000170106608,-7.83,true,true,3.4200000000078306
unitbox_c_10_15_3_50.jl,32,true,-7.830000170106608,-7.83,true,true,1.3499999999990806
unitbox_c_10_15_3_50.jl,32,true,-7.830000170106608,-7.0,true,true,0.4799999999998203
unitbox_c_10_15_3_50.jl,32,true,-7.830000170106608,-7.0,true,true,0.6599999999996673
unitbox_c_10_15_3_50.jl,32,true,-7.830000170106608,-7.0,true,true,0.7199999999996163
unitbox_c_10_15_3_50.jl,32,true,-7.830000170106608,-7.83,true,true,0.8099999999995398
unitbox_c_10_15_3_50.jl,32,true,-7.830000170106608,-7.83,true,true,3.1500000000060617
unitbox_c_10_15_3_50.jl,32,true,-7.830000170106608,-7.83,true,true,3.3600000000074375
unitbox_c_10_15_3_50.jl,32,true,-7.830000170106608,-7.0,true,true,1.4099999999990296
unitbox_c_10_15_3_50.jl,32,true,-7.830000170106608,-7.83,true,true,6.479999999991166
unitbox_c_10_20_1_100.jl,0,true,-8.19000024730909,-8.19,true,false,1.619999999998851
unitbox_c_10_20_1_100.jl,0,true,-8.19000024730909,-8.19,true,true,1.2299999999991826
unitbox_c_10_20_1_100.jl,0,true,-8.19000024730909,-8.19,true,true,0.8699999999994887
unitbox_c_10_20_1_100.jl,0,true,-8.19000024730909,-8.19,true,true,1.2899999999991316
unitbox_c_10_20_1_100.jl,0,true,-8.19000024730909,-8.19,true,true,0.9299999999994377
unitbox_c_10_20_1_100.jl,0,false,-8.19000024730909,-6.5993836674866735,false,true,10.000020000021332
unitbox_c_10_20_1_100.jl,0,true,-8.19000024730909,-7.47,true,true,1.1999999999992081
unitbox_c_10_20_1_100.jl,0,true,-8.19000024730909,-8.19,true,true,2.610000000002524
unitbox_c_10_20_1_100.jl,0,true,-8.19000024730909,-7.47,true,true,1.5299999999989276
unitbox_c_10_20_1_100.jl,0,true,-8.19000024730909,-8.19,true,true,1.6499999999988255
unitbox_c_10_20_1_100.jl,0,true,-8.19000024730909,-7.47,true,true,1.2299999999991826
unitbox_c_10_20_1_100.jl,0,true,-8.19000024730909,-8.19,true,true,2.099999999999183
unitbox_c_10_20_1_100.jl,0,false,-8.19000024730909,-6.609549740365593,false,true,10.000020000021332
unitbox_c_10_20_1_100.jl,0,true,-8.19000024730909,-8.19,true,true,1.4699999999989786
unitbox_c_10_20_1_100.jl,0,true,-8.19000024730909,-7.249974403936359,true,true,0.3899999999998968
unitbox_c_10_20_1_100.jl,0,true,-8.19000024730909,-7.249326422790046,true,true,1.1699999999992337
unitbox_c_10_20_1_100.jl,0,true,-8.19000024730909,-8.19,true,true,0.6299999999996928
unitbox_c_10_20_1_100.jl,0,false,-8.19000024730909,-8.147992187087063,false,true,10.000020000021332
unitbox_c_10_20_1_100.jl,0,true,-8.19000024730909,-8.19,true,true,1.8899999999986214
unitbox_c_10_20_1_100.jl,0,false,-8.19000024730909,-8.142280205346196,false,true,10.000020000021332
unitbox_c_10_20_1_100.jl,0,true,-8.19000024730909,-8.19,true,true,1.4699999999989786
unitbox_c_10_20_1_100.jl,8,true,-8.19000024730909,-6.95,true,false,0.6299999999996928
unitbox_c_10_20_1_100.jl,8,true,-8.19000024730909,-6.499200579328872,true,true,2.5800000000023275
unitbox_c_10_20_1_100.jl,8,true,-8.19000024730909,-8.19,true,true,1.0499999999993357
unitbox_c_10_20_1_100.jl,8,false,-8.19000024730909,-7.023332021159196,true,true,10.000020000021332
unitbox_c_10_20_1_100.jl,8,true,-8.19000024730909,-6.817495659120614,true,true,2.0099999999985934
unitbox_c_10_20_1_100.jl,8,true,-8.19000024730909,-8.19,true,true,2.490000000001738
unitbox_c_10_20_1_100.jl,8,true,-8.19000024730909,-8.19,true,true,1.559999999998902
unitbox_c_10_20_1_100.jl,8,false,-8.19000024730909,-7.588544931194298,true,true,10.000020000021332
unitbox_c_10_20_1_100.jl,8,true,-8.19000024730909,-7.669999999999998,false,true,1.5899999999988765
unitbox_c_10_20_1_100.jl,8,false,-8.19000024730909,-8.017861900392363,true,true,10.000020000021332
unitbox_c_10_20_1_100.jl,8,false,-8.19000024730909,-7.7149280099188005,true,true,10.000020000021332
unitbox_c_10_20_1_100.jl,8,false,-8.19000024730909,-6.550946725165844,false,true,6.569999999990423
unitbox_c_10_20_1_100.jl,8,true,-8.19000024730909,-6.661110231925937,true,true,3.000000000005079
unitbox_c_10_20_1_100.jl,8,false,-8.19000024730909,-6.415473699597201,true,true,8.849999999996774
unitbox_c_10_20_1_100.jl,8,true,-8.19000024730909,-6.948955257562431,true,true,1.439999999999004
unitbox_c_10_20_1_100.jl,8,true,-8.19000024730909,-8.1,true,true,2.0699999999989864
unitbox_c_10_20_1_100.jl,8,true,-8.19000024730909,-8.126136786138725,true,true,3.6900000000095994
unitbox_c_10_20_1_100.jl,8,true,-8.19000024730909,-7.47,true,true,1.1699999999992337
unitbox_c_10_20_1_100.jl,8,false,-8.19000024730909,-7.017331385420638,true,true,10.000020000021332
unitbox_c_10_20_1_100.jl,8,false,-8.19000024730909,-7.459496723989553,true,true,10.000020000021332
unitbox_c_10_20_1_100.jl,8,true,-8.19000024730909,-7.5600000000000005,true,true,0.8699999999994887
unitbox_c_10_20_1_100.jl,16,true,-8.19000024730909,-6.95,true,false,1.979999999998545
unitbox_c_10_20_1_100.jl,16,false,-8.19000024730909,-8.146327056762782,false,true,10.000020000021332
unitbox_c_10_20_1_100.jl,16,true,-8.19000024730909,-8.19,true,true,2.370000000000952
unitbox_c_10_20_1_100.jl,16,true,-8.19000024730909,-8.19,true,true,1.799999999998698
unitbox_c_10_20_1_100.jl,16,true,-8.19000024730909,-6.95,true,true,1.1999999999992081
unitbox_c_10_20_1_100.jl,16,true,-8.19000024730909,-8.19,true,true,1.799999999998698
unitbox_c_10_20_1_100.jl,16,true,-8.19000024730909,-8.19,true,true,0.8399999999995142
unitbox_c_10_20_1_100.jl,16,true,-8.19000024730909,-7.249334168673759,true,true,1.739999999998749
unitbox_c_10_20_1_100.jl,16,true,-8.19000024730909,-6.95,true,true,1.1399999999992592
unitbox_c_10_20_1_100.jl,16,false,-8.19000024730909,-8.089648876761343,true,true,10.000020000021332
unitbox_c_10_20_1_100.jl,16,true,-8.19000024730909,-8.19,true,true,1.3499999999990806
unitbox_c_10_20_1_100.jl,16,false,-8.19000024730909,-8.087426105364262,true,true,10.000020000021332
unitbox_c_10_20_1_100.jl,16,false,-8.19000024730909,-8.064877185977746,true,true,10.000020000021332
unitbox_c_10_20_1_100.jl,16,true,-8.19000024730909,-8.19,true,true,1.739999999998749
unitbox_c_10_20_1_100.jl,16,false,-8.19000024730909,-6.610517424386341,false,true,10.000020000021332
unitbox_c_10_20_1_100.jl,16,true,-8.19000024730909,-7.249337616075699,true,true,2.3100000000005587
unitbox_c_10_20_1_100.jl,16,true,-8.19000024730909,-7.47,true,true,0.8399999999995142
unitbox_c_10_20_1_100.jl,16,true,-8.19000024730909,-8.19,true,true,1.5899999999988765
unitbox_c_10_20_1_100.jl,16,true,-8.19000024730909,-8.19,true,true,1.739999999998749
unitbox_c_10_20_1_100.jl,16,false,-8.19000024730909,-8.145663069361047,false,true,10.000020000021332
unitbox_c_10_20_1_100.jl,16,true,-8.19000024730909,-8.19,true,true,1.8299999999986725
unitbox_c_10_20_1_100.jl,32,false,-8.19000024730909,-8.14759049192563,false,false,10.000020000021332
unitbox_c_10_20_1_100.jl,32,true,-8.19000024730909,-8.19,true,true,2.159999999999576
unitbox_c_10_20_1_100.jl,32,true,-8.19000024730909,-7.47,true,true,1.859999999998647
unitbox_c_10_20_1_100.jl,32,true,-8.19000024730909,-8.19,true,true,1.559999999998902
unitbox_c_10_20_1_100.jl,32,false,-8.19000024730909,-6.61811630450702,false,true,10.000020000021332
unitbox_c_10_20_1_100.jl,32,true,-8.19000024730909,-7.47,true,true,1.0499999999993357
unitbox_c_10_20_1_100.jl,32,false,-8.19000024730909,-8.108741607085348,true,true,10.000020000021332
unitbox_c_10_20_1_100.jl,32,false,-8.19000024730909,-8.121852744708137,false,true,10.000020000021332
unitbox_c_10_20_1_100.jl,32,true,-8.19000024730909,-8.19,true,true,2.490000000001738
unitbox_c_10_20_1_100.jl,32,true,-8.19000024730909,-7.249357663013423,true,true,0.9599999999994122
unitbox_c_10_20_1_100.jl,32,true,-8.19000024730909,-8.19,true,true,4.530000000007257
unitbox_c_10_20_1_100.jl,32,true,-8.19000024730909,-6.95,true,true,1.9499999999985704
unitbox_c_10_20_1_100.jl,32,false,-8.19000024730909,-8.147916180885394,false,true,10.000020000021332
unitbox_c_10_20_1_100.jl,32,false,-8.19000024730909,-8.147932286494008,false,true,10.000020000021332
unitbox_c_10_20_1_100.jl,32,true,-8.19000024730909,-7.47,true,true,0.5399999999997693
unitbox_c_10_20_1_100.jl,32,false,-8.19000024730909,-8.121248811994674,false,true,10.000020000021332
unitbox_c_10_20_1_100.jl,32,true,-8.19000024730909,-8.19,true,true,1.7699999999987235
unitbox_c_10_20_1_100.jl,32,true,-8.19000024730909,-6.95,true,true,1.0799999999993102
unitbox_c_10_20_1_100.jl,32,true,-8.19000024730909,-7.15106069817573,true,true,0.7199999999996163
unitbox_c_10_20_1_100.jl,32,true,-8.19000024730909,-6.95,true,true,0.6299999999996928
unitbox_c_10_20_1_100.jl,32,false,-8.19000024730909,-8.081945615743846,true,true,10.000020000021332
unitbox_c_10_20_1_50.jl,0,false,-5.04000019035865,-3.838835210581629,true,false,10.000020000021332
unitbox_c_10_20_1_50.jl,0,true,-5.04000019035865,-5.4,true,true,0.9599999999994122
unitbox_c_10_20_1_50.jl,0,false,-5.04000019035865,-3.8688104223000606,true,true,10.000020000021332
unitbox_c_10_20_1_50.jl,0,true,-5.04000019035865,-5.04,true,true,5.939999999995622
unitbox_c_10_20_1_50.jl,0,false,-5.04000019035865,-4.0445537939608505,false,true,10.000020000021332
unitbox_c_10_20_1_50.jl,0,true,-5.04000019035865,-5.009950906995778,true,true,10.000020000021332
unitbox_c_10_20_1_50.jl,0,true,-5.04000019035865,-5.4,true,true,0.4199999999998713
unitbox_c_10_20_1_50.jl,0,true,-5.04000019035865,-5.04,true,true,9.810000000017274
unitbox_c_10_20_1_50.jl,0,true,-5.04000019035865,-5.04,true,true,5.130000000002306
unitbox_c_10_20_1_50.jl,0,true,-5.04000019035865,-5.4,true,true,1.9499999999985704
unitbox_c_10_20_1_50.jl,0,true,-5.04000019035865,-5.04,true,true,1.0799999999993102
unitbox_c_10_20_1_50.jl,0,true,-5.04000019035865,-5.04,true,true,4.230000000009732
unitbox_c_10_20_1_50.jl,0,true,-5.04000019035865,-5.04,true,true,1.4099999999990296
unitbox_c_10_20_1_50.jl,0,true,-5.04000019035865,-5.4,true,true,0.7799999999995653
unitbox_c_10_20_1_50.jl,0,true,-5.04000019035865,-5.4,true,true,1.4699999999989786
unitbox_c_10_20_1_50.jl,0,true,-5.04000019035865,-5.4,true,true,1.7099999999987745
unitbox_c_10_20_1_50.jl,0,true,-5.04000019035865,-5.04,true,true,0.9299999999994377
unitbox_c_10_20_1_50.jl,0,true,-5.04000019035865,-3.2640199729696957,true,true,1.6499999999988255
unitbox_c_10_20_1_50.jl,0,true,-5.04000019035865,-5.04,true,true,0.6299999999996928
unitbox_c_10_20_1_50.jl,0,true,-5.04000019035865,-5.04,true,true,5.819999999996612
unitbox_c_10_20_1_50.jl,0,true,-5.04000019035865,-5.012464144382178,true,true,10.000020000021332
unitbox_c_10_20_1_50.jl,8,false,-5.04000019035865,-4.050361100100326,false,false,10.000020000021332
unitbox_c_10_20_1_50.jl,8,true,-5.04000019035865,-5.4,true,true,1.2299999999991826
unitbox_c_10_20_1_50.jl,8,true,-5.04000019035865,-4.14,true,true,1.3499999999990806
unitbox_c_10_20_1_50.jl,8,true,-5.04000019035865,-3.1700000000000004,true,true,2.8500000000040964
unitbox_c_10_20_1_50.jl,8,true,-5.04000019035865,-5.4,true,true,1.4699999999989786
unitbox_c_10_20_1_50.jl,8,true,-5.04000019035865,-4.888576134542785,true,true,10.000020000021332
unitbox_c_10_20_1_50.jl,8,true,-5.04000019035865,-5.4,true,true,1.2299999999991826
unitbox_c_10_20_1_50.jl,8,true,-5.04000019035865,-5.4,true,true,1.3499999999990806
unitbox_c_10_20_1_50.jl,8,true,-5.04000019035865,-4.229516948862207,true,true,5.010000000003296
unitbox_c_10_20_1_50.jl,8,true,-5.04000019035865,-5.4,true,true,8.129999999981399
unitbox_c_10_20_1_50.jl,8,true,-5.04000019035865,-5.4,true,true,2.219999999999969
unitbox_c_10_20_1_50.jl,8,true,-5.04000019035865,-3.84,true,true,1.499999999998953
unitbox_c_10_20_1_50.jl,8,true,-5.04000019035865,-4.220000000000001,true,true,1.2599999999991571
unitbox_c_10_20_1_50.jl,8,true,-5.04000019035865,-4.430000000000001,true,true,1.3499999999990806
unitbox_c_10_20_1_50.jl,8,true,-5.04000019035865,-5.4,true,true,1.1099999999992847
unitbox_c_10_20_1_50.jl,8,true,-5.04000019035865,-4.59,true,true,2.03999999999879
unitbox_c_10_20_1_50.jl,8,true,-5.04000019035865,-5.4,true,true,1.9499999999985704
unitbox_c_10_20_1_50.jl,8,false,-5.04000019035865,-2.9541357466319713,true,true,10.000020000021332
unitbox_c_10_20_1_50.jl,8,false,-5.04000019035865,-3.095466034077694,false,true,10.000020000021332
unitbox_c_10_20_1_50.jl,8,true,-5.04000019035865,-3.84,true,true,1.3499999999990806
unitbox_c_10_20_1_50.jl,8,true,-5.04000019035865,-5.4,true,true,6.5999999999901755
unitbox_c_10_20_1_50.jl,16,false,-5.04000019035865,-4.063591436926636,false,false,10.000020000021332
unitbox_c_10_20_1_50.jl,16,true,-5.04000019035865,-5.04,true,true,3.4800000000082236
unitbox_c_10_20_1_50.jl,16,true,-5.04000019035865,-5.4,true,true,1.5299999999989276
unitbox_c_10_20_1_50.jl,16,true,-5.04000019035865,-5.04,true,true,5.130000000002306
unitbox_c_10_20_1_50.jl,16,true,-5.04000019035865,-5.023427943474294,true,true,10.000020000021332
unitbox_c_10_20_1_50.jl,16,true,-5.04000019035865,-5.04,true,true,3.660000000009403
unitbox_c_10_20_1_50.jl,16,true,-5.04000019035865,-5.04,true,true,1.6499999999988255
unitbox_c_10_20_1_50.jl,16,false,-5.04000019035865,-3.9896138118720073,false,true,10.000020000021332
unitbox_c_10_20_1_50.jl,16,true,-5.04000019035865,-5.4,true,true,2.3100000000005587
unitbox_c_10_20_1_50.jl,16,true,-5.04000019035865,-5.04,true,true,4.170000000010227
unitbox_c_10_20_1_50.jl,16,true,-5.04000019035865,-5.4,true,true,1.7099999999987745
unitbox_c_10_20_1_50.jl,16,false,-5.04000019035865,-4.004216005529536,false,true,10.000020000021332
unitbox_c_10_20_1_50.jl,16,true,-5.04000019035865,-4.976487056148592,true,true,10.000020000021332
unitbox_c_10_20_1_50.jl,16,false,-5.04000019035865,-3.843059885680389,true,true,10.000020000021332
unitbox_c_10_20_1_50.jl,16,false,-5.04000019035865,-4.007676049979699,false,true,10.000020000021332
unitbox_c_10_20_1_50.jl,16,true,-5.04000019035865,-5.4,true,true,1.9499999999985704
unitbox_c_10_20_1_50.jl,16,true,-5.04000019035865,-5.04,true,true,5.42999999999983
unitbox_c_10_20_1_50.jl,16,true,-5.04000019035865,-5.04,true,true,2.2500000000001656
unitbox_c_10_20_1_50.jl,16,true,-5.04000019035865,-5.04,true,true,5.340000000000573
unitbox_c_10_20_1_50.jl,16,true,-5.04000019035865,-5.4,true,true,1.6499999999988255
unitbox_c_10_20_1_50.jl,16,false,-5.04000019035865,-4.051970307944076,false,true,10.000020000021332
unitbox_c_10_20_1_50.jl,32,true,-5.04000019035865,-5.4,true,false,1.5299999999989276
unitbox_c_10_20_1_50.jl,32,true,-5.04000019035865,-5.04,true,true,9.390000000008305
unitbox_c_10_20_1_50.jl,32,true,-5.04000019035865,-5.4,true,true,0.4499999999998458
unitbox_c_10_20_1_50.jl,32,false,-5.04000019035865,-3.9690220340193254,false,true,10.000020000021332
unitbox_c_10_20_1_50.jl,32,true,-5.04000019035865,-5.04,true,true,9.570000000012149
unitbox_c_10_20_1_50.jl,32,false,-5.04000019035865,-4.024727342918136,false,true,10.000020000021332
unitbox_c_10_20_1_50.jl,32,true,-5.04000019035865,-5.4,true,true,1.2899999999991316
unitbox_c_10_20_1_50.jl,32,true,-5.04000019035865,-5.04,true,true,4.410000000008247
unitbox_c_10_20_1_50.jl,32,true,-5.04000019035865,-5.04,true,true,4.950000000003791
unitbox_c_10_20_1_50.jl,32,false,-5.04000019035865,-4.035976305194915,false,true,10.000020000021332
unitbox_c_10_20_1_50.jl,32,true,-5.04000019035865,-5.4,true,true,0.9899999999993867
unitbox_c_10_20_1_50.jl,32,true,-5.04000019035865,-5.4,true,true,3.060000000005472
unitbox_c_10_20_1_50.jl,32,true,-5.04000019035865,-5.4,true,true,2.9700000000048825
unitbox_c_10_20_1_50.jl,32,false,-5.04000019035865,-3.898192555180761,true,true,10.000020000021332
unitbox_c_10_20_1_50.jl,32,true,-5.04000019035865,-5.4,true,true,0.7799999999995653
unitbox_c_10_20_1_50.jl,32,false,-5.04000019035865,-3.842157662342916,true,true,10.000020000021332
unitbox_c_10_20_1_50.jl,32,true,-5.04000019035865,-5.4,true,true,1.499999999998953
unitbox_c_10_20_1_50.jl,32,true,-5.04000019035865,-5.4,true,true,2.0699999999989864
unitbox_c_10_20_1_50.jl,32,false,-5.04000019035865,-4.00035983750485,false,true,10.000020000021332
unitbox_c_10_20_1_50.jl,32,true,-5.04000019035865,-5.04,true,true,4.710000000005771
unitbox_c_10_20_1_50.jl,32,true,-5.04000019035865,-5.4,true,true,0.5999999999997183
unitbox_c_10_20_2_100.jl,0,true,-15.944192991720142,-15.943120785112697,true,false,2.430000000001345
unitbox_c_10_20_2_100.jl,0,true,-15.944192991720142,-15.943082469608926,true,true,2.099999999999183
unitbox_c_10_20_2_100.jl,0,true,-15.944192991720142,-15.941420151614217,true,true,3.8700000000107786
unitbox_c_10_20_2_100.jl,0,true,-15.944192991720142,-15.941633703895134,true,true,2.430000000001345
unitbox_c_10_20_2_100.jl,0,true,-15.944192991720142,-15.943137051460878,true,true,1.559999999998902
unitbox_c_10_20_2_100.jl,0,true,-15.944192991720142,-15.942851846354374,true,true,1.979999999998545
unitbox_c_10_20_2_100.jl,0,true,-15.944192991720142,-15.942221338221723,true,true,2.1899999999997726
unitbox_c_10_20_2_100.jl,0,true,-15.944192991720142,-15.94139307424302,true,true,3.720000000009796
unitbox_c_10_20_2_100.jl,0,true,-15.944192991720142,-15.943689043444856,true,true,1.7099999999987745
unitbox_c_10_20_2_100.jl,0,true,-15.944192991720142,-15.943501223640467,true,true,1.4099999999990296
unitbox_c_10_20_2_100.jl,0,true,-15.944192991720142,-15.941457805333016,true,true,2.4000000000011483
unitbox_c_10_20_2_100.jl,0,true,-15.944192991720142,-15.943570143731057,true,true,1.1699999999992337
unitbox_c_10_20_2_100.jl,0,true,-15.944192991720142,-15.943141167511413,true,true,1.979999999998545
unitbox_c_10_20_2_100.jl,0,true,-15.944192991720142,-15.941362744803111,true,true,2.099999999999183
unitbox_c_10_20_2_100.jl,0,true,-15.944192991720142,-15.941589018907639,true,true,2.7600000000035068
unitbox_c_10_20_2_100.jl,0,true,-15.944192991720142,-15.943141609237397,true,true,2.4000000000011483
unitbox_c_10_20_2_100.jl,0,true,-15.944192991720142,-15.943118458941681,true,true,1.439999999999004
unitbox_c_10_20_2_100.jl,0,true,-15.944192991720142,-15.94309722416015,true,true,2.0099999999985934
unitbox_c_10_20_2_100.jl,0,true,-15.944192991720142,-15.943103258479738,true,true,2.099999999999183
unitbox_c_10_20_2_100.jl,0,true,-15.944192991720142,-15.943130073736558,true,true,1.6499999999988255
unitbox_c_10_20_2_100.jl,0,true,-15.944192991720142,-15.941722500144483,true,true,2.9100000000044894
unitbox_c_10_20_2_100.jl,8,true,-15.944192991720142,-15.87885559117942,true,false,2.280000000000362
unitbox_c_10_20_2_100.jl,8,true,-15.944192991720142,-15.90470775244588,true,true,1.739999999998749
unitbox_c_10_20_2_100.jl,8,true,-15.944192991720142,-15.741551452284423,true,true,3.210000000006455
unitbox_c_10_20_2_100.jl,8,true,-15.944192991720142,-14.772289508541641,true,true,3.8100000000103855
unitbox_c_10_20_2_100.jl,8,true,-15.944192991720142,-14.669999999999998,true,true,0.7199999999996163
unitbox_c_10_20_2_100.jl,8,true,-15.944192991720142,-15.100848720935705,true,true,1.979999999998545
unitbox_c_10_20_2_100.jl,8,true,-15.944192991720142,-13.529999999999994,true,true,2.4600000000015414
unitbox_c_10_20_2_100.jl,8,true,-15.944192991720142,-14.600214742302413,true,true,1.1999999999992081
unitbox_c_10_20_2_100.jl,8,true,-15.944192991720142,-14.622804525365176,true,true,2.7000000000031137
unitbox_c_10_20_2_100.jl,8,true,-15.944192991720142,-13.689999999999998,true,true,0.6899999999996418
unitbox_c_10_20_2_100.jl,8,true,-15.944192991720142,-15.489999999999997,true,true,2.7000000000031137
unitbox_c_10_20_2_100.jl,8,true,-15.944192991720142,-14.801816888826608,true,true,3.6000000000090098
unitbox_c_10_20_2_100.jl,8,true,-15.944192991720142,-15.489999999999997,true,true,0.7199999999996163
unitbox_c_10_20_2_100.jl,8,true,-15.944192991720142,-14.80567669316526,true,true,1.979999999998545
unitbox_c_10_20_2_100.jl,8,true,-15.944192991720142,-15.943981970727418,true,true,2.7300000000033102
unitbox_c_10_20_2_100.jl,8,true,-15.944192991720142,-15.708845732015646,true,true,1.619999999998851
unitbox_c_10_20_2_100.jl,8,true,-15.944192991720142,-15.934178509494535,true,true,1.979999999998545
unitbox_c_10_20_2_100.jl,8,true,-15.944192991720142,-15.500903180807986,true,true,1.379999999999055
unitbox_c_10_20_2_100.jl,8,true,-15.944192991720142,-15.89160786456438,true,true,3.1500000000060617
unitbox_c_10_20_2_100.jl,8,true,-15.944192991720142,-15.489999999999997,true,true,0.8999999999994632
unitbox_c_10_20_2_100.jl,8,true,-15.944192991720142,-15.489999999999997,true,true,1.799999999998698
unitbox_c_10_20_2_100.jl,16,true,-15.944192991720142,-15.941598695509546,true,false,2.7600000000035068
unitbox_c_10_20_2_100.jl,16,true,-15.944192991720142,-15.942842576957187,true,true,2.1299999999993795
unitbox_c_10_20_2_100.jl,16,true,-15.944192991720142,-15.943141259502955,true,true,2.430000000001345
unitbox_c_10_20_2_100.jl,16,true,-15.944192991720142,-15.941968100466866,true,true,2.490000000001738
unitbox_c_10_20_2_100.jl,16,true,-15.944192991720142,-15.943080936780117,true,true,2.430000000001345
unitbox_c_10_20_2_100.jl,16,true,-15.944192991720142,-15.941952646381566,true,true,2.940000000004686
unitbox_c_10_20_2_100.jl,16,true,-15.944192991720142,-15.94110690930983,true,true,3.3600000000074375
unitbox_c_10_20_2_100.jl,16,true,-15.944192991720142,-15.942997244180935,true,true,2.4000000000011483
unitbox_c_10_20_2_100.jl,16,true,-15.944192991720142,-15.944078006187596,true,true,1.4099999999990296
unitbox_c_10_20_2_100.jl,16,true,-15.944192991720142,-15.943135079950085,true,true,2.159999999999576
unitbox_c_10_20_2_100.jl,16,true,-15.944192991720142,-15.94325908279558,true,true,2.099999999999183
unitbox_c_10_20_2_100.jl,16,true,-15.944192991720142,-15.941628458900553,true,true,2.9700000000048825
unitbox_c_10_20_2_100.jl,16,true,-15.944192991720142,-15.941922355972181,true,true,2.9100000000044894
unitbox_c_10_20_2_100.jl,16,true,-15.944192991720142,-15.940984219816015,true,true,3.51000000000842
unitbox_c_10_20_2_100.jl,16,true,-15.944192991720142,-15.941480981452468,true,true,3.5400000000086167
unitbox_c_10_20_2_100.jl,16,true,-15.944192991720142,-15.943211423496424,true,true,2.1299999999993795
unitbox_c_10_20_2_100.jl,16,true,-15.944192991720142,-15.944042973618723,true,true,1.439999999999004
unitbox_c_10_20_2_100.jl,16,true,-15.944192991720142,-15.941612993688537,true,true,3.0300000000052756
unitbox_c_10_20_2_100.jl,16,true,-15.944192991720142,-15.943169763621201,true,true,3.0900000000056687
unitbox_c_10_20_2_100.jl,16,true,-15.944192991720142,-15.941395101176461,true,true,5.519999999999087
unitbox_c_10_20_2_100.jl,16,true,-15.944192991720142,-15.94259475824477,true,true,2.0699999999989864
unitbox_c_10_20_2_100.jl,32,true,-15.944192991720142,-15.943141678287395,true,false,2.8200000000039
unitbox_c_10_20_2_100.jl,32,true,-15.944192991720142,-15.943104829616356,true,true,1.8299999999986725
unitbox_c_10_20_2_100.jl,32,true,-15.944192991720142,-15.941456099847773,true,true,3.720000000009796
unitbox_c_10_20_2_100.jl,32,true,-15.944192991720142,-15.943159094358132,true,true,2.280000000000362
unitbox_c_10_20_2_100.jl,32,true,-15.944192991720142,-15.94140264161427,true,true,3.960000000011368
unitbox_c_10_20_2_100.jl,32,true,-15.944192991720142,-15.941387847829299,true,true,3.51000000000842
unitbox_c_10_20_2_100.jl,32,true,-15.944192991720142,-15.943083074434572,true,true,1.9499999999985704
unitbox_c_10_20_2_100.jl,32,true,-15.944192991720142,-15.943654005137704,true,true,1.799999999998698
unitbox_c_10_20_2_100.jl,32,true,-15.944192991720142,-15.943134553304782,true,true,3.000000000005079
unitbox_c_10_20_2_100.jl,32,true,-15.944192991720142,-15.943089398239396,true,true,2.099999999999183
unitbox_c_10_20_2_100.jl,32,true,-15.944192991720142,-15.941431043850974,true,true,4.230000000009732
unitbox_c_10_20_2_100.jl,32,true,-15.944192991720142,-15.943144031071837,true,true,2.3100000000005587
unitbox_c_10_20_2_100.jl,32,true,-15.944192991720142,-15.943093174469434,true,true,2.7000000000031137
unitbox_c_10_20_2_100.jl,32,true,-15.944192991720142,-15.941473764341518,true,true,3.330000000007241
unitbox_c_10_20_2_100.jl,32,true,-15.944192991720142,-15.943122722439234,true,true,2.7600000000035068
unitbox_c_10_20_2_100.jl,32,true,-15.944192991720142,-15.942981303240352,true,true,2.8200000000039
unitbox_c_10_20_2_100.jl,32,true,-15.944192991720142,-15.94310618334773,true,true,2.1299999999993795
unitbox_c_10_20_2_100.jl,32,true,-15.944192991720142,-15.943112576957141,true,true,2.370000000000952
unitbox_c_10_20_2_100.jl,32,true,-15.944192991720142,-15.942946949746286,true,true,1.9499999999985704
unitbox_c_10_20_2_100.jl,32,true,-15.944192991720142,-15.94161661197758,true,true,2.5200000000019345
unitbox_c_10_20_2_100.jl,32,true,-15.944192991720142,-15.942090161398543,true,true,2.2500000000001656
