benchmark,bits,distance,dual_status,ipopt_objective,objective,primal_status,random,time
unitbox_c_10_10_1_100.jl,0,0.0042600560692758315,true,-14.179042131697477,-14.178933301632968,true,false,4.680000000006019
unitbox_c_10_10_1_100.jl,0,0.004874495049426743,true,-14.179042131697477,-14.179020843893145,true,true,5.42999999999983
unitbox_c_10_10_1_100.jl,0,1.8364365460559013,true,-14.179042131697477,-12.62562335567084,true,true,2.610000000002524
unitbox_c_10_10_1_100.jl,0,0.0026557665851653952,true,-14.179042131697477,-14.17902608408967,true,true,5.250000000001315
unitbox_c_10_10_1_100.jl,0,0.0037737641651322874,true,-14.179042131697477,-14.1789100221009,true,true,4.20000000000998
unitbox_c_10_10_1_100.jl,0,0.002486573611783287,true,-14.179042131697477,-14.179004074244116,true,true,8.039999999979477
unitbox_c_10_10_1_100.jl,0,0.0043879185062297025,true,-14.179042131697477,-14.178906759618268,true,true,4.860000000004534
unitbox_c_10_10_1_100.jl,0,0.009270304428615412,true,-14.179042131697477,-14.178959191699251,true,true,5.040000000003048
unitbox_c_10_10_1_100.jl,0,0.0034109273017254426,true,-14.179042131697477,-14.178939736144862,true,true,5.31000000000082
unitbox_c_10_10_1_100.jl,0,0.0024077340362666693,true,-14.179042131697477,-14.17900960319528,true,true,6.389999999991908
unitbox_c_10_10_1_100.jl,0,0.0030105734681582044,true,-14.179042131697477,-14.178932805598022,true,true,7.7399999999807685
unitbox_c_10_10_1_100.jl,0,0.004611070270403997,true,-14.179042131697477,-14.179007997694562,true,true,4.140000000010475
unitbox_c_10_10_1_100.jl,0,0.0027727082585131176,true,-14.179042131697477,-14.17890154623771,true,true,7.259999999984729
unitbox_c_10_10_1_100.jl,0,0.004267990883463762,true,-14.179042131697477,-14.179007839907554,true,true,5.100000000002553
unitbox_c_10_10_1_100.jl,0,0.006740240369817233,true,-14.179042131697477,-14.179000553123645,true,true,4.230000000009732
unitbox_c_10_10_1_100.jl,0,0.004205945724215229,true,-14.179042131697477,-14.179006718408816,true,true,5.220000000001563
unitbox_c_10_10_1_100.jl,0,0.009550637652537627,true,-14.179042131697477,-14.178923777043842,true,true,3.3000000000070444
unitbox_c_10_10_1_100.jl,0,0.0043379023541845665,true,-14.179042131697477,-14.178916511745769,true,true,4.770000000005276
unitbox_c_10_10_1_100.jl,0,0.004367492282407121,true,-14.179042131697477,-14.1789106624715,true,true,4.890000000004286
unitbox_c_10_10_1_100.jl,0,0.001823402335702168,true,-14.179042131697477,-14.179004395710383,true,true,4.770000000005276
unitbox_c_10_10_1_100.jl,0,0.004503697714314205,true,-14.179042131697477,-14.179014033302918,true,true,5.66999999999785
unitbox_c_10_10_1_100.jl,8,0.0720226058700603,false,-14.179042131697477,-14.175713843637151,false,false,5.909999999995869
unitbox_c_10_10_1_100.jl,8,1.0130383786456878,true,-14.179042131697477,-13.152811328903992,true,true,3.0900000000056687
unitbox_c_10_10_1_100.jl,8,0.4861729345394858,false,-14.179042131697477,-14.148595240522106,false,true,10.000020000021332
unitbox_c_10_10_1_100.jl,8,0.8679070390784734,false,-14.179042131697477,-13.627961738817406,true,true,10.000020000021332
unitbox_c_10_10_1_100.jl,8,1.04081615303641,false,-14.179042131697477,-13.597723764391539,true,true,10.000020000021332
unitbox_c_10_10_1_100.jl,8,0.6701911888798563,false,-14.179042131697477,-12.682645279704454,true,true,10.000020000021332
unitbox_c_10_10_1_100.jl,8,1.2865242568873387,false,-14.179042131697477,-13.204452274191596,false,true,10.000020000021332
unitbox_c_10_10_1_100.jl,8,1.6499630892492307,true,-14.179042131697477,-12.79,true,true,0.9899999999993867
unitbox_c_10_10_1_100.jl,8,1.2914945732061258,true,-14.179042131697477,-13.844784055779105,false,true,2.0099999999985934
unitbox_c_10_10_1_100.jl,8,0.9798012399596081,false,-14.179042131697477,-13.551998569107143,true,true,10.000020000021332
unitbox_c_10_10_1_100.jl,8,0.5861397240620287,false,-14.179042131697477,-13.915856731876273,false,true,10.000020000021332
unitbox_c_10_10_1_100.jl,8,1.6501829859193053,true,-14.179042131697477,-12.775535600003042,true,true,4.3200000000089895
unitbox_c_10_10_1_100.jl,8,0.24672513853099842,false,-14.179042131697477,-14.180502837438421,false,true,6.359999999992156
unitbox_c_10_10_1_100.jl,8,0.4690946887454859,false,-14.179042131697477,-14.153031615525938,false,true,7.889999999979531
unitbox_c_10_10_1_100.jl,8,1.7093088427419818,true,-14.179042131697477,-12.362928616865172,true,true,1.319999999999106
unitbox_c_10_10_1_100.jl,8,1.4226915014680166,false,-14.179042131697477,-11.693095305803451,true,true,10.000020000021332
unitbox_c_10_10_1_100.jl,8,0.15441919447045108,true,-14.179042131697477,-14.150000000000002,true,true,0.9599999999994122
unitbox_c_10_10_1_100.jl,8,1.0118524109714238,true,-14.179042131697477,-13.53,true,true,1.1399999999992592
unitbox_c_10_10_1_100.jl,8,0.21838620192216993,true,-14.179042131697477,-14.147110021246878,false,true,1.7699999999987235
unitbox_c_10_10_1_100.jl,8,0.4706418507468338,false,-14.179042131697477,-13.955342677868588,false,true,10.000020000021332
unitbox_c_10_10_1_100.jl,8,0.2747147794227887,false,-14.179042131697477,-14.009331660425568,true,true,10.000020000021332
unitbox_c_10_10_1_100.jl,16,0.00875723224049489,true,-14.179042131697477,-14.178959500253928,true,false,5.1900000000018105
unitbox_c_10_10_1_100.jl,16,0.004031321059862253,false,-14.179042131697477,-14.178772324753345,true,true,6.299999999992651
unitbox_c_10_10_1_100.jl,16,0.002346102286265401,true,-14.179042131697477,-14.179014705110948,true,true,7.859999999979778
unitbox_c_10_10_1_100.jl,16,0.009897066943162357,true,-14.179042131697477,-14.178962362939053,true,true,5.070000000002801
unitbox_c_10_10_1_100.jl,16,0.001226894319216618,true,-14.179042131697477,-14.179009162431047,true,true,2.1299999999993795
unitbox_c_10_10_1_100.jl,16,0.005307080555276773,false,-14.179042131697477,-14.178748909335416,true,true,5.040000000003048
unitbox_c_10_10_1_100.jl,16,0.037727365347171575,true,-14.179042131697477,-14.177718803865465,true,true,3.450000000008027
unitbox_c_10_10_1_100.jl,16,0.006064383925729724,false,-14.179042131697477,-14.17868816310192,true,true,4.890000000004286
unitbox_c_10_10_1_100.jl,16,0.006318784423121561,true,-14.179042131697477,-14.178998448806048,true,true,4.950000000003791
unitbox_c_10_10_1_100.jl,16,1.836221443736745,true,-14.179042131697477,-12.625588652307417,true,true,2.0099999999985934
unitbox_c_10_10_1_100.jl,16,0.003938026721891333,false,-14.179042131697477,-14.178756023730456,true,true,6.089999999994384
unitbox_c_10_10_1_100.jl,16,0.006472077008503929,false,-14.179042131697477,-14.178858986455257,true,true,7.919999999979283
unitbox_c_10_10_1_100.jl,16,0.005099679047992747,false,-14.179042131697477,-14.179264064257715,false,true,4.890000000004286
unitbox_c_10_10_1_100.jl,16,0.009338254187934996,false,-14.179042131697477,-14.178916525506589,true,true,5.250000000001315
unitbox_c_10_10_1_100.jl,16,0.0015684300790301017,false,-14.179042131697477,-14.178939452643482,true,true,5.489999999999335
unitbox_c_10_10_1_100.jl,16,0.004627622122901829,true,-14.179042131697477,-14.178964120079792,true,true,5.519999999999087
unitbox_c_10_10_1_100.jl,16,0.0030962206149139377,false,-14.179042131697477,-14.178831660599375,true,true,5.340000000000573
unitbox_c_10_10_1_100.jl,16,0.01886902083672272,true,-14.179042131697477,-14.17880108883418,true,true,2.7900000000037033
unitbox_c_10_10_1_100.jl,16,0.009165542953574317,false,-14.179042131697477,-14.178848780839402,true,true,4.20000000000998
unitbox_c_10_10_1_100.jl,16,0.005429177372670782,true,-14.179042131697477,-14.17903849661607,false,true,4.500000000007504
unitbox_c_10_10_1_100.jl,16,0.0027703616529465686,false,-14.179042131697477,-14.179117891935281,false,true,3.6000000000090098
unitbox_c_10_10_1_100.jl,32,0.009214626507289936,true,-14.179042131697477,-14.178935557526676,true,false,5.040000000003048
unitbox_c_10_10_1_100.jl,32,0.00272447665410927,true,-14.179042131697477,-14.179007419312319,true,true,1.859999999998647
unitbox_c_10_10_1_100.jl,32,0.00431586767234176,true,-14.179042131697477,-14.178930283993555,true,true,5.999999999995127
unitbox_c_10_10_1_100.jl,32,0.00924831423016135,true,-14.179042131697477,-14.178950227350434,true,true,4.950000000003791
unitbox_c_10_10_1_100.jl,32,0.00409163626435001,true,-14.179042131697477,-14.178919447121817,true,true,6.209999999993394
unitbox_c_10_10_1_100.jl,32,0.009303979306482347,true,-14.179042131697477,-14.178972288909751,true,true,4.290000000009237
unitbox_c_10_10_1_100.jl,32,0.0020098153940169075,true,-14.179042131697477,-14.179040401852342,true,true,4.620000000006514
unitbox_c_10_10_1_100.jl,32,0.0050787562950082065,true,-14.179042131697477,-14.178970754610598,true,true,6.299999999992651
unitbox_c_10_10_1_100.jl,32,0.004188877942281859,true,-14.179042131697477,-14.179004110325625,true,true,2.940000000004686
unitbox_c_10_10_1_100.jl,32,0.004191309630871668,true,-14.179042131697477,-14.17900037523294,true,true,4.860000000004534
unitbox_c_10_10_1_100.jl,32,0.004773459665114525,true,-14.179042131697477,-14.178993190256243,true,true,5.040000000003048
unitbox_c_10_10_1_100.jl,32,0.009267325940261561,true,-14.179042131697477,-14.178958012932302,true,true,4.500000000007504
unitbox_c_10_10_1_100.jl,32,0.0024165609313821185,true,-14.179042131697477,-14.178997431995183,true,true,5.909999999995869
unitbox_c_10_10_1_100.jl,32,0.007856021636277138,true,-14.179042131697477,-14.178996907351948,true,true,3.3000000000070444
unitbox_c_10_10_1_100.jl,32,0.009328990823336578,true,-14.179042131697477,-14.178981501816274,true,true,3.720000000009796
unitbox_c_10_10_1_100.jl,32,0.009238174652028239,true,-14.179042131697477,-14.178945907730151,true,true,5.160000000002058
unitbox_c_10_10_1_100.jl,32,0.003878868448436776,true,-14.179042131697477,-14.178910624493964,true,true,6.689999999989433
unitbox_c_10_10_1_100.jl,32,0.009209580863215374,true,-14.179042131697477,-14.178933281053727,true,true,5.220000000001563
unitbox_c_10_10_1_100.jl,32,0.0005927668374797987,true,-14.179042131697477,-14.179011261538312,true,true,3.9300000000111717
unitbox_c_10_10_1_100.jl,32,0.004902099375428552,true,-14.179042131697477,-14.178893759926611,true,true,3.840000000010582
unitbox_c_10_10_1_100.jl,32,0.009284433992351841,true,-14.179042131697477,-14.178964796818908,true,true,5.100000000002553
unitbox_c_10_10_1_50.jl,0,2.682204133910197e-8,true,-7.380000185475224,-7.380000000000001,true,false,1.979999999998545
unitbox_c_10_10_1_50.jl,0,2.682204133910197e-8,true,-7.380000185475224,-7.380000000000001,true,true,0.9899999999993867
unitbox_c_10_10_1_50.jl,0,2.682204133910197e-8,true,-7.380000185475224,-7.380000000000001,true,true,2.8200000000039
unitbox_c_10_10_1_50.jl,0,1.4142135731728986,true,-7.380000185475224,-6.66,true,true,1.0499999999993357
unitbox_c_10_10_1_50.jl,0,2.682204133910197e-8,true,-7.380000185475224,-7.380000000000001,true,true,1.8899999999986214
unitbox_c_10_10_1_50.jl,0,1.4459310377088352,true,-7.380000185475224,-6.635904651900081,true,true,10.000020000021332
unitbox_c_10_10_1_50.jl,0,2.682204133910197e-8,true,-7.380000185475224,-7.380000000000001,true,true,0.6599999999996673
unitbox_c_10_10_1_50.jl,0,1.4142135731728986,true,-7.380000185475224,-6.66,true,true,0.9299999999994377
unitbox_c_10_10_1_50.jl,0,1.4445868300144948,true,-7.380000185475224,-6.636426309582138,true,true,10.000020000021332
unitbox_c_10_10_1_50.jl,0,1.4287606375877997,true,-7.380000185475224,-6.643730878077535,true,true,10.000020000021332
unitbox_c_10_10_1_50.jl,0,2.682204133910197e-8,true,-7.380000185475224,-7.380000000000001,true,true,1.919999999998596
unitbox_c_10_10_1_50.jl,0,1.3753035361165122,true,-7.380000185475224,-6.657766859268147,true,true,0.5099999999997948
unitbox_c_10_10_1_50.jl,0,1.4142135731728986,true,-7.380000185475224,-6.66,true,true,8.21999999998332
unitbox_c_10_10_1_50.jl,0,2.682204133910197e-8,true,-7.380000185475224,-7.380000000000001,true,true,1.799999999998698
unitbox_c_10_10_1_50.jl,0,1.438627179062163,true,-7.380000185475224,-6.638887254839814,true,true,10.000020000021332
unitbox_c_10_10_1_50.jl,0,2.682204133910197e-8,true,-7.380000185475224,-7.380000000000001,true,true,1.8899999999986214
unitbox_c_10_10_1_50.jl,0,1.4142135731728986,true,-7.380000185475224,-6.66,true,true,7.259999999984729
unitbox_c_10_10_1_50.jl,0,2.682204133910197e-8,true,-7.380000185475224,-7.380000000000001,true,true,1.979999999998545
unitbox_c_10_10_1_50.jl,0,1.4306898615955428,true,-7.380000185475224,-6.64267977891184,true,true,10.000020000021332
unitbox_c_10_10_1_50.jl,0,1.4142135731728986,true,-7.380000185475224,-6.66,true,true,3.900000000010975
unitbox_c_10_10_1_50.jl,0,2.682204133910197e-8,true,-7.380000185475224,-7.380000000000001,true,true,2.280000000000362
unitbox_c_10_10_1_50.jl,8,2.682204133910197e-8,true,-7.380000185475224,-7.380000000000001,true,false,1.1999999999992081
unitbox_c_10_10_1_50.jl,8,2.0000000152312754,true,-7.380000185475224,-6.060000000000001,true,true,2.8500000000040964
unitbox_c_10_10_1_50.jl,8,1.4142135746928033,true,-7.380000185475224,-4.750000000000001,true,true,1.0799999999993102
unitbox_c_10_10_1_50.jl,8,1.0000000067260957,true,-7.380000185475224,-6.62,true,true,0.8999999999994632
unitbox_c_10_10_1_50.jl,8,1.811532865879156,true,-7.380000185475224,-5.726802873981713,true,true,1.439999999999004
unitbox_c_10_10_1_50.jl,8,0.48210247052662086,false,-7.380000185475224,-7.018423152090843,true,true,10.000020000021332
unitbox_c_10_10_1_50.jl,8,1.7320508202249572,true,-7.380000185475224,-6.580000000000001,true,true,1.5899999999988765
unitbox_c_10_10_1_50.jl,8,2.308435374126185,true,-7.380000185475224,-3.095341841975328,true,true,0.21000000000001284
unitbox_c_10_10_1_50.jl,8,0.2651830851692628,false,-7.380000185475224,-7.178460860383194,true,true,10.000020000021332
unitbox_c_10_10_1_50.jl,8,0.6055132360693339,false,-7.380000185475224,-6.91980994569914,true,true,10.000020000021332
unitbox_c_10_10_1_50.jl,8,1.6434100276059842,true,-7.380000185475224,-4.404013497628013,true,true,1.8299999999986725
unitbox_c_10_10_1_50.jl,8,2.682204133910197e-8,true,-7.380000185475224,-7.380000000000001,true,true,0.7199999999996163
unitbox_c_10_10_1_50.jl,8,2.682204133910197e-8,true,-7.380000185475224,-7.380000000000001,true,true,1.319999999999106
unitbox_c_10_10_1_50.jl,8,1.7320865148216158,true,-7.380000185475224,-6.574217684290596,true,true,3.210000000006455
unitbox_c_10_10_1_50.jl,8,2.028677626254377,false,-7.380000185475224,-5.526355073616998,true,true,10.000020000021332
unitbox_c_10_10_1_50.jl,8,1.7320508202249572,true,-7.380000185475224,-6.580000000000001,true,true,4.260000000009485
unitbox_c_10_10_1_50.jl,8,0.10573787119994202,false,-7.380000185475224,-7.29963922299988,true,true,10.000020000021332
unitbox_c_10_10_1_50.jl,8,0.3989652742538783,false,-7.380000185475224,-6.494297110860148,true,true,10.000020000021332
unitbox_c_10_10_1_50.jl,8,1.7320508202249572,true,-7.380000185475224,-6.580000000000001,true,true,1.379999999999055
unitbox_c_10_10_1_50.jl,8,1.4142135730860839,true,-7.380000185475224,-5.03,true,true,2.0099999999985934
unitbox_c_10_10_1_50.jl,8,2.682204133910197e-8,true,-7.380000185475224,-7.380000000000001,true,true,2.5200000000019345
unitbox_c_10_10_1_50.jl,16,1.4471682558535517,true,-7.380000185475224,-6.635433886608287,true,false,10.000020000021332
unitbox_c_10_10_1_50.jl,16,2.682204133910197e-8,true,-7.380000185475224,-7.380000000000001,true,true,1.619999999998851
unitbox_c_10_10_1_50.jl,16,2.682204133910197e-8,true,-7.380000185475224,-7.380000000000001,true,true,2.430000000001345
unitbox_c_10_10_1_50.jl,16,2.682204133910197e-8,true,-7.380000185475224,-7.380000000000001,true,true,2.03999999999879
unitbox_c_10_10_1_50.jl,16,1.4146283525123253,true,-7.380000185475224,-6.657259670408317,true,true,10.000020000021332
unitbox_c_10_10_1_50.jl,16,2.682204133910197e-8,true,-7.380000185475224,-7.380000000000001,true,true,2.7900000000037033
unitbox_c_10_10_1_50.jl,16,1.4190142424396057,true,-7.380000185475224,-6.650670000849081,true,true,10.000020000021332
unitbox_c_10_10_1_50.jl,16,2.682204133910197e-8,true,-7.380000185475224,-7.380000000000001,true,true,0.7199999999996163
unitbox_c_10_10_1_50.jl,16,1.4547807475387629,true,-7.380000185475224,-6.632707570183405,true,true,10.000020000021332
unitbox_c_10_10_1_50.jl,16,1.5934954413308104,true,-7.380000185475224,-6.601254300924342,true,true,10.000020000021332
unitbox_c_10_10_1_50.jl,16,1.4142135731728986,true,-7.380000185475224,-6.66,true,true,9.240000000005102
unitbox_c_10_10_1_50.jl,16,1.1280035044752494,true,-7.380000185475224,-6.640876470342836,true,true,0.9299999999994377
unitbox_c_10_10_1_50.jl,16,2.682204133910197e-8,true,-7.380000185475224,-7.380000000000001,true,true,1.8299999999986725
unitbox_c_10_10_1_50.jl,16,2.828427148558135,true,-7.380000185475224,-2.95,true,true,2.0099999999985934
unitbox_c_10_10_1_50.jl,16,1.4142135731728986,true,-7.380000185475224,-6.66,true,true,3.120000000005865
unitbox_c_10_10_1_50.jl,16,2.682204133910197e-8,true,-7.380000185475224,-7.380000000000001,true,true,0.6899999999996418
unitbox_c_10_10_1_50.jl,16,1.4153238554677556,true,-7.380000185475224,-6.655516012799702,true,true,10.000020000021332
unitbox_c_10_10_1_50.jl,16,2.682204133910197e-8,true,-7.380000185475224,-7.380000000000001,true,true,2.03999999999879
unitbox_c_10_10_1_50.jl,16,2.682204133910197e-8,true,-7.380000185475224,-7.380000000000001,true,true,1.5899999999988765
unitbox_c_10_10_1_50.jl,16,2.682204133910197e-8,true,-7.380000185475224,-7.380000000000001,true,true,2.1299999999993795
unitbox_c_10_10_1_50.jl,16,1.5531765028909714,true,-7.380000185475224,-6.608627963401183,true,true,10.000020000021332
unitbox_c_10_10_1_50.jl,32,1.1132956062323958,true,-7.380000185475224,-6.639572514811939,true,false,0.8099999999995398
unitbox_c_10_10_1_50.jl,32,2.682204133910197e-8,true,-7.380000185475224,-7.380000000000001,true,true,2.1299999999993795
unitbox_c_10_10_1_50.jl,32,1.574227580151314,true,-7.380000185475224,-6.604678832442194,true,true,10.000020000021332
unitbox_c_10_10_1_50.jl,32,1.4442839515794113,true,-7.380000185475224,-6.636545383622614,true,true,10.000020000021332
unitbox_c_10_10_1_50.jl,32,2.682204133910197e-8,true,-7.380000185475224,-7.380000000000001,true,true,1.4699999999989786
unitbox_c_10_10_1_50.jl,32,1.4341131358016104,true,-7.380000185475224,-6.640953874503503,true,true,10.000020000021332
unitbox_c_10_10_1_50.jl,32,1.4518622601648625,true,-7.380000185475224,-6.633721006098143,true,true,10.000020000021332
unitbox_c_10_10_1_50.jl,32,2.682204133910197e-8,true,-7.380000185475224,-7.380000000000001,true,true,0.6299999999996928
unitbox_c_10_10_1_50.jl,32,2.682204133910197e-8,true,-7.380000185475224,-7.380000000000001,true,true,0.8999999999994632
unitbox_c_10_10_1_50.jl,32,2.682204133910197e-8,true,-7.380000185475224,-7.380000000000001,true,true,0.4799999999998203
unitbox_c_10_10_1_50.jl,32,2.682204133910197e-8,true,-7.380000185475224,-7.380000000000001,true,true,3.120000000005865
unitbox_c_10_10_1_50.jl,32,2.682204133910197e-8,true,-7.380000185475224,-7.380000000000001,true,true,1.6499999999988255
unitbox_c_10_10_1_50.jl,32,1.4142135731728986,true,-7.380000185475224,-6.66,true,true,9.240000000005102
unitbox_c_10_10_1_50.jl,32,1.4267865829203779,true,-7.380000185475224,-6.644880228543032,true,true,10.000020000021332
unitbox_c_10_10_1_50.jl,32,1.4142135731728986,true,-7.380000185475224,-6.66,true,true,9.870000000018555
unitbox_c_10_10_1_50.jl,32,2.828427148558135,true,-7.380000185475224,-2.95,true,true,1.0199999999993612
unitbox_c_10_10_1_50.jl,32,1.2901090574243874,true,-7.380000185475224,-6.652603836649396,true,true,3.120000000005865
unitbox_c_10_10_1_50.jl,32,2.828427148558135,true,-7.380000185475224,-2.95,true,true,1.2899999999991316
unitbox_c_10_10_1_50.jl,32,1.435528015154382,true,-7.380000185475224,-6.64028350563089,true,true,10.000020000021332
unitbox_c_10_10_1_50.jl,32,2.828427148558135,true,-7.380000185475224,-2.95,true,true,1.799999999998698
unitbox_c_10_10_1_50.jl,32,2.682204133910197e-8,true,-7.380000185475224,-7.380000000000001,true,true,1.1399999999992592
unitbox_c_10_10_2_100.jl,0,2.5599075166168406e-8,true,-6.420000192955972,-6.42,true,false,0.7199999999996163
unitbox_c_10_10_2_100.jl,0,2.5599075166168406e-8,true,-6.420000192955972,-6.42,true,true,1.0199999999993612
unitbox_c_10_10_2_100.jl,0,2.1148552055270584,true,-6.420000192955972,-6.544494057432324,true,true,3.4800000000082236
unitbox_c_10_10_2_100.jl,0,2.5599075166168406e-8,true,-6.420000192955972,-6.42,true,true,0.5399999999997693
unitbox_c_10_10_2_100.jl,0,2.5599075166168406e-8,true,-6.420000192955972,-6.42,true,true,1.319999999999106
unitbox_c_10_10_2_100.jl,0,2.5599075166168406e-8,true,-6.420000192955972,-6.42,true,true,2.7000000000031137
unitbox_c_10_10_2_100.jl,0,2.5599075166168406e-8,true,-6.420000192955972,-6.42,true,true,2.0699999999989864
unitbox_c_10_10_2_100.jl,0,2.0706352764115987,true,-6.420000192955972,-6.544912126839762,true,true,3.900000000010975
unitbox_c_10_10_2_100.jl,0,2.5599075166168406e-8,true,-6.420000192955972,-6.42,true,true,1.499999999998953
unitbox_c_10_10_2_100.jl,0,2.115031140804666,true,-6.420000192955972,-6.544462175858413,true,true,1.7699999999987235
unitbox_c_10_10_2_100.jl,0,2.5599075166168406e-8,true,-6.420000192955972,-6.42,true,true,1.439999999999004
unitbox_c_10_10_2_100.jl,0,2.5599075166168406e-8,true,-6.420000192955972,-6.42,true,true,2.550000000002131
unitbox_c_10_10_2_100.jl,0,2.5599075166168406e-8,true,-6.420000192955972,-6.42,true,true,1.8299999999986725
unitbox_c_10_10_2_100.jl,0,1.4489223790713823,true,-6.420000192955972,-5.887868625564764,true,true,1.439999999999004
unitbox_c_10_10_2_100.jl,0,2.0960819827140753,true,-6.420000192955972,-6.546687427053628,true,true,1.4699999999989786
unitbox_c_10_10_2_100.jl,0,2.5599075166168406e-8,true,-6.420000192955972,-6.42,true,true,0.6299999999996928
unitbox_c_10_10_2_100.jl,0,2.5599075166168406e-8,true,-6.420000192955972,-6.42,true,true,1.319999999999106
unitbox_c_10_10_2_100.jl,0,2.1147258868014567,true,-6.420000192955972,-6.544517367599969,true,true,2.3100000000005587
unitbox_c_10_10_2_100.jl,0,2.5599075166168406e-8,true,-6.420000192955972,-6.42,true,true,2.0099999999985934
unitbox_c_10_10_2_100.jl,0,2.1149347070606503,true,-6.420000192955972,-6.54447967485398,true,true,3.7500000000099925
unitbox_c_10_10_2_100.jl,0,2.5599075166168406e-8,true,-6.420000192955972,-6.42,true,true,1.3499999999990806
unitbox_c_10_10_2_100.jl,8,2.5599075166168406e-8,true,-6.420000192955972,-6.42,true,false,3.6300000000092063
unitbox_c_10_10_2_100.jl,8,2.0000000132996547,true,-6.420000192955972,-6.41,true,true,0.6599999999996673
unitbox_c_10_10_2_100.jl,8,1.732050820157345,true,-6.420000192955972,-3.1599999999999997,true,true,0.8699999999994887
unitbox_c_10_10_2_100.jl,8,2.0883127584062797,true,-6.420000192955972,-4.318550333079538,true,true,1.2299999999991826
unitbox_c_10_10_2_100.jl,8,1.4142135703584882,true,-6.420000192955972,-5.83,true,true,3.9300000000111717
unitbox_c_10_10_2_100.jl,8,2.2360679924146236,true,-6.420000192955972,-6.49,true,true,1.379999999999055
unitbox_c_10_10_2_100.jl,8,2.5599075166168406e-8,true,-6.420000192955972,-6.42,true,true,0.6899999999996418
unitbox_c_10_10_2_100.jl,8,2.5599075166168406e-8,true,-6.420000192955972,-6.42,true,true,3.2400000000066513
unitbox_c_10_10_2_100.jl,8,2.5599075166168406e-8,true,-6.420000192955972,-6.42,true,true,0.6899999999996418
unitbox_c_10_10_2_100.jl,8,1.7270732212120612,true,-6.420000192955972,-5.867032546500129,true,true,2.159999999999576
unitbox_c_10_10_2_100.jl,8,1.4142135718605366,true,-6.420000192955972,-5.620000000000001,true,true,1.3499999999990806
unitbox_c_10_10_2_100.jl,8,1.4142135703584882,true,-6.420000192955972,-5.83,true,true,1.439999999999004
unitbox_c_10_10_2_100.jl,8,1.755850006757098,true,-6.420000192955972,-5.060280905796173,true,true,5.849999999996364
unitbox_c_10_10_2_100.jl,8,0.7363690420694112,true,-6.420000192955972,-6.0714508815324,true,true,4.380000000008494
unitbox_c_10_10_2_100.jl,8,2.5599075166168406e-8,true,-6.420000192955972,-6.42,true,true,0.9299999999994377
unitbox_c_10_10_2_100.jl,8,1.9532960649078694,true,-6.420000192955972,-5.595624170759853,true,true,7.379999999983739
unitbox_c_10_10_2_100.jl,8,2.5599075166168406e-8,true,-6.420000192955972,-6.42,true,true,0.5399999999997693
unitbox_c_10_10_2_100.jl,8,1.426598952976313,true,-6.420000192955972,-3.994263992059559,true,true,2.3400000000007553
unitbox_c_10_10_2_100.jl,8,1.9157870553335572,true,-6.420000192955972,-6.169752065271918,true,true,2.9700000000048825
unitbox_c_10_10_2_100.jl,8,1.5955682899785744,true,-6.420000192955972,-5.123262462184699,true,true,5.519999999999087
unitbox_c_10_10_2_100.jl,8,1.341517012967082,true,-6.420000192955972,-5.877455794177077,true,true,3.720000000009796
unitbox_c_10_10_2_100.jl,16,1.7448695393847398,true,-6.420000192955972,-5.889868144052858,true,false,5.699999999997602
unitbox_c_10_10_2_100.jl,16,2.1169562380494216,true,-6.420000192955972,-6.544100737633059,true,true,2.7300000000033102
unitbox_c_10_10_2_100.jl,16,2.5599075166168406e-8,true,-6.420000192955972,-6.42,true,true,2.940000000004686
unitbox_c_10_10_2_100.jl,16,2.070888271122295,true,-6.420000192955972,-6.544963702324292,true,true,4.770000000005276
unitbox_c_10_10_2_100.jl,16,2.1126008093433195,true,-6.420000192955972,-6.544885234002953,true,true,3.210000000006455
unitbox_c_10_10_2_100.jl,16,2.1095219402286314,true,-6.420000192955972,-6.545366313240223,true,true,1.0199999999993612
unitbox_c_10_10_2_100.jl,16,2.115711477192205,true,-6.420000192955972,-6.544337068961552,true,true,4.800000000005029
unitbox_c_10_10_2_100.jl,16,2.5599075166168406e-8,true,-6.420000192955972,-6.42,true,true,1.6499999999988255
unitbox_c_10_10_2_100.jl,16,2.5599075166168406e-8,true,-6.420000192955972,-6.42,true,true,2.7000000000031137
unitbox_c_10_10_2_100.jl,16,2.5599075166168406e-8,true,-6.420000192955972,-6.42,true,true,1.1099999999992847
unitbox_c_10_10_2_100.jl,16,2.1134872218876266,true,-6.420000192955972,-6.544735289038979,true,true,2.0699999999989864
unitbox_c_10_10_2_100.jl,16,2.5599075166168406e-8,true,-6.420000192955972,-6.42,true,true,0.7199999999996163
unitbox_c_10_10_2_100.jl,16,2.5599075166168406e-8,true,-6.420000192955972,-6.42,true,true,1.8899999999986214
unitbox_c_10_10_2_100.jl,16,2.5599075166168406e-8,true,-6.420000192955972,-6.42,true,true,0.7499999999995908
unitbox_c_10_10_2_100.jl,16,1.7510917403727415,true,-6.420000192955972,-5.892204254871643,true,true,1.439999999999004
unitbox_c_10_10_2_100.jl,16,2.073220453300518,true,-6.420000192955972,-6.545402419063475,true,true,2.3100000000005587
unitbox_c_10_10_2_100.jl,16,2.5599075166168406e-8,true,-6.420000192955972,-6.42,true,true,1.2299999999991826
unitbox_c_10_10_2_100.jl,16,2.5599075166168406e-8,true,-6.420000192955972,-6.42,true,true,3.0300000000052756
unitbox_c_10_10_2_100.jl,16,2.5599075166168406e-8,true,-6.420000192955972,-6.42,true,true,2.159999999999576
unitbox_c_10_10_2_100.jl,16,2.5599075166168406e-8,true,-6.420000192955972,-6.42,true,true,3.6900000000095994
unitbox_c_10_10_2_100.jl,16,2.5599075166168406e-8,true,-6.420000192955972,-6.42,true,true,3.6900000000095994
unitbox_c_10_10_2_100.jl,32,2.5599075166168406e-8,true,-6.420000192955972,-6.42,true,false,1.5899999999988765
unitbox_c_10_10_2_100.jl,32,2.5599075166168406e-8,true,-6.420000192955972,-6.42,true,true,1.4099999999990296
unitbox_c_10_10_2_100.jl,32,2.5599075166168406e-8,true,-6.420000192955972,-6.42,true,true,1.6499999999988255
unitbox_c_10_10_2_100.jl,32,1.4490897374766156,true,-6.420000192955972,-5.887827569285435,true,true,3.8700000000107786
unitbox_c_10_10_2_100.jl,32,2.5599075166168406e-8,true,-6.420000192955972,-6.42,true,true,0.8699999999994887
unitbox_c_10_10_2_100.jl,32,2.1151761199308297,true,-6.420000192955972,-6.544435758102098,true,true,2.5800000000023275
unitbox_c_10_10_2_100.jl,32,2.5599075166168406e-8,true,-6.420000192955972,-6.42,true,true,3.660000000009403
unitbox_c_10_10_2_100.jl,32,2.070411593318243,true,-6.420000192955972,-6.544865865089763,true,true,4.560000000007009
unitbox_c_10_10_2_100.jl,32,2.114865970327366,true,-6.420000192955972,-6.544492112300871,true,true,5.040000000003048
unitbox_c_10_10_2_100.jl,32,2.5599075166168406e-8,true,-6.420000192955972,-6.42,true,true,2.4600000000015414
unitbox_c_10_10_2_100.jl,32,2.5599075166168406e-8,true,-6.420000192955972,-6.42,true,true,1.0799999999993102
unitbox_c_10_10_2_100.jl,32,2.5599075166168406e-8,true,-6.420000192955972,-6.42,true,true,0.9599999999994122
unitbox_c_10_10_2_100.jl,32,2.5599075166168406e-8,true,-6.420000192955972,-6.42,true,true,2.490000000001738
unitbox_c_10_10_2_100.jl,32,2.5599075166168406e-8,true,-6.420000192955972,-6.42,true,true,3.210000000006455
unitbox_c_10_10_2_100.jl,32,2.1104550302781844,true,-6.420000192955972,-6.545227114575901,true,true,1.919999999998596
unitbox_c_10_10_2_100.jl,32,2.5599075166168406e-8,true,-6.420000192955972,-6.42,true,true,1.439999999999004
unitbox_c_10_10_2_100.jl,32,2.070455449359306,true,-6.420000192955972,-6.544874984408768,true,true,3.900000000010975
unitbox_c_10_10_2_100.jl,32,2.5599075166168406e-8,true,-6.420000192955972,-6.42,true,true,1.7699999999987235
unitbox_c_10_10_2_100.jl,32,2.5599075166168406e-8,true,-6.420000192955972,-6.42,true,true,1.8299999999986725
unitbox_c_10_10_2_100.jl,32,2.5599075166168406e-8,true,-6.420000192955972,-6.42,true,true,1.499999999998953
unitbox_c_10_10_2_100.jl,32,2.1151743855220135,true,-6.420000192955972,-6.5444360749196235,true,true,2.1299999999993795
unitbox_c_10_10_2_50.jl,0,0.22987146146822363,true,-6.950000192570484,-6.816674555659215,true,false,10.000020000021332
unitbox_c_10_10_2_50.jl,0,2.6756799082519708e-8,true,-6.950000192570484,-6.949999999999999,true,true,1.1999999999992081
unitbox_c_10_10_2_50.jl,0,2.6756799082519708e-8,true,-6.950000192570484,-6.949999999999999,true,true,1.799999999998698
unitbox_c_10_10_2_50.jl,0,2.6756799082519708e-8,true,-6.950000192570484,-6.949999999999999,true,true,8.66999999999293
unitbox_c_10_10_2_50.jl,0,2.6756799082519708e-8,true,-6.950000192570484,-6.949999999999999,true,true,7.679999999981264
unitbox_c_10_10_2_50.jl,0,2.6756799082519708e-8,true,-6.950000192570484,-6.949999999999999,true,true,1.3499999999990806
unitbox_c_10_10_2_50.jl,0,2.6756799082519708e-8,true,-6.950000192570484,-6.949999999999999,true,true,1.6799999999988
unitbox_c_10_10_2_50.jl,0,2.6756799082519708e-8,true,-6.950000192570484,-6.949999999999999,true,true,2.880000000004293
unitbox_c_10_10_2_50.jl,0,2.6756799082519708e-8,true,-6.950000192570484,-6.949999999999999,true,true,1.2599999999991571
unitbox_c_10_10_2_50.jl,0,2.6756799082519708e-8,true,-6.950000192570484,-6.949999999999999,true,true,1.499999999998953
unitbox_c_10_10_2_50.jl,0,0.2950564279544128,true,-6.950000192570484,-6.778867275097226,true,true,10.000020000021332
unitbox_c_10_10_2_50.jl,0,2.6756799082519708e-8,true,-6.950000192570484,-6.949999999999999,true,true,9.990000000021118
unitbox_c_10_10_2_50.jl,0,2.6756799082519708e-8,true,-6.950000192570484,-6.949999999999999,true,true,1.499999999998953
unitbox_c_10_10_2_50.jl,0,2.6756799082519708e-8,true,-6.950000192570484,-6.949999999999999,true,true,0.8999999999994632
unitbox_c_10_10_2_50.jl,0,2.6756799082519708e-8,true,-6.950000192570484,-6.949999999999999,true,true,1.3499999999990806
unitbox_c_10_10_2_50.jl,0,2.6756799082519708e-8,true,-6.950000192570484,-6.949999999999999,true,true,2.099999999999183
unitbox_c_10_10_2_50.jl,0,2.6756799082519708e-8,true,-6.950000192570484,-6.949999999999999,true,true,1.3499999999990806
unitbox_c_10_10_2_50.jl,0,2.6756799082519708e-8,true,-6.950000192570484,-6.949999999999999,true,true,0.9599999999994122
unitbox_c_10_10_2_50.jl,0,2.6756799082519708e-8,true,-6.950000192570484,-6.949999999999999,true,true,1.439999999999004
unitbox_c_10_10_2_50.jl,0,0.2061418393507808,true,-6.950000192570484,-6.830437736487333,true,true,10.000020000021332
unitbox_c_10_10_2_50.jl,0,2.6756799082519708e-8,true,-6.950000192570484,-6.949999999999999,true,true,7.919999999979283
unitbox_c_10_10_2_50.jl,8,2.6756799082519708e-8,true,-6.950000192570484,-6.949999999999999,true,false,7.499999999982749
unitbox_c_10_10_2_50.jl,8,1.0000000079605347,true,-6.950000192570484,-5.7299999999999995,true,true,4.590000000006762
unitbox_c_10_10_2_50.jl,8,0.5048441882318173,false,-6.950000192570484,-5.460709671723694,true,true,10.000020000021332
unitbox_c_10_10_2_50.jl,8,1.4445565370882874,false,-6.950000192570484,-5.545411551964474,true,true,10.000020000021332
unitbox_c_10_10_2_50.jl,8,2.2225394505086755,true,-6.950000192570484,-1.8232617777077593,true,true,1.499999999998953
unitbox_c_10_10_2_50.jl,8,1.4651877142816419,false,-6.950000192570484,-5.5711025560416285,true,true,10.000020000021332
unitbox_c_10_10_2_50.jl,8,1.000000007239404,true,-6.950000192570484,-6.039999999999999,true,true,1.4699999999989786
unitbox_c_10_10_2_50.jl,8,1.136641111199059,false,-6.950000192570484,-6.2727411853338815,true,true,10.000020000021332
unitbox_c_10_10_2_50.jl,8,2.0000000153766604,true,-6.950000192570484,-4.45,true,true,1.1399999999992592
unitbox_c_10_10_2_50.jl,8,2.236067995516729,true,-6.950000192570484,-4.24,true,true,3.6300000000092063
unitbox_c_10_10_2_50.jl,8,1.0000000079605347,true,-6.950000192570484,-5.7299999999999995,true,true,2.3100000000005587
unitbox_c_10_10_2_50.jl,8,1.732050820114485,true,-6.950000192570484,-5.750000000000002,true,true,7.589999999982006
unitbox_c_10_10_2_50.jl,8,2.195850155453302,false,-6.950000192570484,-4.293290102903292,true,true,10.000020000021332
unitbox_c_10_10_2_50.jl,8,2.6756799082519708e-8,true,-6.950000192570484,-6.949999999999999,true,true,7.109999999985967
unitbox_c_10_10_2_50.jl,8,1.4142135726192324,true,-6.950000192570484,-6.1899999999999995,true,true,3.51000000000842
unitbox_c_10_10_2_50.jl,8,1.6767281704257742,false,-6.950000192570484,-5.721228245519743,true,true,10.000020000021332
unitbox_c_10_10_2_50.jl,8,1.021923787210378,false,-6.950000192570484,-6.332102321169195,true,true,10.000020000021332
unitbox_c_10_10_2_50.jl,8,1.0000000079605347,true,-6.950000192570484,-5.7299999999999995,true,true,6.8699999999879475
unitbox_c_10_10_2_50.jl,8,1.7320508220565247,true,-6.950000192570484,-4.16,true,true,2.0699999999989864
unitbox_c_10_10_2_50.jl,8,1.4142135726192324,true,-6.950000192570484,-6.1899999999999995,true,true,2.5800000000023275
unitbox_c_10_10_2_50.jl,8,1.2197875995843008,false,-6.950000192570484,-5.645608767948848,true,true,10.000020000021332
unitbox_c_10_10_2_50.jl,16,2.6756799082519708e-8,true,-6.950000192570484,-6.949999999999999,true,false,0.5399999999997693
unitbox_c_10_10_2_50.jl,16,2.6756799082519708e-8,true,-6.950000192570484,-6.949999999999999,true,true,7.919999999979283
unitbox_c_10_10_2_50.jl,16,2.6756799082519708e-8,true,-6.950000192570484,-6.949999999999999,true,true,6.809999999988443
unitbox_c_10_10_2_50.jl,16,0.4741405301264979,true,-6.950000192570484,-6.674998495837416,true,true,10.000020000021332
unitbox_c_10_10_2_50.jl,16,2.6756799082519708e-8,true,-6.950000192570484,-6.949999999999999,true,true,1.559999999998902
unitbox_c_10_10_2_50.jl,16,0.4286069124470926,true,-6.950000192570484,-6.701407994091472,true,true,10.000020000021332
unitbox_c_10_10_2_50.jl,16,0.4044690613709553,true,-6.950000192570484,-6.71540794771563,true,true,10.000020000021332
unitbox_c_10_10_2_50.jl,16,2.6756799082519708e-8,true,-6.950000192570484,-6.949999999999999,true,true,1.4699999999989786
unitbox_c_10_10_2_50.jl,16,2.6756799082519708e-8,true,-6.950000192570484,-6.949999999999999,true,true,0.8099999999995398
unitbox_c_10_10_2_50.jl,16,2.6756799082519708e-8,true,-6.950000192570484,-6.949999999999999,true,true,9.330000000007024
unitbox_c_10_10_2_50.jl,16,2.6756799082519708e-8,true,-6.950000192570484,-6.949999999999999,true,true,1.7099999999987745
unitbox_c_10_10_2_50.jl,16,2.6756799082519708e-8,true,-6.950000192570484,-6.949999999999999,true,true,7.859999999979778
unitbox_c_10_10_2_50.jl,16,2.6756799082519708e-8,true,-6.950000192570484,-6.949999999999999,true,true,8.009999999978836
unitbox_c_10_10_2_50.jl,16,2.6756799082519708e-8,true,-6.950000192570484,-6.949999999999999,true,true,2.7300000000033102
unitbox_c_10_10_2_50.jl,16,2.6756799082519708e-8,true,-6.950000192570484,-6.949999999999999,true,true,7.259999999984729
unitbox_c_10_10_2_50.jl,16,2.6756799082519708e-8,true,-6.950000192570484,-6.949999999999999,true,true,1.1999999999992081
unitbox_c_10_10_2_50.jl,16,2.6756799082519708e-8,true,-6.950000192570484,-6.949999999999999,true,true,1.0799999999993102
unitbox_c_10_10_2_50.jl,16,2.6756799082519708e-8,true,-6.950000192570484,-6.949999999999999,true,true,1.0199999999993612
unitbox_c_10_10_2_50.jl,16,2.6756799082519708e-8,true,-6.950000192570484,-6.949999999999999,true,true,2.099999999999183
unitbox_c_10_10_2_50.jl,16,2.6756799082519708e-8,true,-6.950000192570484,-6.949999999999999,true,true,0.9299999999994377
unitbox_c_10_10_2_50.jl,16,2.6756799082519708e-8,true,-6.950000192570484,-6.949999999999999,true,true,1.4699999999989786
unitbox_c_10_10_2_50.jl,32,2.6756799082519708e-8,true,-6.950000192570484,-6.949999999999999,true,false,2.0099999999985934
unitbox_c_10_10_2_50.jl,32,2.6756799082519708e-8,true,-6.950000192570484,-6.949999999999999,true,true,1.619999999998851
unitbox_c_10_10_2_50.jl,32,2.6756799082519708e-8,true,-6.950000192570484,-6.949999999999999,true,true,1.619999999998851
unitbox_c_10_10_2_50.jl,32,2.6756799082519708e-8,true,-6.950000192570484,-6.949999999999999,true,true,1.0199999999993612
unitbox_c_10_10_2_50.jl,32,2.6756799082519708e-8,true,-6.950000192570484,-6.949999999999999,true,true,1.4099999999990296
unitbox_c_10_10_2_50.jl,32,2.6756799082519708e-8,true,-6.950000192570484,-6.949999999999999,true,true,2.280000000000362
unitbox_c_10_10_2_50.jl,32,2.6756799082519708e-8,true,-6.950000192570484,-6.949999999999999,true,true,7.919999999979283
unitbox_c_10_10_2_50.jl,32,2.6756799082519708e-8,true,-6.950000192570484,-6.949999999999999,true,true,1.919999999998596
unitbox_c_10_10_2_50.jl,32,2.6756799082519708e-8,true,-6.950000192570484,-6.949999999999999,true,true,7.169999999985472
unitbox_c_10_10_2_50.jl,32,2.6756799082519708e-8,true,-6.950000192570484,-6.949999999999999,true,true,1.1699999999992337
unitbox_c_10_10_2_50.jl,32,2.6756799082519708e-8,true,-6.950000192570484,-6.949999999999999,true,true,3.780000000010189
unitbox_c_10_10_2_50.jl,32,2.6756799082519708e-8,true,-6.950000192570484,-6.949999999999999,true,true,7.799999999980273
unitbox_c_10_10_2_50.jl,32,0.45564676784652547,true,-6.950000192570484,-6.6857248779597995,true,true,10.000020000021332
unitbox_c_10_10_2_50.jl,32,2.6756799082519708e-8,true,-6.950000192570484,-6.949999999999999,true,true,6.989999999986957
unitbox_c_10_10_2_50.jl,32,2.6756799082519708e-8,true,-6.950000192570484,-6.949999999999999,true,true,0.4199999999998713
unitbox_c_10_10_2_50.jl,32,2.6756799082519708e-8,true,-6.950000192570484,-6.949999999999999,true,true,7.109999999985967
unitbox_c_10_10_2_50.jl,32,2.6756799082519708e-8,true,-6.950000192570484,-6.949999999999999,true,true,5.66999999999785
unitbox_c_10_10_2_50.jl,32,2.6756799082519708e-8,true,-6.950000192570484,-6.949999999999999,true,true,4.290000000009237
unitbox_c_10_10_2_50.jl,32,2.6756799082519708e-8,true,-6.950000192570484,-6.949999999999999,true,true,8.429999999987805
unitbox_c_10_10_2_50.jl,32,2.6756799082519708e-8,true,-6.950000192570484,-6.949999999999999,true,true,0.8999999999994632
unitbox_c_10_10_2_50.jl,32,2.6756799082519708e-8,true,-6.950000192570484,-6.949999999999999,true,true,1.4099999999990296
unitbox_c_10_10_3_100.jl,0,2.8079265058217982e-8,true,-11.450000318656995,-11.450000000000001,true,false,1.1999999999992081
unitbox_c_10_10_3_100.jl,0,1.414213571612974,true,-11.450000318656995,-11.790000000000001,true,true,6.749999999988938
unitbox_c_10_10_3_100.jl,0,2.8079265058217982e-8,true,-11.450000318656995,-11.450000000000001,true,true,0.4499999999998458
unitbox_c_10_10_3_100.jl,0,2.8079265058217982e-8,true,-11.450000318656995,-11.450000000000001,true,true,0.5699999999997438
unitbox_c_10_10_3_100.jl,0,1.414213571612974,true,-11.450000318656995,-11.790000000000001,true,true,6.209999999993394
unitbox_c_10_10_3_100.jl,0,1.414213571612974,true,-11.450000318656995,-11.790000000000001,true,true,4.6500000000062665
unitbox_c_10_10_3_100.jl,0,1.414213571612974,true,-11.450000318656995,-11.790000000000001,true,true,9.510000000010868
unitbox_c_10_10_3_100.jl,0,1.414213571612974,true,-11.450000318656995,-11.790000000000001,true,true,5.280000000001068
unitbox_c_10_10_3_100.jl,0,1.414213571612974,true,-11.450000318656995,-11.790000000000001,true,true,1.9499999999985704
unitbox_c_10_10_3_100.jl,0,1.414213571612974,true,-11.450000318656995,-11.790000000000001,true,true,0.9599999999994122
unitbox_c_10_10_3_100.jl,0,1.414213571612974,true,-11.450000318656995,-11.790000000000001,true,true,5.909999999995869
unitbox_c_10_10_3_100.jl,0,2.8079265058217982e-8,true,-11.450000318656995,-11.450000000000001,true,true,0.7499999999995908
unitbox_c_10_10_3_100.jl,0,1.414213571612974,true,-11.450000318656995,-11.790000000000001,true,true,1.6799999999988
unitbox_c_10_10_3_100.jl,0,1.414213571612974,true,-11.450000318656995,-11.790000000000001,true,true,5.66999999999785
unitbox_c_10_10_3_100.jl,0,1.414213571612974,true,-11.450000318656995,-11.790000000000001,true,true,1.9499999999985704
unitbox_c_10_10_3_100.jl,0,1.414213571612974,true,-11.450000318656995,-11.790000000000001,true,true,5.699999999997602
unitbox_c_10_10_3_100.jl,0,2.8079265058217982e-8,true,-11.450000318656995,-11.450000000000001,true,true,0.9599999999994122
unitbox_c_10_10_3_100.jl,0,1.414213571612974,true,-11.450000318656995,-11.790000000000001,true,true,5.969999999995374
unitbox_c_10_10_3_100.jl,0,1.414213571612974,true,-11.450000318656995,-11.790000000000001,true,true,5.879999999996117
unitbox_c_10_10_3_100.jl,0,1.414213571612974,true,-11.450000318656995,-11.790000000000001,true,true,5.66999999999785
unitbox_c_10_10_3_100.jl,0,2.8079265058217982e-8,true,-11.450000318656995,-11.450000000000001,true,true,1.0499999999993357
unitbox_c_10_10_3_100.jl,8,2.8079265058217982e-8,true,-11.450000318656995,-11.450000000000001,true,false,1.4099999999990296
unitbox_c_10_10_3_100.jl,8,2.8079265058217982e-8,true,-11.450000318656995,-11.450000000000001,true,true,0.7499999999995908
unitbox_c_10_10_3_100.jl,8,2.000000018063087,true,-11.450000318656995,-6.840000000000001,true,true,0.4499999999998458
unitbox_c_10_10_3_100.jl,8,1.0000000089087775,true,-11.450000318656995,-9.97,true,true,3.3000000000070444
unitbox_c_10_10_3_100.jl,8,1.0000000045697959,true,-11.450000318656995,-11.299999999999999,true,true,2.4600000000015414
unitbox_c_10_10_3_100.jl,8,1.7320508204391425,true,-11.450000318656995,-10.629999999999999,true,true,3.210000000006455
unitbox_c_10_10_3_100.jl,8,1.4358117046144891,true,-11.450000318656995,-11.302731242040094,true,true,1.919999999998596
unitbox_c_10_10_3_100.jl,8,1.414213571612974,true,-11.450000318656995,-11.790000000000001,true,true,1.4099999999990296
unitbox_c_10_10_3_100.jl,8,1.414213571612974,true,-11.450000318656995,-11.790000000000001,true,true,0.5699999999997438
unitbox_c_10_10_3_100.jl,8,1.4143849661888586,true,-11.450000318656995,-11.749444694906238,true,true,2.159999999999576
unitbox_c_10_10_3_100.jl,8,1.414213571612974,true,-11.450000318656995,-11.790000000000001,true,true,1.439999999999004
unitbox_c_10_10_3_100.jl,8,2.8079265058217982e-8,true,-11.450000318656995,-11.450000000000001,true,true,2.490000000001738
unitbox_c_10_10_3_100.jl,8,1.4142135746810973,true,-11.450000318656995,-10.21,true,true,1.379999999999055
unitbox_c_10_10_3_100.jl,8,2.8079265058217982e-8,true,-11.450000318656995,-11.450000000000001,true,true,0.7799999999995653
unitbox_c_10_10_3_100.jl,8,2.8079265058217982e-8,true,-11.450000318656995,-11.450000000000001,true,true,0.8399999999995142
unitbox_c_10_10_3_100.jl,8,2.8079265058217982e-8,true,-11.450000318656995,-11.450000000000001,true,true,5.609999999998345
unitbox_c_10_10_3_100.jl,8,2.449489765164668,true,-11.450000318656995,-6.37,true,true,0.8099999999995398
unitbox_c_10_10_3_100.jl,8,1.7320508228922968,true,-11.450000318656995,-8.989999999999998,true,true,7.529999999982501
unitbox_c_10_10_3_100.jl,8,2.827489117876469,true,-11.450000318656995,-3.722493060810388,true,true,1.859999999998647
unitbox_c_10_10_3_100.jl,8,1.7350588367081705,true,-11.450000318656995,-8.694949389405016,true,true,8.18999999998268
unitbox_c_10_10_3_100.jl,8,1.0000000045697959,true,-11.450000318656995,-11.299999999999999,true,true,0.8099999999995398
unitbox_c_10_10_3_100.jl,16,1.414213571612974,true,-11.450000318656995,-11.790000000000001,true,false,8.399999999987164
unitbox_c_10_10_3_100.jl,16,1.414213571612974,true,-11.450000318656995,-11.790000000000001,true,true,8.969999999999336
unitbox_c_10_10_3_100.jl,16,2.8079265058217982e-8,true,-11.450000318656995,-11.450000000000001,true,true,0.8699999999994887
unitbox_c_10_10_3_100.jl,16,2.8079265058217982e-8,true,-11.450000318656995,-11.450000000000001,true,true,0.7499999999995908
unitbox_c_10_10_3_100.jl,16,1.414213571612974,true,-11.450000318656995,-11.790000000000001,true,true,4.950000000003791
unitbox_c_10_10_3_100.jl,16,1.414213571612974,true,-11.450000318656995,-11.790000000000001,true,true,0.7199999999996163
unitbox_c_10_10_3_100.jl,16,1.414213571612974,true,-11.450000318656995,-11.790000000000001,true,true,6.119999999994136
unitbox_c_10_10_3_100.jl,16,1.414213571612974,true,-11.450000318656995,-11.790000000000001,true,true,1.2599999999991571
unitbox_c_10_10_3_100.jl,16,1.414213571612974,true,-11.450000318656995,-11.790000000000001,true,true,5.639999999998097
unitbox_c_10_10_3_100.jl,16,1.414213571612974,true,-11.450000318656995,-11.790000000000001,true,true,8.129999999981399
unitbox_c_10_10_3_100.jl,16,2.8079265058217982e-8,true,-11.450000318656995,-11.450000000000001,true,true,1.0199999999993612
unitbox_c_10_10_3_100.jl,16,1.414213571612974,true,-11.450000318656995,-11.790000000000001,true,true,5.040000000003048
unitbox_c_10_10_3_100.jl,16,2.8079265058217982e-8,true,-11.450000318656995,-11.450000000000001,true,true,2.940000000004686
unitbox_c_10_10_3_100.jl,16,1.414213571612974,true,-11.450000318656995,-11.790000000000001,true,true,4.890000000004286
unitbox_c_10_10_3_100.jl,16,1.414213571612974,true,-11.450000318656995,-11.790000000000001,true,true,6.719999999989185
unitbox_c_10_10_3_100.jl,16,1.414213571612974,true,-11.450000318656995,-11.790000000000001,true,true,1.0799999999993102
unitbox_c_10_10_3_100.jl,16,1.414213571612974,true,-11.450000318656995,-11.790000000000001,true,true,0.6599999999996673
unitbox_c_10_10_3_100.jl,16,1.414213571612974,true,-11.450000318656995,-11.790000000000001,true,true,2.280000000000362
unitbox_c_10_10_3_100.jl,16,1.414213571612974,true,-11.450000318656995,-11.790000000000001,true,true,0.7499999999995908
unitbox_c_10_10_3_100.jl,16,1.414213571612974,true,-11.450000318656995,-11.790000000000001,true,true,5.1900000000018105
unitbox_c_10_10_3_100.jl,16,1.414213571612974,true,-11.450000318656995,-11.790000000000001,true,true,4.830000000004781
unitbox_c_10_10_3_100.jl,32,1.414213571612974,true,-11.450000318656995,-11.790000000000001,true,false,0.5999999999997183
unitbox_c_10_10_3_100.jl,32,1.414213571612974,true,-11.450000318656995,-11.790000000000001,true,true,0.6599999999996673
unitbox_c_10_10_3_100.jl,32,1.414213571612974,true,-11.450000318656995,-11.790000000000001,true,true,0.5699999999997438
unitbox_c_10_10_3_100.jl,32,1.414213571612974,true,-11.450000318656995,-11.790000000000001,true,true,0.9899999999993867
unitbox_c_10_10_3_100.jl,32,1.414213571612974,true,-11.450000318656995,-11.790000000000001,true,true,5.819999999996612
unitbox_c_10_10_3_100.jl,32,1.414213571612974,true,-11.450000318656995,-11.790000000000001,true,true,1.379999999999055
unitbox_c_10_10_3_100.jl,32,2.8079265058217982e-8,true,-11.450000318656995,-11.450000000000001,true,true,0.7799999999995653
unitbox_c_10_10_3_100.jl,32,1.414213571612974,true,-11.450000318656995,-11.790000000000001,true,true,4.950000000003791
unitbox_c_10_10_3_100.jl,32,1.414213571612974,true,-11.450000318656995,-11.790000000000001,true,true,2.4000000000011483
unitbox_c_10_10_3_100.jl,32,1.414213571612974,true,-11.450000318656995,-11.790000000000001,true,true,0.7199999999996163
unitbox_c_10_10_3_100.jl,32,1.414213571612974,true,-11.450000318656995,-11.790000000000001,true,true,4.110000000010722
unitbox_c_10_10_3_100.jl,32,2.8079265058217982e-8,true,-11.450000318656995,-11.450000000000001,true,true,0.32999999999994784
unitbox_c_10_10_3_100.jl,32,1.414213571612974,true,-11.450000318656995,-11.790000000000001,true,true,0.7199999999996163
unitbox_c_10_10_3_100.jl,32,1.414213571612974,true,-11.450000318656995,-11.790000000000001,true,true,0.6899999999996418
unitbox_c_10_10_3_100.jl,32,1.414213571612974,true,-11.450000318656995,-11.790000000000001,true,true,5.130000000002306
unitbox_c_10_10_3_100.jl,32,1.414213571612974,true,-11.450000318656995,-11.790000000000001,true,true,0.5999999999997183
unitbox_c_10_10_3_100.jl,32,1.414213571612974,true,-11.450000318656995,-11.790000000000001,true,true,1.4099999999990296
unitbox_c_10_10_3_100.jl,32,1.414213571612974,true,-11.450000318656995,-11.790000000000001,true,true,5.340000000000573
unitbox_c_10_10_3_100.jl,32,1.414213571612974,true,-11.450000318656995,-11.790000000000001,true,true,1.0499999999993357
unitbox_c_10_10_3_100.jl,32,1.414213571612974,true,-11.450000318656995,-11.790000000000001,true,true,2.7600000000035068
unitbox_c_10_10_3_100.jl,32,2.8079265058217982e-8,true,-11.450000318656995,-11.450000000000001,true,true,0.5999999999997183
unitbox_c_10_10_3_50.jl,0,1.7320508186292536,true,-8.600000202584562,-10.299999999999999,true,false,1.3499999999990806
unitbox_c_10_10_3_50.jl,0,1.7320508186292536,true,-8.600000202584562,-10.299999999999999,true,true,0.6299999999996928
unitbox_c_10_10_3_50.jl,0,1.7320508186292536,true,-8.600000202584562,-10.299999999999999,true,true,1.0799999999993102
unitbox_c_10_10_3_50.jl,0,2.508644279098992e-8,true,-8.600000202584562,-8.6,true,true,3.4800000000082236
unitbox_c_10_10_3_50.jl,0,1.7320508186292536,true,-8.600000202584562,-10.299999999999999,true,true,0.8699999999994887
unitbox_c_10_10_3_50.jl,0,1.7320508186292536,true,-8.600000202584562,-10.299999999999999,true,true,1.2299999999991826
unitbox_c_10_10_3_50.jl,0,1.7320508186292536,true,-8.600000202584562,-10.299999999999999,true,true,0.8399999999995142
unitbox_c_10_10_3_50.jl,0,1.7320508186292536,true,-8.600000202584562,-10.299999999999999,true,true,2.7300000000033102
unitbox_c_10_10_3_50.jl,0,1.7320508186292536,true,-8.600000202584562,-10.299999999999999,true,true,4.950000000003791
unitbox_c_10_10_3_50.jl,0,1.7320508186292536,true,-8.600000202584562,-10.299999999999999,true,true,0.8399999999995142
unitbox_c_10_10_3_50.jl,0,2.508644279098992e-8,true,-8.600000202584562,-8.6,true,true,2.2500000000001656
unitbox_c_10_10_3_50.jl,0,2.508644279098992e-8,true,-8.600000202584562,-8.6,true,true,1.5299999999989276
unitbox_c_10_10_3_50.jl,0,1.7320508186292536,true,-8.600000202584562,-10.299999999999999,true,true,0.8399999999995142
unitbox_c_10_10_3_50.jl,0,1.7320508186292536,true,-8.600000202584562,-10.299999999999999,true,true,2.099999999999183
unitbox_c_10_10_3_50.jl,0,1.7320508186292536,true,-8.600000202584562,-10.299999999999999,true,true,0.3899999999998968
unitbox_c_10_10_3_50.jl,0,1.7320508186292536,true,-8.600000202584562,-10.299999999999999,true,true,1.379999999999055
unitbox_c_10_10_3_50.jl,0,1.7320508186292536,true,-8.600000202584562,-10.299999999999999,true,true,2.550000000002131
unitbox_c_10_10_3_50.jl,0,1.7320508186292536,true,-8.600000202584562,-10.299999999999999,true,true,0.6299999999996928
unitbox_c_10_10_3_50.jl,0,1.7320508186292536,true,-8.600000202584562,-10.299999999999999,true,true,0.6299999999996928
unitbox_c_10_10_3_50.jl,0,1.7320508186292536,true,-8.600000202584562,-10.299999999999999,true,true,0.8399999999995142
unitbox_c_10_10_3_50.jl,0,1.7320508186292536,true,-8.600000202584562,-10.299999999999999,true,true,2.2500000000001656
unitbox_c_10_10_3_50.jl,8,2.508644279098992e-8,true,-8.600000202584562,-8.6,true,false,1.319999999999106
unitbox_c_10_10_3_50.jl,8,1.7320508173539302,true,-8.600000202584562,-8.719999999999999,true,true,0.5099999999997948
unitbox_c_10_10_3_50.jl,8,1.7320508186292536,true,-8.600000202584562,-10.299999999999999,true,true,7.919999999979283
unitbox_c_10_10_3_50.jl,8,1.7320508186292536,true,-8.600000202584562,-10.299999999999999,true,true,1.919999999998596
unitbox_c_10_10_3_50.jl,8,1.7320508186292536,true,-8.600000202584562,-10.299999999999999,true,true,0.8399999999995142
unitbox_c_10_10_3_50.jl,8,1.7320508186292536,true,-8.600000202584562,-10.299999999999999,true,true,0.7799999999995653
unitbox_c_10_10_3_50.jl,8,2.0000000108246994,true,-8.600000202584562,-8.76,true,true,4.470000000007752
unitbox_c_10_10_3_50.jl,8,1.0000000024922653,true,-8.600000202584562,-8.26,true,true,1.9499999999985704
unitbox_c_10_10_3_50.jl,8,1.7320508173539302,true,-8.600000202584562,-8.719999999999999,true,true,0.6599999999996673
unitbox_c_10_10_3_50.jl,8,1.7320508186292536,true,-8.600000202584562,-10.299999999999999,true,true,1.0499999999993357
unitbox_c_10_10_3_50.jl,8,1.7320508209846395,true,-8.600000202584562,-7.59,true,true,7.679999999981264
unitbox_c_10_10_3_50.jl,8,1.7320508186292536,true,-8.600000202584562,-10.299999999999999,true,true,3.8700000000107786
unitbox_c_10_10_3_50.jl,8,1.7320508209846395,true,-8.600000202584562,-7.59,true,true,6.959999999987205
unitbox_c_10_10_3_50.jl,8,1.7320508186292536,true,-8.600000202584562,-10.299999999999999,true,true,4.770000000005276
unitbox_c_10_10_3_50.jl,8,1.4142135706495906,true,-8.600000202584562,-9.28,true,true,0.8399999999995142
unitbox_c_10_10_3_50.jl,8,1.7320508186292536,true,-8.600000202584562,-10.299999999999999,true,true,7.529999999982501
unitbox_c_10_10_3_50.jl,8,1.7320508186292536,true,-8.600000202584562,-10.299999999999999,true,true,1.8299999999986725
unitbox_c_10_10_3_50.jl,8,2.0000000128645237,true,-8.600000202584562,-7.52,true,true,3.900000000010975
unitbox_c_10_10_3_50.jl,8,1.7320508186292536,true,-8.600000202584562,-10.299999999999999,true,true,0.6899999999996418
unitbox_c_10_10_3_50.jl,8,1.7320508186292536,true,-8.600000202584562,-10.299999999999999,true,true,2.7000000000031137
unitbox_c_10_10_3_50.jl,8,1.0000000024922653,true,-8.600000202584562,-8.26,true,true,0.6599999999996673
unitbox_c_10_10_3_50.jl,16,2.508644279098992e-8,true,-8.600000202584562,-8.6,true,false,1.739999999998749
unitbox_c_10_10_3_50.jl,16,2.508644279098992e-8,true,-8.600000202584562,-8.6,true,true,3.0900000000056687
unitbox_c_10_10_3_50.jl,16,1.7320508186292536,true,-8.600000202584562,-10.299999999999999,true,true,3.780000000010189
unitbox_c_10_10_3_50.jl,16,1.7320508186292536,true,-8.600000202584562,-10.299999999999999,true,true,1.4099999999990296
unitbox_c_10_10_3_50.jl,16,1.7320508186292536,true,-8.600000202584562,-10.299999999999999,true,true,1.2299999999991826
unitbox_c_10_10_3_50.jl,16,1.7320508186292536,true,-8.600000202584562,-10.299999999999999,true,true,0.7799999999995653
unitbox_c_10_10_3_50.jl,16,1.7320508186292536,true,-8.600000202584562,-10.299999999999999,true,true,2.7900000000037033
unitbox_c_10_10_3_50.jl,16,1.7320508186292536,true,-8.600000202584562,-10.299999999999999,true,true,1.1099999999992847
unitbox_c_10_10_3_50.jl,16,1.7320508186292536,true,-8.600000202584562,-10.299999999999999,true,true,1.1099999999992847
unitbox_c_10_10_3_50.jl,16,1.7320508186292536,true,-8.600000202584562,-10.299999999999999,true,true,4.680000000006019
unitbox_c_10_10_3_50.jl,16,2.508644279098992e-8,true,-8.600000202584562,-8.6,true,true,2.7900000000037033
unitbox_c_10_10_3_50.jl,16,1.7320508186292536,true,-8.600000202584562,-10.299999999999999,true,true,2.1299999999993795
unitbox_c_10_10_3_50.jl,16,1.7320508186292536,true,-8.600000202584562,-10.299999999999999,true,true,5.789999999996859
unitbox_c_10_10_3_50.jl,16,1.7320508186292536,true,-8.600000202584562,-10.299999999999999,true,true,3.330000000007241
unitbox_c_10_10_3_50.jl,16,1.7320508186292536,true,-8.600000202584562,-10.299999999999999,true,true,0.8099999999995398
unitbox_c_10_10_3_50.jl,16,1.7320508186292536,true,-8.600000202584562,-10.299999999999999,true,true,0.9299999999994377
unitbox_c_10_10_3_50.jl,16,1.7320508186292536,true,-8.600000202584562,-10.299999999999999,true,true,0.6899999999996418
unitbox_c_10_10_3_50.jl,16,2.508644279098992e-8,true,-8.600000202584562,-8.6,true,true,3.8100000000103855
unitbox_c_10_10_3_50.jl,16,2.508644279098992e-8,true,-8.600000202584562,-8.6,true,true,3.7500000000099925
unitbox_c_10_10_3_50.jl,16,1.7320508186292536,true,-8.600000202584562,-10.299999999999999,true,true,0.9599999999994122
unitbox_c_10_10_3_50.jl,16,1.7320508186292536,true,-8.600000202584562,-10.299999999999999,true,true,0.7799999999995653
unitbox_c_10_10_3_50.jl,32,2.508644279098992e-8,true,-8.600000202584562,-8.6,true,false,3.960000000011368
unitbox_c_10_10_3_50.jl,32,1.7320508186292536,true,-8.600000202584562,-10.299999999999999,true,true,0.7199999999996163
unitbox_c_10_10_3_50.jl,32,1.7320508186292536,true,-8.600000202584562,-10.299999999999999,true,true,2.2500000000001656
unitbox_c_10_10_3_50.jl,32,2.508644279098992e-8,true,-8.600000202584562,-8.6,true,true,3.4200000000078306
unitbox_c_10_10_3_50.jl,32,1.7320508186292536,true,-8.600000202584562,-10.299999999999999,true,true,1.1099999999992847
unitbox_c_10_10_3_50.jl,32,2.508644279098992e-8,true,-8.600000202584562,-8.6,true,true,3.720000000009796
unitbox_c_10_10_3_50.jl,32,1.7320508186292536,true,-8.600000202584562,-10.299999999999999,true,true,1.379999999999055
unitbox_c_10_10_3_50.jl,32,1.7320508186292536,true,-8.600000202584562,-10.299999999999999,true,true,0.8099999999995398
unitbox_c_10_10_3_50.jl,32,2.508644279098992e-8,true,-8.600000202584562,-8.6,true,true,3.7500000000099925
unitbox_c_10_10_3_50.jl,32,1.7320508186292536,true,-8.600000202584562,-10.299999999999999,true,true,0.8999999999994632
unitbox_c_10_10_3_50.jl,32,2.508644279098992e-8,true,-8.600000202584562,-8.6,true,true,4.890000000004286
unitbox_c_10_10_3_50.jl,32,1.7320508186292536,true,-8.600000202584562,-10.299999999999999,true,true,2.9100000000044894
unitbox_c_10_10_3_50.jl,32,1.7320508186292536,true,-8.600000202584562,-10.299999999999999,true,true,0.6899999999996418
unitbox_c_10_10_3_50.jl,32,1.7320508186292536,true,-8.600000202584562,-10.299999999999999,true,true,1.379999999999055
unitbox_c_10_10_3_50.jl,32,1.7320508186292536,true,-8.600000202584562,-10.299999999999999,true,true,3.660000000009403
unitbox_c_10_10_3_50.jl,32,1.7320508186292536,true,-8.600000202584562,-10.299999999999999,true,true,0.7799999999995653
unitbox_c_10_10_3_50.jl,32,1.7320508186292536,true,-8.600000202584562,-10.299999999999999,true,true,1.2299999999991826
unitbox_c_10_10_3_50.jl,32,1.7320508186292536,true,-8.600000202584562,-10.299999999999999,true,true,0.7799999999995653
unitbox_c_10_10_3_50.jl,32,1.7320508186292536,true,-8.600000202584562,-10.299999999999999,true,true,1.2299999999991826
unitbox_c_10_10_3_50.jl,32,1.7320508186292536,true,-8.600000202584562,-10.299999999999999,true,true,1.0199999999993612
unitbox_c_10_10_3_50.jl,32,2.508644279098992e-8,true,-8.600000202584562,-8.6,true,true,1.7699999999987235
unitbox_c_10_15_1_100.jl,0,1.5292281522882913,true,-11.63646049982129,-10.033177724481932,true,false,9.690000000014711
unitbox_c_10_15_1_100.jl,0,0.017541408146488285,false,-11.63646049982129,-11.616599534168916,false,true,10.000020000021332
unitbox_c_10_15_1_100.jl,0,1.1620768932918197,true,-11.63646049982129,-10.91662343577307,true,true,4.9200000000040385
unitbox_c_10_15_1_100.jl,0,1.8262091065933634,true,-11.63646049982129,-10.40409091551836,true,true,7.049999999986462
unitbox_c_10_15_1_100.jl,0,0.031581331305970656,false,-11.63646049982129,-11.653219788988414,false,true,10.000020000021332
unitbox_c_10_15_1_100.jl,0,0.02867433656354597,false,-11.63646049982129,-11.62709133154106,false,true,10.000020000021332
unitbox_c_10_15_1_100.jl,0,0.029830133695066232,false,-11.63646049982129,-11.652710986789462,false,true,10.000020000021332
unitbox_c_10_15_1_100.jl,0,0.02731588513576917,false,-11.63646049982129,-11.652075207535718,false,true,10.000020000021332
unitbox_c_10_15_1_100.jl,0,1.8262101692813553,true,-11.63646049982129,-10.4040477852899,true,true,6.689999999989433
unitbox_c_10_15_1_100.jl,0,0.012416509550574589,false,-11.63646049982129,-11.650068043511839,false,true,10.000020000021332
unitbox_c_10_15_1_100.jl,0,1.8262105699824058,true,-11.63646049982129,-10.404031529055926,true,true,6.419999999991661
unitbox_c_10_15_1_100.jl,0,0.034998406838006514,false,-11.63646049982129,-11.654451020286714,false,true,10.000020000021332
unitbox_c_10_15_1_100.jl,0,0.039095557340403965,false,-11.63646049982129,-11.620355750929635,false,true,10.000020000021332
unitbox_c_10_15_1_100.jl,0,1.826209511729959,true,-11.63646049982129,-10.40407446965016,true,true,6.449999999991413
unitbox_c_10_15_1_100.jl,0,0.04084520271151296,false,-11.63646049982129,-11.627211630506196,false,true,10.000020000021332
unitbox_c_10_15_1_100.jl,0,1.8262096446311424,true,-11.63646049982129,-10.40406907554716,true,true,6.509999999990918
unitbox_c_10_15_1_100.jl,0,0.046720725554245744,false,-11.63646049982129,-11.614783948761897,false,true,10.000020000021332
unitbox_c_10_15_1_100.jl,0,0.008723894601786748,false,-11.63646049982129,-11.648584949304418,false,true,10.000020000021332
unitbox_c_10_15_1_100.jl,0,0.01855636896850171,false,-11.63646049982129,-11.617647842575774,false,true,10.000020000021332
unitbox_c_10_15_1_100.jl,0,0.03353289572863704,false,-11.63646049982129,-11.629048734590192,false,true,10.000020000021332
unitbox_c_10_15_1_100.jl,0,1.529226097445718,true,-11.63646049982129,-10.033204177305993,true,true,9.18000000000382
unitbox_c_10_15_1_100.jl,8,1.5086666988903783,false,-11.63646049982129,-10.001493498530948,false,false,10.000020000021332
unitbox_c_10_15_1_100.jl,8,1.1309483075963482,false,-11.63646049982129,-10.007822102642248,false,true,7.079999999986215
unitbox_c_10_15_1_100.jl,8,1.811183014756307,false,-11.63646049982129,-9.0894935541082,false,true,5.54999999999884
unitbox_c_10_15_1_100.jl,8,1.1043237280829943,false,-11.63646049982129,-11.896880911569452,false,true,10.000020000021332
unitbox_c_10_15_1_100.jl,8,1.9026929061514741,false,-11.63646049982129,-9.642126081857976,false,true,8.21999999998332
unitbox_c_10_15_1_100.jl,8,0.5116294249011539,false,-11.63646049982129,-12.376954990997792,false,true,5.699999999997602
unitbox_c_10_15_1_100.jl,8,1.3138422681727093,false,-11.63646049982129,-9.19779473564165,true,true,8.909999999998055
unitbox_c_10_15_1_100.jl,8,1.8456924850383163,false,-11.63646049982129,-10.101424124648286,true,true,5.160000000002058
unitbox_c_10_15_1_100.jl,8,0.5532904362617277,false,-11.63646049982129,-11.984221516420163,false,true,10.000020000021332
unitbox_c_10_15_1_100.jl,8,0.2732445503258933,false,-11.63646049982129,-12.09640048908532,false,true,10.000020000021332
unitbox_c_10_15_1_100.jl,8,0.5708251391229137,false,-11.63646049982129,-11.590189618977899,false,true,10.000020000021332
unitbox_c_10_15_1_100.jl,8,1.394291812275878,false,-11.63646049982129,-9.328131964064111,true,true,10.000020000021332
unitbox_c_10_15_1_100.jl,8,0.24724108292513344,false,-11.63646049982129,-12.116900847742437,false,true,10.000020000021332
unitbox_c_10_15_1_100.jl,8,0.39148155439008525,false,-11.63646049982129,-11.328763310132112,false,true,10.000020000021332
unitbox_c_10_15_1_100.jl,8,1.147818522275188,false,-11.63646049982129,-11.136790047567988,false,true,6.389999999991908
unitbox_c_10_15_1_100.jl,8,0.7465893067902178,false,-11.63646049982129,-10.381650016298089,false,true,10.000020000021332
unitbox_c_10_15_1_100.jl,8,1.5873063831733172,false,-11.63646049982129,-10.59378462532605,false,true,10.000020000021332
unitbox_c_10_15_1_100.jl,8,1.82451855755983,false,-11.63646049982129,-10.451493038348259,false,true,10.000020000021332
unitbox_c_10_15_1_100.jl,8,0.1669130364111676,false,-11.63646049982129,-11.294890143147567,false,true,10.000020000021332
unitbox_c_10_15_1_100.jl,8,1.27532682794712,false,-11.63646049982129,-10.55230665934552,false,true,9.270000000005743
unitbox_c_10_15_1_100.jl,8,0.4999816683649432,false,-11.63646049982129,-12.822615858921715,false,true,7.499999999982749
unitbox_c_10_15_1_100.jl,16,0.0405675680715503,false,-11.63646049982129,-11.645887610072574,false,false,10.000020000021332
unitbox_c_10_15_1_100.jl,16,0.052568644028746454,false,-11.63646049982129,-11.658565112617497,false,true,10.000020000021332
unitbox_c_10_15_1_100.jl,16,0.008229205205073396,false,-11.63646049982129,-11.601394457964279,true,true,10.000020000021332
unitbox_c_10_15_1_100.jl,16,0.03906521836076993,false,-11.63646049982129,-11.641436258965047,false,true,10.000020000021332
unitbox_c_10_15_1_100.jl,16,0.025722536011974446,false,-11.63646049982129,-11.642714777004828,false,true,10.000020000021332
unitbox_c_10_15_1_100.jl,16,1.1615581303249976,false,-11.63646049982129,-10.924215498301475,false,true,6.8699999999879475
unitbox_c_10_15_1_100.jl,16,0.040025042300178296,false,-11.63646049982129,-11.64214352339516,false,true,10.000020000021332
unitbox_c_10_15_1_100.jl,16,1.8261768141810002,false,-11.63646049982129,-10.405413924482232,false,true,7.619999999981759
unitbox_c_10_15_1_100.jl,16,0.008311553397982336,false,-11.63646049982129,-11.653388399731922,false,true,10.000020000021332
unitbox_c_10_15_1_100.jl,16,1.1621651000434439,false,-11.63646049982129,-10.915335245280005,true,true,6.8999999999877
unitbox_c_10_15_1_100.jl,16,0.0573870196533424,false,-11.63646049982129,-11.667345796530205,false,true,10.000020000021332
unitbox_c_10_15_1_100.jl,16,0.007913404473667932,false,-11.63646049982129,-11.605805944921752,true,true,10.000020000021332
unitbox_c_10_15_1_100.jl,16,1.1621115596493945,false,-11.63646049982129,-10.916117067331538,true,true,5.819999999996612
unitbox_c_10_15_1_100.jl,16,1.826065772092813,false,-11.63646049982129,-10.410164113225392,false,true,6.929999999987452
unitbox_c_10_15_1_100.jl,16,0.007586801673033124,false,-11.63646049982129,-11.65089336015917,false,true,10.000020000021332
unitbox_c_10_15_1_100.jl,16,0.00503147821290347,false,-11.63646049982129,-11.643962546665076,false,true,10.000020000021332
unitbox_c_10_15_1_100.jl,16,0.02773808745562993,false,-11.63646049982129,-11.639564303188406,false,true,10.000020000021332
unitbox_c_10_15_1_100.jl,16,0.028346150311742202,false,-11.63646049982129,-11.639902848448276,false,true,10.000020000021332
unitbox_c_10_15_1_100.jl,16,1.826228395168129,false,-11.63646049982129,-10.403311990655821,true,true,7.919999999979283
unitbox_c_10_15_1_100.jl,16,1.1620164761197886,false,-11.63646049982129,-10.917506233744414,false,true,6.119999999994136
unitbox_c_10_15_1_100.jl,16,1.8263095720672984,false,-11.63646049982129,-10.40011980318017,true,true,6.209999999993394
unitbox_c_10_15_1_100.jl,32,1.5292076826766285,false,-11.63646049982129,-10.033442331149674,false,false,10.000020000021332
unitbox_c_10_15_1_100.jl,32,1.8262098002585654,true,-11.63646049982129,-10.40406275955332,true,true,6.389999999991908
unitbox_c_10_15_1_100.jl,32,1.1620740545906498,true,-11.63646049982129,-10.916664905796905,true,true,6.179999999993641
unitbox_c_10_15_1_100.jl,32,1.162072421865126,true,-11.63646049982129,-10.916688758329126,true,true,5.939999999995622
unitbox_c_10_15_1_100.jl,32,0.023852093341370572,false,-11.63646049982129,-11.651218143747684,false,true,10.000020000021332
unitbox_c_10_15_1_100.jl,32,0.02674940076190861,false,-11.63646049982129,-11.625542915148388,false,true,10.000020000021332
unitbox_c_10_15_1_100.jl,32,0.004248137944943822,false,-11.63646049982129,-11.649496950596726,false,true,10.000020000021332
unitbox_c_10_15_1_100.jl,32,0.018532619505820403,false,-11.63646049982129,-11.617602032493776,false,true,10.000020000021332
unitbox_c_10_15_1_100.jl,32,1.5292194743673324,false,-11.63646049982129,-10.033478176800449,false,true,10.000020000021332
unitbox_c_10_15_1_100.jl,32,0.05601952575443449,false,-11.63646049982129,-11.667038479980889,false,true,10.000020000021332
unitbox_c_10_15_1_100.jl,32,1.8262118763346016,true,-11.63646049982129,-10.403978556116686,true,true,7.649999999981511
unitbox_c_10_15_1_100.jl,32,0.027113871071676253,false,-11.63646049982129,-11.632946071416937,false,true,10.000020000021332
unitbox_c_10_15_1_100.jl,32,1.8262101098277541,true,-11.63646049982129,-10.404050197599842,true,true,7.619999999981759
unitbox_c_10_15_1_100.jl,32,0.04100294890390523,false,-11.63646049982129,-11.626796593166727,false,true,10.000020000021332
unitbox_c_10_15_1_100.jl,32,0.0521773876207877,false,-11.63646049982129,-11.665969433743369,false,true,10.000020000021332
unitbox_c_10_15_1_100.jl,32,0.014404212526622169,false,-11.63646049982129,-11.61370589914824,false,true,10.000020000021332
unitbox_c_10_15_1_100.jl,32,1.826209828967856,true,-11.63646049982129,-10.404061594473191,true,true,7.01999999998671
unitbox_c_10_15_1_100.jl,32,1.5292282988385675,true,-11.63646049982129,-10.033198490008187,true,true,9.300000000006383
unitbox_c_10_15_1_100.jl,32,1.8262093828651593,true,-11.63646049982129,-10.404079700307653,true,true,6.749999999988938
unitbox_c_10_15_1_100.jl,32,0.02309224827587135,false,-11.63646049982129,-11.622167356548866,false,true,10.000020000021332
unitbox_c_10_15_1_100.jl,32,0.046617298910101974,false,-11.63646049982129,-11.607344468318626,false,true,10.000020000021332
unitbox_c_10_15_1_50.jl,0,1.9466030223016044,false,-5.390000158863376,-5.505013500856025,false,false,10.000020000021332
unitbox_c_10_15_1_50.jl,0,1.8092942288329954,false,-5.390000158863376,-5.095777744683643,true,true,10.000020000021332
unitbox_c_10_15_1_50.jl,0,2.5339731157252614e-8,true,-5.390000158863376,-5.390000000000001,true,true,5.699999999997602
unitbox_c_10_15_1_50.jl,0,1.8368275632449547,false,-5.390000158863376,-5.194882941243591,true,true,10.000020000021332
unitbox_c_10_15_1_50.jl,0,1.4142135646450669,true,-5.390000158863376,-5.38,true,true,1.3499999999990806
unitbox_c_10_15_1_50.jl,0,1.809226758561619,false,-5.390000158863376,-5.095516279622165,true,true,10.000020000021332
unitbox_c_10_15_1_50.jl,0,2.5339731157252614e-8,true,-5.390000158863376,-5.390000000000001,true,true,2.550000000002131
unitbox_c_10_15_1_50.jl,0,2.5339731157252614e-8,true,-5.390000158863376,-5.390000000000001,true,true,1.0199999999993612
unitbox_c_10_15_1_50.jl,0,1.8350001919062457,false,-5.390000158863376,-5.188056765654057,true,true,10.000020000021332
unitbox_c_10_15_1_50.jl,0,2.5339731157252614e-8,true,-5.390000158863376,-5.390000000000001,true,true,1.7699999999987235
unitbox_c_10_15_1_50.jl,0,2.5339731157252614e-8,true,-5.390000158863376,-5.390000000000001,true,true,6.149999999993889
unitbox_c_10_15_1_50.jl,0,2.5339731157252614e-8,true,-5.390000158863376,-5.390000000000001,true,true,1.1099999999992847
unitbox_c_10_15_1_50.jl,0,2.5339731157252614e-8,true,-5.390000158863376,-5.390000000000001,true,true,2.670000000002917
unitbox_c_10_15_1_50.jl,0,2.587656774677651,true,-5.390000158863376,-1.9733150668281532,true,true,4.890000000004286
unitbox_c_10_15_1_50.jl,0,1.9325128905474893,false,-5.390000158863376,-5.469942606464195,false,true,10.000020000021332
unitbox_c_10_15_1_50.jl,0,1.4142135646450669,true,-5.390000158863376,-5.38,true,true,3.780000000010189
unitbox_c_10_15_1_50.jl,0,1.8626854756182014,false,-5.390000158863376,-5.271999261591494,true,true,10.000020000021332
unitbox_c_10_15_1_50.jl,0,2.5339731157252614e-8,true,-5.390000158863376,-5.390000000000001,true,true,5.819999999996612
unitbox_c_10_15_1_50.jl,0,1.809308928916867,false,-5.390000158863376,-5.095834697189095,true,true,10.000020000021332
unitbox_c_10_15_1_50.jl,0,1.4142135646450669,true,-5.390000158863376,-5.38,true,true,0.8099999999995398
unitbox_c_10_15_1_50.jl,0,2.23591198336184,true,-5.390000158863376,-2.5599895331735074,true,true,1.2599999999991571
unitbox_c_10_15_1_50.jl,8,1.4142135646450669,true,-5.390000158863376,-5.38,true,false,2.6400000000027206
unitbox_c_10_15_1_50.jl,8,2.0165706192324824,false,-5.390000158863376,-5.186263258759983,false,true,10.000020000021332
unitbox_c_10_15_1_50.jl,8,2.000000010360671,true,-5.390000158863376,-5.630000000000001,false,true,5.879999999996117
unitbox_c_10_15_1_50.jl,8,1.995382926960402,false,-5.390000158863376,-5.46338694390592,false,true,10.000020000021332
unitbox_c_10_15_1_50.jl,8,0.999999995380131,true,-5.390000158863376,-5.22,true,true,0.9599999999994122
unitbox_c_10_15_1_50.jl,8,1.6762320902716759,true,-5.390000158863376,-4.805034166208115,true,true,10.000020000021332
unitbox_c_10_15_1_50.jl,8,0.7987508641959687,true,-5.390000158863376,-5.254212352301308,true,true,10.000020000021332
unitbox_c_10_15_1_50.jl,8,1.4406958866458537,false,-5.390000158863376,-5.223271115679198,true,true,10.000020000021332
unitbox_c_10_15_1_50.jl,8,2.007587909129732,false,-5.390000158863376,-5.190355487202116,false,true,10.000020000021332
unitbox_c_10_15_1_50.jl,8,2.2360679971578143,true,-5.390000158863376,-2.19,true,true,3.0900000000056687
unitbox_c_10_15_1_50.jl,8,1.1833992158007207,true,-5.390000158863376,-5.321247729871217,true,true,1.499999999998953
unitbox_c_10_15_1_50.jl,8,1.7320508075822796,true,-5.390000158863376,-4.779999999999999,true,true,1.859999999998647
unitbox_c_10_15_1_50.jl,8,2.2360679918224005,true,-5.390000158863376,-2.56,true,true,4.110000000010722
unitbox_c_10_15_1_50.jl,8,1.9073179363188542,false,-5.390000158863376,-5.404501917969012,false,true,10.000020000021332
unitbox_c_10_15_1_50.jl,8,2.450177756199435,true,-5.390000158863376,-2.329938785530412,true,true,10.000020000021332
unitbox_c_10_15_1_50.jl,8,0.9985725676800266,true,-5.390000158863376,-5.220242662709018,true,true,2.3100000000005587
unitbox_c_10_15_1_50.jl,8,1.7320508075822796,true,-5.390000158863376,-4.779999999999999,true,true,4.590000000006762
unitbox_c_10_15_1_50.jl,8,1.8945188070617092,false,-5.390000158863376,-5.369705953867292,false,true,10.000020000021332
unitbox_c_10_15_1_50.jl,8,1.4142135568507967,true,-5.390000158863376,-5.03,true,true,1.8899999999986214
unitbox_c_10_15_1_50.jl,8,2.5339731157252614e-8,true,-5.390000158863376,-5.390000000000001,true,true,1.919999999998596
unitbox_c_10_15_1_50.jl,8,1.4142135646450669,true,-5.390000158863376,-5.38,true,true,5.54999999999884
unitbox_c_10_15_1_50.jl,16,2.5339731157252614e-8,true,-5.390000158863376,-5.390000000000001,true,false,1.439999999999004
unitbox_c_10_15_1_50.jl,16,1.4142135646450669,true,-5.390000158863376,-5.38,true,true,0.6299999999996928
unitbox_c_10_15_1_50.jl,16,2.449489763926194,true,-5.390000158863376,-2.37,true,true,8.609999999991649
unitbox_c_10_15_1_50.jl,16,1.9308935207896758,false,-5.390000158863376,-5.465846183101077,false,true,10.000020000021332
unitbox_c_10_15_1_50.jl,16,2.5339731157252614e-8,true,-5.390000158863376,-5.390000000000001,true,true,6.719999999989185
unitbox_c_10_15_1_50.jl,16,1.4142135646450669,true,-5.390000158863376,-5.38,true,true,3.6300000000092063
unitbox_c_10_15_1_50.jl,16,2.5339731157252614e-8,true,-5.390000158863376,-5.390000000000001,true,true,5.400000000000078
unitbox_c_10_15_1_50.jl,16,2.5339731157252614e-8,true,-5.390000158863376,-5.390000000000001,true,true,5.939999999995622
unitbox_c_10_15_1_50.jl,16,2.5339731157252614e-8,true,-5.390000158863376,-5.390000000000001,true,true,2.370000000000952
unitbox_c_10_15_1_50.jl,16,1.4142135646450669,true,-5.390000158863376,-5.38,true,true,5.819999999996612
unitbox_c_10_15_1_50.jl,16,2.449489763926194,true,-5.390000158863376,-2.37,true,true,1.5299999999989276
unitbox_c_10_15_1_50.jl,16,2.449489763926194,true,-5.390000158863376,-2.37,true,true,2.7900000000037033
unitbox_c_10_15_1_50.jl,16,1.85243643248405,false,-5.390000158863376,-5.245730634464488,true,true,10.000020000021332
unitbox_c_10_15_1_50.jl,16,1.4142135646450669,true,-5.390000158863376,-5.38,true,true,2.1899999999997726
unitbox_c_10_15_1_50.jl,16,2.606784453846967,true,-5.390000158863376,-1.9721637998256787,true,true,3.5400000000086167
unitbox_c_10_15_1_50.jl,16,1.4142135646450669,true,-5.390000158863376,-5.38,true,true,1.6799999999988
unitbox_c_10_15_1_50.jl,16,1.4142135646450669,true,-5.390000158863376,-5.38,true,true,1.979999999998545
unitbox_c_10_15_1_50.jl,16,2.5339731157252614e-8,true,-5.390000158863376,-5.390000000000001,true,true,5.909999999995869
unitbox_c_10_15_1_50.jl,16,1.9417539548242924,false,-5.390000158863376,-5.493056597462491,false,true,10.000020000021332
unitbox_c_10_15_1_50.jl,16,2.2360679918224005,true,-5.390000158863376,-2.56,true,true,1.9499999999985704
unitbox_c_10_15_1_50.jl,16,2.5339731157252614e-8,true,-5.390000158863376,-5.390000000000001,true,true,6.719999999989185
unitbox_c_10_15_1_50.jl,32,1.4142135646450669,true,-5.390000158863376,-5.38,true,false,1.2299999999991826
unitbox_c_10_15_1_50.jl,32,1.8198833270511026,false,-5.390000158863376,-5.135573179742842,true,true,10.000020000021332
unitbox_c_10_15_1_50.jl,32,2.5339731157252614e-8,true,-5.390000158863376,-5.390000000000001,true,true,6.119999999994136
unitbox_c_10_15_1_50.jl,32,2.0430371881321143,true,-5.390000158863376,-2.542514024457692,true,true,1.2299999999991826
unitbox_c_10_15_1_50.jl,32,2.5339731157252614e-8,true,-5.390000158863376,-5.390000000000001,true,true,1.5299999999989276
unitbox_c_10_15_1_50.jl,32,2.5339731157252614e-8,true,-5.390000158863376,-5.390000000000001,true,true,2.7900000000037033
unitbox_c_10_15_1_50.jl,32,2.5339731157252614e-8,true,-5.390000158863376,-5.390000000000001,true,true,0.6899999999996418
unitbox_c_10_15_1_50.jl,32,2.5339731157252614e-8,true,-5.390000158863376,-5.390000000000001,true,true,6.479999999991166
unitbox_c_10_15_1_50.jl,32,2.5339731157252614e-8,true,-5.390000158863376,-5.390000000000001,true,true,6.239999999993146
unitbox_c_10_15_1_50.jl,32,1.8272391902783214,false,-5.390000158863376,-5.161916032013135,true,true,10.000020000021332
unitbox_c_10_15_1_50.jl,32,2.5339731157252614e-8,true,-5.390000158863376,-5.390000000000001,true,true,1.739999999998749
unitbox_c_10_15_1_50.jl,32,2.5339731157252614e-8,true,-5.390000158863376,-5.390000000000001,true,true,5.789999999996859
unitbox_c_10_15_1_50.jl,32,1.4142135646450669,true,-5.390000158863376,-5.38,true,true,4.830000000004781
unitbox_c_10_15_1_50.jl,32,1.8551900479305858,false,-5.390000158863376,-5.25438310669438,true,true,10.000020000021332
unitbox_c_10_15_1_50.jl,32,2.5339731157252614e-8,true,-5.390000158863376,-5.390000000000001,true,true,0.9899999999993867
unitbox_c_10_15_1_50.jl,32,1.4142135646450669,true,-5.390000158863376,-5.38,true,true,1.2299999999991826
unitbox_c_10_15_1_50.jl,32,1.8577471899056401,false,-5.390000158863376,-5.256436572536693,true,true,10.000020000021332
unitbox_c_10_15_1_50.jl,32,2.5339731157252614e-8,true,-5.390000158863376,-5.390000000000001,true,true,6.539999999990671
unitbox_c_10_15_1_50.jl,32,2.5339731157252614e-8,true,-5.390000158863376,-5.390000000000001,true,true,2.8500000000040964
unitbox_c_10_15_1_50.jl,32,2.5339731157252614e-8,true,-5.390000158863376,-5.390000000000001,true,true,6.509999999990918
unitbox_c_10_15_1_50.jl,32,2.5339731157252614e-8,true,-5.390000158863376,-5.390000000000001,true,true,5.849999999996364
unitbox_c_10_15_2_100.jl,0,2.8852930733838003e-8,true,-28.070000530332194,-28.069999999999997,true,false,2.3100000000005587
unitbox_c_10_15_2_100.jl,0,2.8852930733838003e-8,true,-28.070000530332194,-28.069999999999997,true,true,1.1099999999992847
unitbox_c_10_15_2_100.jl,0,2.8852930733838003e-8,true,-28.070000530332194,-28.069999999999997,true,true,0.5099999999997948
unitbox_c_10_15_2_100.jl,0,2.8852930733838003e-8,true,-28.070000530332194,-28.069999999999997,true,true,2.0099999999985934
unitbox_c_10_15_2_100.jl,0,2.8852930733838003e-8,true,-28.070000530332194,-28.069999999999997,true,true,0.4499999999998458
unitbox_c_10_15_2_100.jl,0,2.8852930733838003e-8,true,-28.070000530332194,-28.069999999999997,true,true,0.5399999999997693
unitbox_c_10_15_2_100.jl,0,2.8852930733838003e-8,true,-28.070000530332194,-28.069999999999997,true,true,2.1299999999993795
unitbox_c_10_15_2_100.jl,0,2.8852930733838003e-8,true,-28.070000530332194,-28.069999999999997,true,true,0.6899999999996418
unitbox_c_10_15_2_100.jl,0,2.8852930733838003e-8,true,-28.070000530332194,-28.069999999999997,true,true,1.8899999999986214
unitbox_c_10_15_2_100.jl,0,2.8852930733838003e-8,true,-28.070000530332194,-28.069999999999997,true,true,0.5099999999997948
unitbox_c_10_15_2_100.jl,0,2.8852930733838003e-8,true,-28.070000530332194,-28.069999999999997,true,true,1.6499999999988255
unitbox_c_10_15_2_100.jl,0,2.8852930733838003e-8,true,-28.070000530332194,-28.069999999999997,true,true,0.4799999999998203
unitbox_c_10_15_2_100.jl,0,2.8852930733838003e-8,true,-28.070000530332194,-28.069999999999997,true,true,2.0099999999985934
unitbox_c_10_15_2_100.jl,0,2.8852930733838003e-8,true,-28.070000530332194,-28.069999999999997,true,true,2.7000000000031137
unitbox_c_10_15_2_100.jl,0,2.8852930733838003e-8,true,-28.070000530332194,-28.069999999999997,true,true,1.2299999999991826
unitbox_c_10_15_2_100.jl,0,2.8852930733838003e-8,true,-28.070000530332194,-28.069999999999997,true,true,2.6400000000027206
unitbox_c_10_15_2_100.jl,0,2.8852930733838003e-8,true,-28.070000530332194,-28.069999999999997,true,true,1.5299999999989276
unitbox_c_10_15_2_100.jl,0,2.8852930733838003e-8,true,-28.070000530332194,-28.069999999999997,true,true,1.859999999998647
unitbox_c_10_15_2_100.jl,0,2.8852930733838003e-8,true,-28.070000530332194,-28.069999999999997,true,true,2.1299999999993795
unitbox_c_10_15_2_100.jl,0,2.8852930733838003e-8,true,-28.070000530332194,-28.069999999999997,true,true,0.9299999999994377
unitbox_c_10_15_2_100.jl,0,2.8852930733838003e-8,true,-28.070000530332194,-28.069999999999997,true,true,2.7300000000033102
unitbox_c_10_15_2_100.jl,8,2.8852930733838003e-8,true,-28.070000530332194,-28.069999999999997,true,false,0.6599999999996673
unitbox_c_10_15_2_100.jl,8,2.8852930733838003e-8,true,-28.070000530332194,-28.069999999999997,true,true,0.4499999999998458
unitbox_c_10_15_2_100.jl,8,2.8852930733838003e-8,true,-28.070000530332194,-28.069999999999997,true,true,0.7499999999995908
unitbox_c_10_15_2_100.jl,8,2.8852930733838003e-8,true,-28.070000530332194,-28.069999999999997,true,true,0.3899999999998968
unitbox_c_10_15_2_100.jl,8,2.8852930733838003e-8,true,-28.070000530332194,-28.069999999999997,true,true,0.4499999999998458
unitbox_c_10_15_2_100.jl,8,1.4142135716446398,true,-28.070000530332194,-26.21,true,true,0.5399999999997693
unitbox_c_10_15_2_100.jl,8,1.0000000038678276,true,-28.070000530332194,-27.479999999999993,true,true,0.6599999999996673
unitbox_c_10_15_2_100.jl,8,1.0000000038678276,true,-28.070000530332194,-27.479999999999993,true,true,0.4499999999998458
unitbox_c_10_15_2_100.jl,8,2.8852930733838003e-8,true,-28.070000530332194,-28.069999999999997,true,true,1.319999999999106
unitbox_c_10_15_2_100.jl,8,2.8852930733838003e-8,true,-28.070000530332194,-28.069999999999997,true,true,0.3599999999999223
unitbox_c_10_15_2_100.jl,8,2.8852930733838003e-8,true,-28.070000530332194,-28.069999999999997,true,true,0.6599999999996673
unitbox_c_10_15_2_100.jl,8,2.8852930733838003e-8,true,-28.070000530332194,-28.069999999999997,true,true,1.619999999998851
unitbox_c_10_15_2_100.jl,8,2.8852930733838003e-8,true,-28.070000530332194,-28.069999999999997,true,true,0.7199999999996163
unitbox_c_10_15_2_100.jl,8,1.0000000038678276,true,-28.070000530332194,-27.479999999999993,true,true,0.9599999999994122
unitbox_c_10_15_2_100.jl,8,1.0000000038678276,true,-28.070000530332194,-27.479999999999993,true,true,0.4199999999998713
unitbox_c_10_15_2_100.jl,8,1.0000000038678276,true,-28.070000530332194,-27.479999999999993,true,true,0.8399999999995142
unitbox_c_10_15_2_100.jl,8,2.8852930733838003e-8,true,-28.070000530332194,-28.069999999999997,true,true,0.6599999999996673
unitbox_c_10_15_2_100.jl,8,2.8852930733838003e-8,true,-28.070000530332194,-28.069999999999997,true,true,1.6799999999988
unitbox_c_10_15_2_100.jl,8,2.8852930733838003e-8,true,-28.070000530332194,-28.069999999999997,true,true,1.8299999999986725
unitbox_c_10_15_2_100.jl,8,2.8852930733838003e-8,true,-28.070000530332194,-28.069999999999997,true,true,0.9299999999994377
unitbox_c_10_15_2_100.jl,8,2.8852930733838003e-8,true,-28.070000530332194,-28.069999999999997,true,true,0.8399999999995142
unitbox_c_10_15_2_100.jl,16,2.8852930733838003e-8,true,-28.070000530332194,-28.069999999999997,true,false,1.979999999998545
unitbox_c_10_15_2_100.jl,16,2.8852930733838003e-8,true,-28.070000530332194,-28.069999999999997,true,true,2.5200000000019345
unitbox_c_10_15_2_100.jl,16,2.8852930733838003e-8,true,-28.070000530332194,-28.069999999999997,true,true,2.670000000002917
unitbox_c_10_15_2_100.jl,16,2.8852930733838003e-8,true,-28.070000530332194,-28.069999999999997,true,true,0.5699999999997438
unitbox_c_10_15_2_100.jl,16,2.8852930733838003e-8,true,-28.070000530332194,-28.069999999999997,true,true,0.4499999999998458
unitbox_c_10_15_2_100.jl,16,2.8852930733838003e-8,true,-28.070000530332194,-28.069999999999997,true,true,2.370000000000952
unitbox_c_10_15_2_100.jl,16,2.8852930733838003e-8,true,-28.070000530332194,-28.069999999999997,true,true,2.430000000001345
unitbox_c_10_15_2_100.jl,16,2.8852930733838003e-8,true,-28.070000530332194,-28.069999999999997,true,true,2.03999999999879
unitbox_c_10_15_2_100.jl,16,2.8852930733838003e-8,true,-28.070000530332194,-28.069999999999997,true,true,0.4199999999998713
unitbox_c_10_15_2_100.jl,16,2.8852930733838003e-8,true,-28.070000530332194,-28.069999999999997,true,true,2.430000000001345
unitbox_c_10_15_2_100.jl,16,2.8852930733838003e-8,true,-28.070000530332194,-28.069999999999997,true,true,0.5699999999997438
unitbox_c_10_15_2_100.jl,16,2.8852930733838003e-8,true,-28.070000530332194,-28.069999999999997,true,true,2.550000000002131
unitbox_c_10_15_2_100.jl,16,2.8852930733838003e-8,true,-28.070000530332194,-28.069999999999997,true,true,2.4600000000015414
unitbox_c_10_15_2_100.jl,16,2.8852930733838003e-8,true,-28.070000530332194,-28.069999999999997,true,true,0.7799999999995653
unitbox_c_10_15_2_100.jl,16,2.8852930733838003e-8,true,-28.070000530332194,-28.069999999999997,true,true,2.610000000002524
unitbox_c_10_15_2_100.jl,16,2.8852930733838003e-8,true,-28.070000530332194,-28.069999999999997,true,true,2.0099999999985934
unitbox_c_10_15_2_100.jl,16,2.8852930733838003e-8,true,-28.070000530332194,-28.069999999999997,true,true,2.5800000000023275
unitbox_c_10_15_2_100.jl,16,2.8852930733838003e-8,true,-28.070000530332194,-28.069999999999997,true,true,1.559999999998902
unitbox_c_10_15_2_100.jl,16,2.8852930733838003e-8,true,-28.070000530332194,-28.069999999999997,true,true,2.550000000002131
unitbox_c_10_15_2_100.jl,16,2.8852930733838003e-8,true,-28.070000530332194,-28.069999999999997,true,true,2.4000000000011483
unitbox_c_10_15_2_100.jl,16,2.8852930733838003e-8,true,-28.070000530332194,-28.069999999999997,true,true,2.4600000000015414
unitbox_c_10_15_2_100.jl,32,2.8852930733838003e-8,true,-28.070000530332194,-28.069999999999997,true,false,0.7799999999995653
unitbox_c_10_15_2_100.jl,32,2.8852930733838003e-8,true,-28.070000530332194,-28.069999999999997,true,true,2.370000000000952
unitbox_c_10_15_2_100.jl,32,2.8852930733838003e-8,true,-28.070000530332194,-28.069999999999997,true,true,2.6400000000027206
unitbox_c_10_15_2_100.jl,32,2.8852930733838003e-8,true,-28.070000530332194,-28.069999999999997,true,true,2.03999999999879
unitbox_c_10_15_2_100.jl,32,2.8852930733838003e-8,true,-28.070000530332194,-28.069999999999997,true,true,1.1099999999992847
unitbox_c_10_15_2_100.jl,32,2.8852930733838003e-8,true,-28.070000530332194,-28.069999999999997,true,true,2.610000000002524
unitbox_c_10_15_2_100.jl,32,2.8852930733838003e-8,true,-28.070000530332194,-28.069999999999997,true,true,0.4799999999998203
unitbox_c_10_15_2_100.jl,32,2.8852930733838003e-8,true,-28.070000530332194,-28.069999999999997,true,true,1.799999999998698
unitbox_c_10_15_2_100.jl,32,2.8852930733838003e-8,true,-28.070000530332194,-28.069999999999997,true,true,0.3899999999998968
unitbox_c_10_15_2_100.jl,32,2.8852930733838003e-8,true,-28.070000530332194,-28.069999999999997,true,true,0.6899999999996418
unitbox_c_10_15_2_100.jl,32,2.8852930733838003e-8,true,-28.070000530332194,-28.069999999999997,true,true,2.6400000000027206
unitbox_c_10_15_2_100.jl,32,2.8852930733838003e-8,true,-28.070000530332194,-28.069999999999997,true,true,0.5999999999997183
unitbox_c_10_15_2_100.jl,32,2.8852930733838003e-8,true,-28.070000530332194,-28.069999999999997,true,true,1.1699999999992337
unitbox_c_10_15_2_100.jl,32,2.8852930733838003e-8,true,-28.070000530332194,-28.069999999999997,true,true,2.7000000000031137
unitbox_c_10_15_2_100.jl,32,2.8852930733838003e-8,true,-28.070000530332194,-28.069999999999997,true,true,0.3599999999999223
unitbox_c_10_15_2_100.jl,32,2.8852930733838003e-8,true,-28.070000530332194,-28.069999999999997,true,true,1.7699999999987235
unitbox_c_10_15_2_100.jl,32,2.8852930733838003e-8,true,-28.070000530332194,-28.069999999999997,true,true,2.670000000002917
unitbox_c_10_15_2_100.jl,32,2.8852930733838003e-8,true,-28.070000530332194,-28.069999999999997,true,true,1.439999999999004
unitbox_c_10_15_2_100.jl,32,2.8852930733838003e-8,true,-28.070000530332194,-28.069999999999997,true,true,1.6499999999988255
unitbox_c_10_15_2_100.jl,32,2.8852930733838003e-8,true,-28.070000530332194,-28.069999999999997,true,true,1.7099999999987745
unitbox_c_10_15_2_100.jl,32,2.8852930733838003e-8,true,-28.070000530332194,-28.069999999999997,true,true,2.670000000002917
unitbox_c_10_15_2_50.jl,0,0.07862811716009503,false,-11.60277253958132,-11.590191773479587,true,false,10.000020000021332
unitbox_c_10_15_2_50.jl,0,0.056336349145991844,false,-11.60277253958132,-11.593758456361847,true,true,10.000020000021332
unitbox_c_10_15_2_50.jl,0,0.06114656339554818,false,-11.60277253958132,-11.61255572236849,false,true,10.000020000021332
unitbox_c_10_15_2_50.jl,0,0.07491194109295934,false,-11.60277253958132,-11.590786361650329,true,true,10.000020000021332
unitbox_c_10_15_2_50.jl,0,0.08262208827776688,false,-11.60277253958132,-11.589552738100759,true,true,10.000020000021332
unitbox_c_10_15_2_50.jl,0,0.05797941542960443,false,-11.60277253958132,-11.61204897869394,false,true,10.000020000021332
unitbox_c_10_15_2_50.jl,0,0.056516499112837945,false,-11.60277253958132,-11.593729632367149,true,true,10.000020000021332
unitbox_c_10_15_2_50.jl,0,0.001021540794760879,true,-11.60277253958132,-11.602935718752306,false,true,10.000020000021332
unitbox_c_10_15_2_50.jl,0,0.07118145629763394,false,-11.60277253958132,-11.59138323921758,true,true,10.000020000021332
unitbox_c_10_15_2_50.jl,0,0.04549709778627099,false,-11.60277253958132,-11.595492736579398,true,true,10.000020000021332
unitbox_c_10_15_2_50.jl,0,0.020211081788900923,false,-11.60277253958132,-11.599538499138982,true,true,10.000020000021332
unitbox_c_10_15_2_50.jl,0,0.018291805225953185,true,-11.60277253958132,-11.605698961061352,false,true,10.000020000021332
unitbox_c_10_15_2_50.jl,0,0.026694795515248518,false,-11.60277253958132,-11.598501104942764,true,true,10.000020000021332
unitbox_c_10_15_2_50.jl,0,0.08144073593647326,false,-11.60277253958132,-11.58974175447537,true,true,10.000020000021332
unitbox_c_10_15_2_50.jl,0,0.03141139266966529,false,-11.60277253958132,-11.607798095052345,false,true,10.000020000021332
unitbox_c_10_15_2_50.jl,0,0.008174678837927437,false,-11.60277253958132,-11.60146432361114,true,true,10.000020000021332
unitbox_c_10_15_2_50.jl,0,0.0819970140657524,false,-11.60277253958132,-11.615891794475724,false,true,10.000020000021332
unitbox_c_10_15_2_50.jl,0,0.021441124925343908,false,-11.60277253958132,-11.606202852213254,false,true,10.000020000021332
unitbox_c_10_15_2_50.jl,0,0.004450903566377169,false,-11.60277253958132,-11.603484416795812,false,true,10.000020000021332
unitbox_c_10_15_2_50.jl,0,0.018151667710937156,false,-11.60277253958132,-11.599868005391457,true,true,10.000020000021332
unitbox_c_10_15_2_50.jl,0,0.014691731867675856,true,-11.60277253958132,-11.600421595126377,true,true,10.000020000021332
unitbox_c_10_15_2_50.jl,8,0.23267329859248678,true,-11.60277253958132,-11.64,false,false,1.9499999999985704
unitbox_c_10_15_2_50.jl,8,1.02671168244887,true,-11.60277253958132,-10.590000000000002,true,true,3.7500000000099925
unitbox_c_10_15_2_50.jl,8,0.23267329859248678,true,-11.60277253958132,-11.64,false,true,1.2599999999991571
unitbox_c_10_15_2_50.jl,8,0.23267329859248678,true,-11.60277253958132,-11.64,false,true,0.6599999999996673
unitbox_c_10_15_2_50.jl,8,0.396578408612149,false,-11.60277253958132,-11.302792102784608,true,true,10.000020000021332
unitbox_c_10_15_2_50.jl,8,0.23267329859248678,true,-11.60277253958132,-11.64,false,true,5.7299999999973545
unitbox_c_10_15_2_50.jl,8,0.23267329859248678,true,-11.60277253958132,-11.64,false,true,0.7799999999995653
unitbox_c_10_15_2_50.jl,8,1.6698515852638056,false,-11.60277253958132,-7.426320776331746,true,true,10.000020000021332
unitbox_c_10_15_2_50.jl,8,0.7673267014075154,true,-11.60277253958132,-11.480000000000002,true,true,0.6299999999996928
unitbox_c_10_15_2_50.jl,8,0.2947584158819567,true,-11.60277253958132,-11.55561092568409,true,true,10.000020000021332
unitbox_c_10_15_2_50.jl,8,0.7673267014075154,true,-11.60277253958132,-11.480000000000002,true,true,3.210000000006455
unitbox_c_10_15_2_50.jl,8,0.23267329859248678,true,-11.60277253958132,-11.64,false,true,0.4499999999998458
unitbox_c_10_15_2_50.jl,8,0.23267329859248678,true,-11.60277253958132,-11.64,false,true,1.0499999999993357
unitbox_c_10_15_2_50.jl,8,0.23267329859248678,true,-11.60277253958132,-11.64,false,true,1.4099999999990296
unitbox_c_10_15_2_50.jl,8,1.02671168244887,true,-11.60277253958132,-10.590000000000002,true,true,4.110000000010722
unitbox_c_10_15_2_50.jl,8,0.23267329859248678,true,-11.60277253958132,-11.64,false,true,4.890000000004286
unitbox_c_10_15_2_50.jl,8,0.7673124178681722,true,-11.60277253958132,-11.480002285366295,true,true,2.550000000002131
unitbox_c_10_15_2_50.jl,8,2.01348874689305,true,-11.60277253958132,-7.79,true,true,1.8899999999986214
unitbox_c_10_15_2_50.jl,8,0.23284497147210587,false,-11.60277253958132,-11.63061340357446,false,true,10.000020000021332
unitbox_c_10_15_2_50.jl,8,2.01348874689305,true,-11.60277253958132,-7.79,true,true,1.9499999999985704
unitbox_c_10_15_2_50.jl,8,0.3650120054847861,false,-11.60277253958132,-11.34469621083187,true,true,10.000020000021332
unitbox_c_10_15_2_50.jl,16,0.06907144966556125,false,-11.60277253958132,-11.613823704171693,false,false,10.000020000021332
unitbox_c_10_15_2_50.jl,16,0.08513400282717078,false,-11.60277253958132,-11.616393712677551,false,true,10.000020000021332
unitbox_c_10_15_2_50.jl,16,0.053635186533981805,false,-11.60277253958132,-11.611353902070638,false,true,10.000020000021332
unitbox_c_10_15_2_50.jl,16,0.03624873680077842,false,-11.60277253958132,-11.596972474337083,true,true,10.000020000021332
unitbox_c_10_15_2_50.jl,16,0.06286782145343683,false,-11.60277253958132,-11.612831123657754,false,true,10.000020000021332
unitbox_c_10_15_2_50.jl,16,0.02415912496751801,false,-11.60277253958132,-11.606637732220005,false,true,10.000020000021332
unitbox_c_10_15_2_50.jl,16,0.055472098393227524,false,-11.60277253958132,-11.593896736482286,true,true,10.000020000021332
unitbox_c_10_15_2_50.jl,16,0.010991391394369629,false,-11.60277253958132,-11.60101364960211,true,true,10.000020000021332
unitbox_c_10_15_2_50.jl,16,0.02527577151314993,false,-11.60277253958132,-11.5987281487831,true,true,10.000020000021332
unitbox_c_10_15_2_50.jl,16,0.08358128193112378,false,-11.60277253958132,-11.589399267116223,true,true,10.000020000021332
unitbox_c_10_15_2_50.jl,16,0.06614858702305963,false,-11.60277253958132,-11.613356046148892,false,true,10.000020000021332
unitbox_c_10_15_2_50.jl,16,0.04188128813960539,false,-11.60277253958132,-11.596071266122866,true,true,10.000020000021332
unitbox_c_10_15_2_50.jl,16,0.048353999710903685,false,-11.60277253958132,-11.610508912178945,false,true,10.000020000021332
unitbox_c_10_15_2_50.jl,16,0.04958107666446055,false,-11.60277253958132,-11.59483929995889,true,true,10.000020000021332
unitbox_c_10_15_2_50.jl,16,0.049577891555906764,false,-11.60277253958132,-11.594839809576257,true,true,10.000020000021332
unitbox_c_10_15_2_50.jl,16,0.07356852293645348,false,-11.60277253958132,-11.614543235895034,false,true,10.000020000021332
unitbox_c_10_15_2_50.jl,16,0.07683469501371114,false,-11.60277253958132,-11.590478721023011,true,true,10.000020000021332
unitbox_c_10_15_2_50.jl,16,0.08285288322183329,false,-11.60277253958132,-11.589515810909713,true,true,10.000020000021332
unitbox_c_10_15_2_50.jl,16,0.08188708657623298,false,-11.60277253958132,-11.615874206077397,false,true,10.000020000021332
unitbox_c_10_15_2_50.jl,16,0.05744420486352763,false,-11.60277253958132,-11.593581199447037,true,true,10.000020000021332
unitbox_c_10_15_2_50.jl,16,0.07420363059443645,false,-11.60277253958132,-11.590899691330094,true,true,10.000020000021332
unitbox_c_10_15_2_50.jl,32,0.03609777786416392,false,-11.60277253958132,-11.59699662776694,true,false,10.000020000021332
unitbox_c_10_15_2_50.jl,32,0.034041342687042814,false,-11.60277253958132,-11.608218887055127,false,true,10.000020000021332
unitbox_c_10_15_2_50.jl,32,0.05188026204878694,false,-11.60277253958132,-11.61107311415301,false,true,10.000020000021332
unitbox_c_10_15_2_50.jl,32,0.004496221006027637,false,-11.60277253958132,-11.60205287686425,true,true,10.000020000021332
unitbox_c_10_15_2_50.jl,32,0.07590899107848768,false,-11.60277253958132,-11.590626833652644,true,true,10.000020000021332
unitbox_c_10_15_2_50.jl,32,0.05200924299656983,false,-11.60277253958132,-11.594450793345752,true,true,10.000020000021332
unitbox_c_10_15_2_50.jl,32,0.07196765647230899,false,-11.60277253958132,-11.614287097260771,false,true,10.000020000021332
unitbox_c_10_15_2_50.jl,32,0.014137208894451062,true,-11.60277253958132,-11.600510318802096,true,true,10.000020000021332
unitbox_c_10_15_2_50.jl,32,0.005123485842227697,false,-11.60277253958132,-11.601952514490456,true,true,10.000020000021332
unitbox_c_10_15_2_50.jl,32,0.07568918746699782,false,-11.60277253958132,-11.614882542219924,false,true,10.000020000021332
unitbox_c_10_15_2_50.jl,32,0.004027937134757903,true,-11.60277253958132,-11.602127802283658,true,true,10.000020000021332
unitbox_c_10_15_2_50.jl,32,0.037947467312574444,false,-11.60277253958132,-11.60884386699521,false,true,10.000020000021332
unitbox_c_10_15_2_50.jl,32,0.03505380121425382,false,-11.60277253958132,-11.608380880419482,false,true,10.000020000021332
unitbox_c_10_15_2_50.jl,32,0.03432804044850089,false,-11.60277253958132,-11.597279785753443,true,true,10.000020000021332
unitbox_c_10_15_2_50.jl,32,0.03268656983776971,false,-11.60277253958132,-11.597542421051163,true,true,10.000020000021332
unitbox_c_10_15_2_50.jl,32,0.06455788874882447,false,-11.60277253958132,-11.613101534425013,false,true,10.000020000021332
unitbox_c_10_15_2_50.jl,32,0.009969441658171119,true,-11.60277253958132,-11.604367382890503,false,true,10.000020000021332
unitbox_c_10_15_2_50.jl,32,0.07599483400118744,false,-11.60277253958132,-11.590613098785012,true,true,10.000020000021332
unitbox_c_10_15_2_50.jl,32,0.016409364267910814,true,-11.60277253958132,-11.605397770508064,false,true,10.000020000021332
unitbox_c_10_15_2_50.jl,32,0.024331010564428518,false,-11.60277253958132,-11.5988793105349,true,true,10.000020000021332
unitbox_c_10_15_2_50.jl,32,0.06937295895999174,false,-11.60277253958132,-11.591672598791604,true,true,10.000020000021332
unitbox_c_10_15_2_50.jl_new,0,0.0024960906812664194,true,-11.60277253958132,-11.603171646734179,false,false,10.000020000021332
unitbox_c_10_15_2_50.jl_new,0,0.056653780094062044,false,-11.60277253958132,-11.611836877040252,false,true,10.000020000021332
unitbox_c_10_15_2_50.jl_new,0,0.05838430372960867,false,-11.60277253958132,-11.593430783628467,true,true,10.000020000021332
unitbox_c_10_15_2_50.jl_new,0,0.013094405994321774,true,-11.60277253958132,-11.604867377184291,false,true,10.000020000021332
unitbox_c_10_15_2_50.jl_new,0,0.07672004535612846,false,-11.60277253958132,-11.590497064968222,true,true,10.000020000021332
unitbox_c_10_15_2_50.jl_new,0,0.05685886215643704,false,-11.60277253958132,-11.593674854280174,true,true,10.000020000021332
unitbox_c_10_15_2_50.jl_new,0,0.03599898499636871,false,-11.60277253958132,-11.597012434625784,true,true,10.000020000021332
unitbox_c_10_15_2_50.jl_new,0,0.07498898980554917,false,-11.60277253958132,-11.590774033856317,true,true,10.000020000021332
unitbox_c_10_15_2_50.jl_new,0,0.06900084588453884,false,-11.60277253958132,-11.591732136883675,true,true,10.000020000021332
unitbox_c_10_15_2_50.jl_new,0,0.06882202491072147,false,-11.60277253958132,-11.591760748239489,true,true,10.000020000021332
unitbox_c_10_15_2_50.jl_new,0,0.07997065126360277,false,-11.60277253958132,-11.589976968023025,true,true,10.000020000021332
unitbox_c_10_15_2_50.jl_new,0,0.08177574656622696,false,-11.60277253958132,-11.58968815277461,true,true,10.000020000021332
unitbox_c_10_15_2_50.jl_new,0,0.00031387519118156935,true,-11.60277253958132,-11.602822492255605,false,true,10.000020000021332
unitbox_c_10_15_2_50.jl_new,0,0.01920185374902975,false,-11.60277253958132,-11.59969997562536,true,true,10.000020000021332
unitbox_c_10_15_2_50.jl_new,0,0.07973579885585955,false,-11.60277253958132,-11.590014544408268,true,true,10.000020000021332
unitbox_c_10_15_2_50.jl_new,0,0.0026288393673797343,true,-11.60277253958132,-11.602351657926446,true,true,10.000020000021332
unitbox_c_10_15_2_50.jl_new,0,0.07970137061380764,false,-11.60277253958132,-11.615524491523413,false,true,10.000020000021332
unitbox_c_10_15_2_50.jl_new,0,0.08121466896058516,false,-11.60277253958132,-11.58977792519151,true,true,10.000020000021332
unitbox_c_10_15_2_50.jl_new,0,0.07686376014397182,false,-11.60277253958132,-11.590474070602168,true,true,10.000020000021332
unitbox_c_10_15_2_50.jl_new,0,0.05573219994761488,false,-11.60277253958132,-11.593855120233584,true,true,10.000020000021332
unitbox_c_10_15_2_50.jl_new,0,0.04652690437344914,false,-11.60277253958132,-11.610216576924953,false,true,10.000020000021332
unitbox_c_10_15_2_50.jl_new,8,0.23267329859248678,true,-11.60277253958132,-11.64,false,false,3.900000000010975
unitbox_c_10_15_2_50.jl_new,8,0.7673267014075154,true,-11.60277253958132,-11.480000000000002,true,true,3.2400000000066513
unitbox_c_10_15_2_50.jl_new,8,0.23267329859248678,true,-11.60277253958132,-11.64,false,true,1.979999999998545
unitbox_c_10_15_2_50.jl_new,8,0.7673267014075154,false,-11.60277253958132,-11.480000000000002,true,true,10.000020000021332
unitbox_c_10_15_2_50.jl_new,8,0.020575321381239818,false,-11.60277253958132,-11.606064323646198,false,true,10.000020000021332
unitbox_c_10_15_2_50.jl_new,8,0.7089739872753716,false,-11.60277253958132,-10.936807826491902,true,true,10.000020000021332
unitbox_c_10_15_2_50.jl_new,8,0.23267329859248678,true,-11.60277253958132,-11.64,false,true,1.7699999999987235
unitbox_c_10_15_2_50.jl_new,8,0.7088272807567769,false,-11.60277253958132,-10.936970902361082,true,true,10.000020000021332
unitbox_c_10_15_2_50.jl_new,8,0.23267329859248678,true,-11.60277253958132,-11.64,false,true,1.739999999998749
unitbox_c_10_15_2_50.jl_new,8,0.4916554553635396,false,-11.60277253958132,-11.52410739936704,true,true,10.000020000021332
unitbox_c_10_15_2_50.jl_new,8,0.1952394448698771,false,-11.60277253958132,-11.571533961046022,true,true,10.000020000021332
unitbox_c_10_15_2_50.jl_new,8,0.23267329859248678,true,-11.60277253958132,-11.64,false,true,1.919999999998596
unitbox_c_10_15_2_50.jl_new,8,0.23267329859248678,true,-11.60277253958132,-11.64,false,true,4.290000000009237
unitbox_c_10_15_2_50.jl_new,8,0.7673267014075154,true,-11.60277253958132,-11.480000000000002,true,true,1.2899999999991316
unitbox_c_10_15_2_50.jl_new,8,0.7673267014075154,true,-11.60277253958132,-11.480000000000002,true,true,0.7199999999996163
unitbox_c_10_15_2_50.jl_new,8,0.23267329859248678,true,-11.60277253958132,-11.64,false,true,3.060000000005472
unitbox_c_10_15_2_50.jl_new,8,0.14585385878686338,false,-11.60277253958132,-11.579435654819305,true,true,10.000020000021332
unitbox_c_10_15_2_50.jl_new,8,0.23267329859248678,true,-11.60277253958132,-11.64,false,true,0.8999999999994632
unitbox_c_10_15_2_50.jl_new,8,0.17007244612403166,false,-11.60277253958132,-11.629983863605045,false,true,10.000020000021332
unitbox_c_10_15_2_50.jl_new,8,0.23267329859248678,true,-11.60277253958132,-11.64,false,true,1.1699999999992337
unitbox_c_10_15_2_50.jl_new,8,0.23267329859248678,true,-11.60277253958132,-11.64,false,true,0.7499999999995908
unitbox_c_10_15_2_50.jl_new,16,0.07331988969436404,false,-11.60277253958132,-11.614503454576301,false,false,10.000020000021332
unitbox_c_10_15_2_50.jl_new,16,0.08087306062535585,false,-11.60277253958132,-11.589832582525148,true,true,10.000020000021332
unitbox_c_10_15_2_50.jl_new,16,0.050222340360563195,false,-11.60277253958132,-11.594736697767512,true,true,10.000020000021332
unitbox_c_10_15_2_50.jl_new,16,0.024614868567150693,false,-11.60277253958132,-11.59883389325446,true,true,10.000020000021332
unitbox_c_10_15_2_50.jl_new,16,0.07822307473359043,false,-11.60277253958132,-11.590256580267829,true,true,10.000020000021332
unitbox_c_10_15_2_50.jl_new,16,0.03851730440222294,false,-11.60277253958132,-11.608935040929559,false,true,10.000020000021332
unitbox_c_10_15_2_50.jl_new,16,0.047320877461112715,false,-11.60277253958132,-11.595200931831426,true,true,10.000020000021332
unitbox_c_10_15_2_50.jl_new,16,0.08459856278258009,false,-11.60277253958132,-11.58923650217999,true,true,10.000020000021332
unitbox_c_10_15_2_50.jl_new,16,0.0049843703128001305,true,-11.60277253958132,-11.603569771475238,false,true,10.000020000021332
unitbox_c_10_15_2_50.jl_new,16,0.015543314377170606,true,-11.60277253958132,-11.60028534192486,true,true,10.000020000021332
unitbox_c_10_15_2_50.jl_new,16,0.06366147043933194,false,-11.60277253958132,-11.592586436954912,true,true,10.000020000021332
unitbox_c_10_15_2_50.jl_new,16,0.0791742517678108,false,-11.60277253958132,-11.590104391942356,true,true,10.000020000021332
unitbox_c_10_15_2_50.jl_new,16,0.07541825968962859,false,-11.60277253958132,-11.614839193775545,false,true,10.000020000021332
unitbox_c_10_15_2_50.jl_new,16,0.042003094875721535,false,-11.60277253958132,-11.609492767405317,false,true,10.000020000021332
unitbox_c_10_15_2_50.jl_new,16,0.047424806409949075,false,-11.60277253958132,-11.610360241250795,false,true,10.000020000021332
unitbox_c_10_15_2_50.jl_new,16,0.08072687464448983,false,-11.60277253958132,-11.589855972282084,true,true,10.000020000021332
unitbox_c_10_15_2_50.jl_new,16,0.06882976648064403,false,-11.60277253958132,-11.613785034862106,false,true,10.000020000021332
unitbox_c_10_15_2_50.jl_new,16,0.07726099062611404,false,-11.60277253958132,-11.590410513725024,true,true,10.000020000021332
unitbox_c_10_15_2_50.jl_new,16,0.0680387169698865,false,-11.60277253958132,-11.59188607751002,true,true,10.000020000021332
unitbox_c_10_15_2_50.jl_new,16,0.046287893213277295,false,-11.60277253958132,-11.59536620931108,true,true,10.000020000021332
unitbox_c_10_15_2_50.jl_new,16,0.047806372731999905,false,-11.60277253958132,-11.595123252588083,true,true,10.000020000021332
unitbox_c_10_15_2_50.jl_new,32,0.08239923702810886,false,-11.60277253958132,-11.589588394300705,true,false,10.000020000021332
unitbox_c_10_15_2_50.jl_new,32,0.06022849857620863,false,-11.60277253958132,-11.612408831997396,false,true,10.000020000021332
unitbox_c_10_15_2_50.jl_new,32,0.07737518226367814,false,-11.60277253958132,-11.615152301387388,false,true,10.000020000021332
unitbox_c_10_15_2_50.jl_new,32,0.02732301782536437,false,-11.60277253958132,-11.598400589373144,true,true,10.000020000021332
unitbox_c_10_15_2_50.jl_new,32,0.060158389324287666,false,-11.60277253958132,-11.593146929933315,true,true,10.000020000021332
unitbox_c_10_15_2_50.jl_new,32,0.06984894911523251,false,-11.60277253958132,-11.591596440366768,true,true,10.000020000021332
unitbox_c_10_15_2_50.jl_new,32,0.045908576607897204,false,-11.60277253958132,-11.595426899967944,true,true,10.000020000021332
unitbox_c_10_15_2_50.jl_new,32,0.013208934548683202,false,-11.60277253958132,-11.604885701752988,false,true,10.000020000021332
unitbox_c_10_15_2_50.jl_new,32,0.04586123144229621,false,-11.60277253958132,-11.595434475194436,true,true,10.000020000021332
unitbox_c_10_15_2_50.jl_new,32,0.024128777183611606,false,-11.60277253958132,-11.606632876574578,false,true,10.000020000021332
unitbox_c_10_15_2_50.jl_new,32,0.0036566361439658098,false,-11.60277253958132,-11.603357334008223,false,true,10.000020000021332
unitbox_c_10_15_2_50.jl_new,32,0.08094020838111628,false,-11.60277253958132,-11.589821838884223,true,true,10.000020000021332
unitbox_c_10_15_2_50.jl_new,32,0.08228828900411284,false,-11.60277253958132,-11.589606145984547,true,true,10.000020000021332
unitbox_c_10_15_2_50.jl_new,32,0.06855711723030462,false,-11.60277253958132,-11.591803133468353,true,true,10.000020000021332
unitbox_c_10_15_2_50.jl_new,32,0.072692992467969,false,-11.60277253958132,-11.591141393430327,true,true,10.000020000021332
unitbox_c_10_15_2_50.jl_new,32,0.007417650080824679,false,-11.60277253958132,-11.601585448212282,true,true,10.000020000021332
unitbox_c_10_15_2_50.jl_new,32,0.04219967081108409,false,-11.60277253958132,-11.59602032489543,true,true,10.000020000021332
unitbox_c_10_15_2_50.jl_new,32,0.006502800002361209,false,-11.60277253958132,-11.603812720225573,false,true,10.000020000021332
unitbox_c_10_15_2_50.jl_new,32,0.07999934858308529,false,-11.60277253958132,-11.589972376451911,true,true,10.000020000021332
unitbox_c_10_15_2_50.jl_new,32,0.08109447547726269,false,-11.60277253958132,-11.615747388301564,false,true,10.000020000021332
unitbox_c_10_15_2_50.jl_new,32,0.08210263506708144,false,-11.60277253958132,-11.58963585061447,true,true,10.000020000021332
unitbox_c_10_15_2_50_new.jl,0,0.039055165988170736,false,-11.60277253958132,-11.60902109878331,false,false,10.000020000021332
unitbox_c_10_15_2_50_new.jl,0,0.04227609520751049,false,-11.60277253958132,-11.596008096992001,true,true,10.000020000021332
unitbox_c_10_15_2_50_new.jl,0,0.07644871975239294,false,-11.60277253958132,-11.615004067385584,false,true,10.000020000021332
unitbox_c_10_15_2_50_new.jl,0,0.033010771815578294,false,-11.60277253958132,-11.608053995715693,false,true,10.000020000021332
unitbox_c_10_15_2_50_new.jl,0,0.07531838335444843,false,-11.60277253958132,-11.59072133088849,true,true,10.000020000021332
unitbox_c_10_15_2_50_new.jl,0,0.038592238967060565,false,-11.60277253958132,-11.596597513990474,true,true,10.000020000021332
unitbox_c_10_15_2_50_new.jl,0,0.015630510764579317,false,-11.60277253958132,-11.600271390502874,true,true,10.000020000021332
unitbox_c_10_15_2_50_new.jl,0,0.04442626623013489,false,-11.60277253958132,-11.595664069628384,true,true,10.000020000021332
unitbox_c_10_15_2_50_new.jl,0,0.08205406489570995,false,-11.60277253958132,-11.58964362184189,true,true,10.000020000021332
unitbox_c_10_15_2_50_new.jl,0,0.003118978640558506,false,-11.60277253958132,-11.603271308807672,false,true,10.000020000021332
unitbox_c_10_15_2_50_new.jl,0,0.07555277602391443,false,-11.60277253958132,-11.614860716389028,false,true,10.000020000021332
unitbox_c_10_15_2_50_new.jl,0,0.05011212580655748,false,-11.60277253958132,-11.594754332096153,true,true,10.000020000021332
unitbox_c_10_15_2_50_new.jl,0,0.027627829943751507,false,-11.60277253958132,-11.6071927250162,false,true,10.000020000021332
unitbox_c_10_15_2_50_new.jl,0,0.011308839958843374,false,-11.60277253958132,-11.60096285783179,true,true,10.000020000021332
unitbox_c_10_15_2_50_new.jl,0,0.02516842700463031,false,-11.60277253958132,-11.598745323904463,true,true,10.000020000021332
unitbox_c_10_15_2_50_new.jl,0,0.05891241065678359,false,-11.60277253958132,-11.612198257930288,false,true,10.000020000021332
unitbox_c_10_15_2_50_new.jl,0,0.06412658375333247,false,-11.60277253958132,-11.59251201882467,true,true,10.000020000021332
unitbox_c_10_15_2_50_new.jl,0,0.03205237540272973,false,-11.60277253958132,-11.60790065228964,false,true,10.000020000021332
unitbox_c_10_15_2_50_new.jl,0,0.053173281925632705,false,-11.60277253958132,-11.594264547117103,true,true,10.000020000021332
unitbox_c_10_15_2_50_new.jl,0,0.03449541737081568,false,-11.60277253958132,-11.608291539004533,false,true,10.000020000021332
unitbox_c_10_15_2_50_new.jl,0,0.06423358127690502,false,-11.60277253958132,-11.613049645229507,false,true,10.000020000021332
unitbox_c_10_15_2_50_new.jl,8,0.23267329859248678,true,-11.60277253958132,-11.64,false,false,1.5299999999989276
unitbox_c_10_15_2_50_new.jl,8,0.23267329859248678,true,-11.60277253958132,-11.64,false,true,4.350000000008742
unitbox_c_10_15_2_50_new.jl,8,0.9506525101487032,true,-11.60277253958132,-10.672173746286486,true,true,10.000020000021332
unitbox_c_10_15_2_50_new.jl,8,0.23267329859248678,true,-11.60277253958132,-11.64,false,true,7.229999999984977
unitbox_c_10_15_2_50_new.jl,8,0.23267329859248678,true,-11.60277253958132,-11.64,false,true,5.609999999998345
unitbox_c_10_15_2_50_new.jl,8,0.7674736554678273,false,-11.60277253958132,-11.441553528369337,true,true,10.000020000021332
unitbox_c_10_15_2_50_new.jl,8,0.7673267014075154,true,-11.60277253958132,-11.480000000000002,true,true,1.979999999998545
unitbox_c_10_15_2_50_new.jl,8,0.7673267014075154,true,-11.60277253958132,-11.480000000000002,true,true,5.7299999999973545
unitbox_c_10_15_2_50_new.jl,8,0.2806597967386862,false,-11.60277253958132,-11.475203326978605,true,true,10.000020000021332
unitbox_c_10_15_2_50_new.jl,8,0.24854733654500527,false,-11.60277253958132,-11.548229079063466,false,true,10.000020000021332
unitbox_c_10_15_2_50_new.jl,8,0.23641594427160467,false,-11.60277253958132,-11.596004696785853,false,true,10.000020000021332
unitbox_c_10_15_2_50_new.jl,8,2.2481407769016304,true,-11.60277253958132,-5.86,true,true,1.859999999998647
unitbox_c_10_15_2_50_new.jl,8,2.01348874689305,true,-11.60277253958132,-7.79,true,true,1.499999999998953
unitbox_c_10_15_2_50_new.jl,8,0.23267329859248678,true,-11.60277253958132,-11.64,false,true,0.7499999999995908
unitbox_c_10_15_2_50_new.jl,8,0.5404171509814055,true,-11.60277253958132,-11.127847685708899,true,true,1.979999999998545
unitbox_c_10_15_2_50_new.jl,8,1.7476089136612791,true,-11.60277253958132,-8.24,true,true,3.2400000000066513
unitbox_c_10_15_2_50_new.jl,8,0.8581890944105107,false,-11.60277253958132,-10.772651921567373,true,true,10.000020000021332
unitbox_c_10_15_2_50_new.jl,8,1.4796681145885269,true,-11.60277253958132,-9.007750015680651,true,true,2.1299999999993795
unitbox_c_10_15_2_50_new.jl,8,0.287431298054886,false,-11.60277253958132,-11.462802164591853,true,true,10.000020000021332
unitbox_c_10_15_2_50_new.jl,8,0.6163794407989077,true,-11.60277253958132,-11.040683819910488,true,true,10.000020000021332
unitbox_c_10_15_2_50_new.jl,8,0.28918772869558784,false,-11.60277253958132,-11.459678966113996,true,true,10.000020000021332
unitbox_c_10_15_2_50_new.jl,16,0.01308939626727181,false,-11.60277253958132,-11.60486657562796,false,false,10.000020000021332
unitbox_c_10_15_2_50_new.jl,16,0.07952552845530202,false,-11.60277253958132,-11.615496356778047,false,true,10.000020000021332
unitbox_c_10_15_2_50_new.jl,16,0.06695240241321584,false,-11.60277253958132,-11.59205988783909,true,true,10.000020000021332
unitbox_c_10_15_2_50_new.jl,16,0.08223529886897513,false,-11.60277253958132,-11.589614624406169,true,true,10.000020000021332
unitbox_c_10_15_2_50_new.jl,16,0.08460040567964748,false,-11.60277253958132,-11.589236207316459,true,true,10.000020000021332
unitbox_c_10_15_2_50_new.jl,16,0.06399516043623843,false,-11.60277253958132,-11.592533046555406,true,true,10.000020000021332
unitbox_c_10_15_2_50_new.jl,16,0.08454726816884943,false,-11.60277253958132,-11.616299835132217,false,true,10.000020000021332
unitbox_c_10_15_2_50_new.jl,16,0.07040354159243882,false,-11.60277253958132,-11.614036838879993,false,true,10.000020000021332
unitbox_c_10_15_2_50_new.jl,16,0.027753534857683823,false,-11.60277253958132,-11.598331706647974,true,true,10.000020000021332
unitbox_c_10_15_2_50_new.jl,16,0.06065564008669132,false,-11.60277253958132,-11.612477174639073,false,true,10.000020000021332
unitbox_c_10_15_2_50_new.jl,16,0.08436076992747149,false,-11.60277253958132,-11.58927454903681,true,true,10.000020000021332
unitbox_c_10_15_2_50_new.jl,16,0.03602894824969053,false,-11.60277253958132,-11.597007640505252,true,true,10.000020000021332
unitbox_c_10_15_2_50_new.jl,16,0.074191017317479,false,-11.60277253958132,-11.614642834996,false,true,10.000020000021332
unitbox_c_10_15_2_50_new.jl,16,0.02888618555889124,false,-11.60277253958132,-11.59815048253578,true,true,10.000020000021332
unitbox_c_10_15_2_50_new.jl,16,0.08675233138061937,false,-11.60277253958132,-11.588891899204304,true,true,10.000020000021332
unitbox_c_10_15_2_50_new.jl,16,0.0675676968302801,false,-11.60277253958132,-11.59196144073236,true,true,10.000020000021332
unitbox_c_10_15_2_50_new.jl,16,0.03160155949766322,false,-11.60277253958132,-11.597716022705578,true,true,10.000020000021332
unitbox_c_10_15_2_50_new.jl,16,0.060625951460072644,false,-11.60277253958132,-11.59307211999159,true,true,10.000020000021332
unitbox_c_10_15_2_50_new.jl,16,0.026278457224308615,false,-11.60277253958132,-11.60697682538109,false,true,10.000020000021332
unitbox_c_10_15_2_50_new.jl,16,0.03934142760976917,false,-11.60277253958132,-11.59647764380764,true,true,10.000020000021332
unitbox_c_10_15_2_50_new.jl,16,0.02858400798840548,false,-11.60277253958132,-11.607345713503344,false,true,10.000020000021332
unitbox_c_10_15_2_50_new.jl,32,0.08059352383512468,false,-11.60277253958132,-11.589877308411582,true,false,10.000020000021332
unitbox_c_10_15_2_50_new.jl,32,0.0035490110365529633,true,-11.60277253958132,-11.602204430459372,true,true,10.000020000021332
unitbox_c_10_15_2_50_new.jl,32,0.034685408275848525,false,-11.60277253958132,-11.608321937549338,false,true,10.000020000021332
unitbox_c_10_15_2_50_new.jl,32,0.01761515980266136,false,-11.60277253958132,-11.599953846656778,true,true,10.000020000021332
unitbox_c_10_15_2_50_new.jl,32,0.0825527225734151,false,-11.60277253958132,-11.589563836613456,true,true,10.000020000021332
unitbox_c_10_15_2_50_new.jl,32,0.06132021756571307,false,-11.60277253958132,-11.592961037414687,true,true,10.000020000021332
unitbox_c_10_15_2_50_new.jl,32,0.07846102745862388,false,-11.60277253958132,-11.590218507831825,true,true,10.000020000021332
unitbox_c_10_15_2_50_new.jl,32,0.0027056264168314314,false,-11.60277253958132,-11.603205172451872,false,true,10.000020000021332
unitbox_c_10_15_2_50_new.jl,32,0.013591012600009255,false,-11.60277253958132,-11.600597710209204,true,true,10.000020000021332
unitbox_c_10_15_2_50_new.jl,32,0.07792102253683383,false,-11.60277253958132,-11.615239635831095,false,true,10.000020000021332
unitbox_c_10_15_2_50_new.jl,32,0.07564472470583639,false,-11.60277253958132,-11.59066911627227,true,true,10.000020000021332
unitbox_c_10_15_2_50_new.jl,32,0.0826057178386677,false,-11.60277253958132,-11.589555357371017,true,true,10.000020000021332
unitbox_c_10_15_2_50_new.jl,32,0.0651665060721728,false,-11.60277253958132,-11.592345631253655,true,true,10.000020000021332
unitbox_c_10_15_2_50_new.jl,32,0.08242981306569012,false,-11.60277253958132,-11.589583502134692,true,true,10.000020000021332
unitbox_c_10_15_2_50_new.jl,32,0.061923481993951,false,-11.60277253958132,-11.592864515106173,true,true,10.000020000021332
unitbox_c_10_15_2_50_new.jl,32,0.02082147458877135,false,-11.60277253958132,-11.606103708159402,false,true,10.000020000021332
unitbox_c_10_15_2_50_new.jl,32,0.014067256500809255,true,-11.60277253958132,-11.60502303326533,false,true,10.000020000021332
unitbox_c_10_15_2_50_new.jl,32,0.016374278280916997,false,-11.60277253958132,-11.605392156750147,false,true,10.000020000021332
unitbox_c_10_15_2_50_new.jl,32,0.013289867691974749,false,-11.60277253958132,-11.604898651055914,false,true,10.000020000021332
unitbox_c_10_15_2_50_new.jl,32,0.05640510452978431,false,-11.60277253958132,-11.611797088949967,false,true,10.000020000021332
unitbox_c_10_15_2_50_new.jl,32,0.08223601643823769,false,-11.60277253958132,-11.589614509595084,true,true,10.000020000021332
unitbox_c_10_15_3_100.jl,0,2.7413817187994272e-8,true,-7.980000305565994,-7.979999999999999,true,false,0.9899999999993867
unitbox_c_10_15_3_100.jl,0,2.7413817187994272e-8,true,-7.980000305565994,-7.979999999999999,true,true,1.559999999998902
unitbox_c_10_15_3_100.jl,0,2.7413817187994272e-8,true,-7.980000305565994,-7.979999999999999,true,true,2.550000000002131
unitbox_c_10_15_3_100.jl,0,2.7413817187994272e-8,true,-7.980000305565994,-7.979999999999999,true,true,2.7300000000033102
unitbox_c_10_15_3_100.jl,0,2.7413817187994272e-8,true,-7.980000305565994,-7.979999999999999,true,true,3.210000000006455
unitbox_c_10_15_3_100.jl,0,2.7413817187994272e-8,true,-7.980000305565994,-7.979999999999999,true,true,3.060000000005472
unitbox_c_10_15_3_100.jl,0,1.4142135711995096,true,-7.980000305565994,-7.109999999999998,true,true,1.8899999999986214
unitbox_c_10_15_3_100.jl,0,0.478096333305675,true,-7.980000305565994,-7.809961640908005,true,true,10.000020000021332
unitbox_c_10_15_3_100.jl,0,2.7413817187994272e-8,true,-7.980000305565994,-7.979999999999999,true,true,1.919999999998596
unitbox_c_10_15_3_100.jl,0,2.7413817187994272e-8,true,-7.980000305565994,-7.979999999999999,true,true,2.9100000000044894
unitbox_c_10_15_3_100.jl,0,2.7413817187994272e-8,true,-7.980000305565994,-7.979999999999999,true,true,2.670000000002917
unitbox_c_10_15_3_100.jl,0,2.7413817187994272e-8,true,-7.980000305565994,-7.979999999999999,true,true,3.960000000011368
unitbox_c_10_15_3_100.jl,0,2.7413817187994272e-8,true,-7.980000305565994,-7.979999999999999,true,true,2.099999999999183
unitbox_c_10_15_3_100.jl,0,2.7413817187994272e-8,true,-7.980000305565994,-7.979999999999999,true,true,2.7900000000037033
unitbox_c_10_15_3_100.jl,0,2.7413817187994272e-8,true,-7.980000305565994,-7.979999999999999,true,true,2.0699999999989864
unitbox_c_10_15_3_100.jl,0,2.7413817187994272e-8,true,-7.980000305565994,-7.979999999999999,true,true,2.7000000000031137
unitbox_c_10_15_3_100.jl,0,2.7413817187994272e-8,true,-7.980000305565994,-7.979999999999999,true,true,2.4000000000011483
unitbox_c_10_15_3_100.jl,0,2.7413817187994272e-8,true,-7.980000305565994,-7.979999999999999,true,true,1.4699999999989786
unitbox_c_10_15_3_100.jl,0,2.7413817187994272e-8,true,-7.980000305565994,-7.979999999999999,true,true,1.499999999998953
unitbox_c_10_15_3_100.jl,0,2.7413817187994272e-8,true,-7.980000305565994,-7.979999999999999,true,true,1.859999999998647
unitbox_c_10_15_3_100.jl,0,2.7413817187994272e-8,true,-7.980000305565994,-7.979999999999999,true,true,1.1699999999992337
unitbox_c_10_15_3_100.jl,8,1.732030548182198,true,-7.980000305565994,-6.310004916469128,true,false,0.6899999999996418
unitbox_c_10_15_3_100.jl,8,2.6767427976169023,true,-7.980000305565994,-1.1747955166379171,true,true,1.9499999999985704
unitbox_c_10_15_3_100.jl,8,0.16439278921393566,true,-7.980000305565994,-7.839410528388366,true,true,1.379999999999055
unitbox_c_10_15_3_100.jl,8,1.0000000071172355,true,-7.980000305565994,-7.199999999999999,true,true,2.3400000000007553
unitbox_c_10_15_3_100.jl,8,2.7413817187994272e-8,true,-7.980000305565994,-7.979999999999999,true,true,1.859999999998647
unitbox_c_10_15_3_100.jl,8,1.7396340030920379,true,-7.980000305565994,-4.027341556275155,true,true,1.979999999998545
unitbox_c_10_15_3_100.jl,8,1.7320508197663982,true,-7.980000305565994,-6.31,true,true,1.919999999998596
unitbox_c_10_15_3_100.jl,8,0.5825573254155855,true,-7.980000305565994,-7.774634981811143,true,true,6.65999999998968
unitbox_c_10_15_3_100.jl,8,1.000000003262378,true,-7.980000305565994,-7.639999999999997,true,true,1.0799999999993102
unitbox_c_10_15_3_100.jl,8,1.0000000086442908,true,-7.980000305565994,-6.789999999999999,true,true,1.0499999999993357
unitbox_c_10_15_3_100.jl,8,2.7413817187994272e-8,true,-7.980000305565994,-7.979999999999999,true,true,1.7699999999987235
unitbox_c_10_15_3_100.jl,8,1.0000000071172355,true,-7.980000305565994,-7.199999999999999,true,true,1.0499999999993357
unitbox_c_10_15_3_100.jl,8,1.4142135711995096,true,-7.980000305565994,-7.109999999999998,true,true,1.6499999999988255
unitbox_c_10_15_3_100.jl,8,2.7413817187994272e-8,true,-7.980000305565994,-7.979999999999999,true,true,5.609999999998345
unitbox_c_10_15_3_100.jl,8,1.0000013939126777,true,-7.980000305565994,-7.637617671351235,true,true,1.379999999999055
unitbox_c_10_15_3_100.jl,8,2.7413817187994272e-8,true,-7.980000305565994,-7.979999999999999,true,true,2.03999999999879
unitbox_c_10_15_3_100.jl,8,2.7413817187994272e-8,true,-7.980000305565994,-7.979999999999999,true,true,2.1899999999997726
unitbox_c_10_15_3_100.jl,8,1.0000000071172355,true,-7.980000305565994,-7.199999999999999,true,true,2.2500000000001656
unitbox_c_10_15_3_100.jl,8,2.7413817187994272e-8,true,-7.980000305565994,-7.979999999999999,true,true,1.0499999999993357
unitbox_c_10_15_3_100.jl,8,1.7320508197663982,true,-7.980000305565994,-6.31,true,true,0.6299999999996928
unitbox_c_10_15_3_100.jl,8,1.4142135750050968,true,-7.980000305565994,-5.489999999999998,true,true,1.5299999999989276
unitbox_c_10_15_3_100.jl,16,2.7413817187994272e-8,true,-7.980000305565994,-7.979999999999999,true,false,1.859999999998647
unitbox_c_10_15_3_100.jl,16,1.4142135711995096,true,-7.980000305565994,-7.109999999999998,true,true,0.7799999999995653
unitbox_c_10_15_3_100.jl,16,2.6702921136798876,true,-7.980000305565994,-1.1734851179734525,true,true,1.9499999999985704
unitbox_c_10_15_3_100.jl,16,2.7413817187994272e-8,true,-7.980000305565994,-7.979999999999999,true,true,2.9100000000044894
unitbox_c_10_15_3_100.jl,16,2.7413817187994272e-8,true,-7.980000305565994,-7.979999999999999,true,true,1.8899999999986214
unitbox_c_10_15_3_100.jl,16,2.7413817187994272e-8,true,-7.980000305565994,-7.979999999999999,true,true,1.8299999999986725
unitbox_c_10_15_3_100.jl,16,2.7413817187994272e-8,true,-7.980000305565994,-7.979999999999999,true,true,2.8200000000039
unitbox_c_10_15_3_100.jl,16,2.7413817187994272e-8,true,-7.980000305565994,-7.979999999999999,true,true,2.7600000000035068
unitbox_c_10_15_3_100.jl,16,2.7413817187994272e-8,true,-7.980000305565994,-7.979999999999999,true,true,3.210000000006455
unitbox_c_10_15_3_100.jl,16,2.7413817187994272e-8,true,-7.980000305565994,-7.979999999999999,true,true,2.610000000002524
unitbox_c_10_15_3_100.jl,16,1.4142135711995096,true,-7.980000305565994,-7.109999999999998,true,true,2.3100000000005587
unitbox_c_10_15_3_100.jl,16,2.7413817187994272e-8,true,-7.980000305565994,-7.979999999999999,true,true,2.1899999999997726
unitbox_c_10_15_3_100.jl,16,2.7413817187994272e-8,true,-7.980000305565994,-7.979999999999999,true,true,1.6799999999988
unitbox_c_10_15_3_100.jl,16,2.7413817187994272e-8,true,-7.980000305565994,-7.979999999999999,true,true,2.7300000000033102
unitbox_c_10_15_3_100.jl,16,2.7413817187994272e-8,true,-7.980000305565994,-7.979999999999999,true,true,1.1999999999992081
unitbox_c_10_15_3_100.jl,16,1.4142135711995096,true,-7.980000305565994,-7.109999999999998,true,true,2.7000000000031137
unitbox_c_10_15_3_100.jl,16,2.7413817187994272e-8,true,-7.980000305565994,-7.979999999999999,true,true,1.799999999998698
unitbox_c_10_15_3_100.jl,16,2.7413817187994272e-8,true,-7.980000305565994,-7.979999999999999,true,true,4.230000000009732
unitbox_c_10_15_3_100.jl,16,2.7413817187994272e-8,true,-7.980000305565994,-7.979999999999999,true,true,2.370000000000952
unitbox_c_10_15_3_100.jl,16,2.6704440412912307,true,-7.980000305565994,-1.1735556601478645,true,true,2.3100000000005587
unitbox_c_10_15_3_100.jl,16,2.7413817187994272e-8,true,-7.980000305565994,-7.979999999999999,true,true,2.940000000004686
unitbox_c_10_15_3_100.jl,32,2.7413817187994272e-8,true,-7.980000305565994,-7.979999999999999,true,false,3.1500000000060617
unitbox_c_10_15_3_100.jl,32,2.7413817187994272e-8,true,-7.980000305565994,-7.979999999999999,true,true,2.8500000000040964
unitbox_c_10_15_3_100.jl,32,2.7413817187994272e-8,true,-7.980000305565994,-7.979999999999999,true,true,1.799999999998698
unitbox_c_10_15_3_100.jl,32,2.7413817187994272e-8,true,-7.980000305565994,-7.979999999999999,true,true,1.499999999998953
unitbox_c_10_15_3_100.jl,32,2.7413817187994272e-8,true,-7.980000305565994,-7.979999999999999,true,true,1.0499999999993357
unitbox_c_10_15_3_100.jl,32,2.7413817187994272e-8,true,-7.980000305565994,-7.979999999999999,true,true,3.6900000000095994
unitbox_c_10_15_3_100.jl,32,1.4142135711995096,true,-7.980000305565994,-7.109999999999998,true,true,2.940000000004686
unitbox_c_10_15_3_100.jl,32,2.681239452193937,true,-7.980000305565994,-1.1740070505817297,true,true,1.1699999999992337
unitbox_c_10_15_3_100.jl,32,2.7413817187994272e-8,true,-7.980000305565994,-7.979999999999999,true,true,4.800000000005029
unitbox_c_10_15_3_100.jl,32,2.7413817187994272e-8,true,-7.980000305565994,-7.979999999999999,true,true,1.2299999999991826
unitbox_c_10_15_3_100.jl,32,2.7413817187994272e-8,true,-7.980000305565994,-7.979999999999999,true,true,2.7000000000031137
unitbox_c_10_15_3_100.jl,32,2.7413817187994272e-8,true,-7.980000305565994,-7.979999999999999,true,true,2.1299999999993795
unitbox_c_10_15_3_100.jl,32,2.7413817187994272e-8,true,-7.980000305565994,-7.979999999999999,true,true,2.8500000000040964
unitbox_c_10_15_3_100.jl,32,2.6810981754750807,true,-7.980000305565994,-1.1740497028507357,true,true,4.0500000000112175
unitbox_c_10_15_3_100.jl,32,2.7413817187994272e-8,true,-7.980000305565994,-7.979999999999999,true,true,2.8500000000040964
unitbox_c_10_15_3_100.jl,32,2.7413817187994272e-8,true,-7.980000305565994,-7.979999999999999,true,true,3.060000000005472
unitbox_c_10_15_3_100.jl,32,2.7413817187994272e-8,true,-7.980000305565994,-7.979999999999999,true,true,1.379999999999055
unitbox_c_10_15_3_100.jl,32,2.7413817187994272e-8,true,-7.980000305565994,-7.979999999999999,true,true,1.499999999998953
unitbox_c_10_15_3_100.jl,32,2.7413817187994272e-8,true,-7.980000305565994,-7.979999999999999,true,true,2.610000000002524
unitbox_c_10_15_3_100.jl,32,2.7413817187994272e-8,true,-7.980000305565994,-7.979999999999999,true,true,2.940000000004686
unitbox_c_10_15_3_100.jl,32,2.7413817187994272e-8,true,-7.980000305565994,-7.979999999999999,true,true,2.430000000001345
unitbox_c_10_15_3_50.jl,0,2.6949944096200945e-8,true,-7.830000170106608,-7.83,true,false,1.1699999999992337
unitbox_c_10_15_3_50.jl,0,2.6949944096200945e-8,true,-7.830000170106608,-7.83,true,true,3.120000000005865
unitbox_c_10_15_3_50.jl,0,2.6949944096200945e-8,true,-7.830000170106608,-7.83,true,true,2.3100000000005587
unitbox_c_10_15_3_50.jl,0,2.000000016112811,true,-7.830000170106608,-7.0,true,true,1.4099999999990296
unitbox_c_10_15_3_50.jl,0,2.6949944096200945e-8,true,-7.830000170106608,-7.83,true,true,1.1099999999992847
unitbox_c_10_15_3_50.jl,0,2.6949944096200945e-8,true,-7.830000170106608,-7.83,true,true,1.1699999999992337
unitbox_c_10_15_3_50.jl,0,2.6949944096200945e-8,true,-7.830000170106608,-7.83,true,true,5.280000000001068
unitbox_c_10_15_3_50.jl,0,2.6949944096200945e-8,true,-7.830000170106608,-7.83,true,true,1.3499999999990806
unitbox_c_10_15_3_50.jl,0,2.6949944096200945e-8,true,-7.830000170106608,-7.83,true,true,0.9599999999994122
unitbox_c_10_15_3_50.jl,0,2.6949944096200945e-8,true,-7.830000170106608,-7.83,true,true,5.1900000000018105
unitbox_c_10_15_3_50.jl,0,2.6949944096200945e-8,true,-7.830000170106608,-7.83,true,true,3.720000000009796
unitbox_c_10_15_3_50.jl,0,2.235999428059422,true,-7.830000170106608,-5.119999999999999,true,true,0.7199999999996163
unitbox_c_10_15_3_50.jl,0,2.6949944096200945e-8,true,-7.830000170106608,-7.83,true,true,1.979999999998545
unitbox_c_10_15_3_50.jl,0,2.6949944096200945e-8,true,-7.830000170106608,-7.83,true,true,0.7799999999995653
unitbox_c_10_15_3_50.jl,0,2.000000016112811,true,-7.830000170106608,-7.0,true,true,0.6899999999996418
unitbox_c_10_15_3_50.jl,0,2.000000016112811,true,-7.830000170106608,-7.0,true,true,0.7499999999995908
unitbox_c_10_15_3_50.jl,0,2.6949944096200945e-8,true,-7.830000170106608,-7.83,true,true,1.1399999999992592
unitbox_c_10_15_3_50.jl,0,2.6949944096200945e-8,true,-7.830000170106608,-7.83,true,true,1.7099999999987745
unitbox_c_10_15_3_50.jl,0,2.2359408015735736,true,-7.830000170106608,-5.119999999999999,true,true,0.8399999999995142
unitbox_c_10_15_3_50.jl,0,2.6949944096200945e-8,true,-7.830000170106608,-7.83,true,true,1.2299999999991826
unitbox_c_10_15_3_50.jl,0,2.10002471708134,true,-7.830000170106608,-5.119999999999999,true,true,1.1099999999992847
unitbox_c_10_15_3_50.jl,8,2.000000016112811,true,-7.830000170106608,-7.0,true,false,0.7799999999995653
unitbox_c_10_15_3_50.jl,8,1.4142135730485659,true,-7.830000170106608,-6.8100000000000005,true,true,0.8099999999995398
unitbox_c_10_15_3_50.jl,8,2.000000016112811,true,-7.830000170106608,-7.0,true,true,0.5999999999997183
unitbox_c_10_15_3_50.jl,8,1.4142135730485659,true,-7.830000170106608,-6.8100000000000005,true,true,7.679999999981264
unitbox_c_10_15_3_50.jl,8,2.000000016112811,true,-7.830000170106608,-7.0,true,true,7.1399999999857195
unitbox_c_10_15_3_50.jl,8,2.0000000171669785,true,-7.830000170106608,-4.699999999999999,true,true,3.5400000000086167
unitbox_c_10_15_3_50.jl,8,2.6949944096200945e-8,true,-7.830000170106608,-7.83,true,true,1.8299999999986725
unitbox_c_10_15_3_50.jl,8,1.4142135734204704,true,-7.830000170106608,-6.58,true,true,5.579999999998592
unitbox_c_10_15_3_50.jl,8,1.9965952390979635,true,-7.830000170106608,-6.993992185296423,true,true,10.000020000021332
unitbox_c_10_15_3_50.jl,8,2.6949944096200945e-8,true,-7.830000170106608,-7.83,true,true,9.18000000000382
unitbox_c_10_15_3_50.jl,8,2.000000016495212,true,-7.830000170106608,-5.120000000000001,true,true,3.1800000000062583
unitbox_c_10_15_3_50.jl,8,1.4142135734204704,true,-7.830000170106608,-6.58,true,true,1.9499999999985704
unitbox_c_10_15_3_50.jl,8,2.6949944096200945e-8,true,-7.830000170106608,-7.83,true,true,2.5800000000023275
unitbox_c_10_15_3_50.jl,8,2.6949944096200945e-8,true,-7.830000170106608,-7.83,true,true,1.379999999999055
unitbox_c_10_15_3_50.jl,8,2.000000016112811,true,-7.830000170106608,-7.0,true,true,2.0099999999985934
unitbox_c_10_15_3_50.jl,8,1.7835072112256845,true,-7.830000170106608,-5.98088089724673,true,true,10.000020000021332
unitbox_c_10_15_3_50.jl,8,2.2360679961033028,true,-7.830000170106608,-5.119999999999999,true,true,1.559999999998902
unitbox_c_10_15_3_50.jl,8,2.6949944096200945e-8,true,-7.830000170106608,-7.83,true,true,3.000000000005079
unitbox_c_10_15_3_50.jl,8,1.41421357448458,true,-7.830000170106608,-6.1800000000000015,true,true,0.7799999999995653
unitbox_c_10_15_3_50.jl,8,2.6949944096200945e-8,true,-7.830000170106608,-7.83,true,true,1.4099999999990296
unitbox_c_10_15_3_50.jl,8,2.000000016112811,true,-7.830000170106608,-7.0,true,true,0.9899999999993867
unitbox_c_10_15_3_50.jl,16,2.6949944096200945e-8,true,-7.830000170106608,-7.83,true,false,4.890000000004286
unitbox_c_10_15_3_50.jl,16,2.6949944096200945e-8,true,-7.830000170106608,-7.83,true,true,2.940000000004686
unitbox_c_10_15_3_50.jl,16,2.6949944096200945e-8,true,-7.830000170106608,-7.83,true,true,3.51000000000842
unitbox_c_10_15_3_50.jl,16,2.2150561291514563,true,-7.830000170106608,-5.12,true,true,0.8399999999995142
unitbox_c_10_15_3_50.jl,16,2.000000016112811,true,-7.830000170106608,-7.0,true,true,4.590000000006762
unitbox_c_10_15_3_50.jl,16,2.1600496625366445,true,-7.830000170106608,-5.12,true,true,0.9299999999994377
unitbox_c_10_15_3_50.jl,16,2.6949944096200945e-8,true,-7.830000170106608,-7.83,true,true,0.7799999999995653
unitbox_c_10_15_3_50.jl,16,2.6949944096200945e-8,true,-7.830000170106608,-7.83,true,true,3.2400000000066513
unitbox_c_10_15_3_50.jl,16,2.6949944096200945e-8,true,-7.830000170106608,-7.83,true,true,1.439999999999004
unitbox_c_10_15_3_50.jl,16,2.6949944096200945e-8,true,-7.830000170106608,-7.83,true,true,0.6599999999996673
unitbox_c_10_15_3_50.jl,16,2.6949944096200945e-8,true,-7.830000170106608,-7.83,true,true,2.5200000000019345
unitbox_c_10_15_3_50.jl,16,2.6949944096200945e-8,true,-7.830000170106608,-7.83,true,true,3.120000000005865
unitbox_c_10_15_3_50.jl,16,2.6949944096200945e-8,true,-7.830000170106608,-7.83,true,true,1.2299999999991826
unitbox_c_10_15_3_50.jl,16,2.6949944096200945e-8,true,-7.830000170106608,-7.83,true,true,0.9599999999994122
unitbox_c_10_15_3_50.jl,16,2.6949944096200945e-8,true,-7.830000170106608,-7.83,true,true,2.9700000000048825
unitbox_c_10_15_3_50.jl,16,2.6949944096200945e-8,true,-7.830000170106608,-7.83,true,true,1.2599999999991571
unitbox_c_10_15_3_50.jl,16,2.000000016112811,true,-7.830000170106608,-7.0,true,true,1.1099999999992847
unitbox_c_10_15_3_50.jl,16,2.180917130072898,true,-7.830000170106608,-5.119999999999999,true,true,1.1999999999992081
unitbox_c_10_15_3_50.jl,16,2.6949944096200945e-8,true,-7.830000170106608,-7.83,true,true,3.120000000005865
unitbox_c_10_15_3_50.jl,16,2.6949944096200945e-8,true,-7.830000170106608,-7.83,true,true,4.800000000005029
unitbox_c_10_15_3_50.jl,16,2.6949944096200945e-8,true,-7.830000170106608,-7.83,true,true,4.410000000008247
unitbox_c_10_15_3_50.jl,32,2.6949944096200945e-8,true,-7.830000170106608,-7.83,true,false,5.4599999999995825
unitbox_c_10_15_3_50.jl,32,2.6949944096200945e-8,true,-7.830000170106608,-7.83,true,true,2.2500000000001656
unitbox_c_10_15_3_50.jl,32,2.000000016112811,true,-7.830000170106608,-7.0,true,true,1.6799999999988
unitbox_c_10_15_3_50.jl,32,2.6949944096200945e-8,true,-7.830000170106608,-7.83,true,true,1.2899999999991316
unitbox_c_10_15_3_50.jl,32,2.000000016112811,true,-7.830000170106608,-7.0,true,true,0.7499999999995908
unitbox_c_10_15_3_50.jl,32,2.6949944096200945e-8,true,-7.830000170106608,-7.83,true,true,3.210000000006455
unitbox_c_10_15_3_50.jl,32,2.000000016112811,true,-7.830000170106608,-7.0,true,true,2.159999999999576
unitbox_c_10_15_3_50.jl,32,2.6949944096200945e-8,true,-7.830000170106608,-7.83,true,true,2.430000000001345
unitbox_c_10_15_3_50.jl,32,2.6949944096200945e-8,true,-7.830000170106608,-7.83,true,true,0.9299999999994377
unitbox_c_10_15_3_50.jl,32,2.161180277215151,true,-7.830000170106608,-5.12,true,true,1.2299999999991826
unitbox_c_10_15_3_50.jl,32,2.6949944096200945e-8,true,-7.830000170106608,-7.83,true,true,3.1500000000060617
unitbox_c_10_15_3_50.jl,32,2.6949944096200945e-8,true,-7.830000170106608,-7.83,true,true,1.4699999999989786
unitbox_c_10_15_3_50.jl,32,2.224840825991133,true,-7.830000170106608,-5.119999999999999,true,true,2.8200000000039
unitbox_c_10_15_3_50.jl,32,2.6949944096200945e-8,true,-7.830000170106608,-7.83,true,true,4.740000000005524
unitbox_c_10_15_3_50.jl,32,2.6949944096200945e-8,true,-7.830000170106608,-7.83,true,true,5.609999999998345
unitbox_c_10_15_3_50.jl,32,2.6949944096200945e-8,true,-7.830000170106608,-7.83,true,true,1.1399999999992592
unitbox_c_10_15_3_50.jl,32,2.6949944096200945e-8,true,-7.830000170106608,-7.83,true,true,1.439999999999004
unitbox_c_10_15_3_50.jl,32,2.6949944096200945e-8,true,-7.830000170106608,-7.83,true,true,4.3200000000089895
unitbox_c_10_15_3_50.jl,32,2.6949944096200945e-8,true,-7.830000170106608,-7.83,true,true,3.9900000000115647
unitbox_c_10_15_3_50.jl,32,2.6949944096200945e-8,true,-7.830000170106608,-7.83,true,true,1.619999999998851
unitbox_c_10_15_3_50.jl,32,2.000000016112811,true,-7.830000170106608,-7.0,true,true,0.3899999999998968
unitbox_c_10_20_1_100.jl,0,2.8695216800339494e-8,true,-8.19000024730909,-8.19,true,false,1.1399999999992592
unitbox_c_10_20_1_100.jl,0,2.4494897647636913,true,-8.19000024730909,-6.95,true,true,1.8299999999986725
unitbox_c_10_20_1_100.jl,0,2.8695216800339494e-8,true,-8.19000024730909,-8.19,true,true,1.7099999999987745
unitbox_c_10_20_1_100.jl,0,2.8695216800339494e-8,true,-8.19000024730909,-8.19,true,true,0.9599999999994122
unitbox_c_10_20_1_100.jl,0,2.4494897647636913,true,-8.19000024730909,-6.95,true,true,1.6499999999988255
unitbox_c_10_20_1_100.jl,0,1.7381212568008797,false,-8.19000024730909,-8.08687582603788,true,true,10.000020000021332
unitbox_c_10_20_1_100.jl,0,1.7359214201830908,false,-8.19000024730909,-8.080346959520663,true,true,10.000020000021332
unitbox_c_10_20_1_100.jl,0,2.8695216800339494e-8,true,-8.19000024730909,-8.19,true,true,5.220000000001563
unitbox_c_10_20_1_100.jl,0,2.8695216800339494e-8,true,-8.19000024730909,-8.19,true,true,0.8999999999994632
unitbox_c_10_20_1_100.jl,0,1.7380137880184126,false,-8.19000024730909,-8.144059067733,false,true,10.000020000021332
unitbox_c_10_20_1_100.jl,0,1.4990255310150118,false,-8.19000024730909,-6.601791423754011,false,true,10.000020000021332
unitbox_c_10_20_1_100.jl,0,1.4008176588500276,true,-8.19000024730909,-7.249307634679212,true,true,1.5899999999988765
unitbox_c_10_20_1_100.jl,0,1.7320508223302988,true,-8.19000024730909,-7.47,true,true,0.3899999999998968
unitbox_c_10_20_1_100.jl,0,1.7401416470273805,false,-8.19000024730909,-8.147912131140583,false,true,10.000020000021332
unitbox_c_10_20_1_100.jl,0,2.4494897647636913,true,-8.19000024730909,-6.95,true,true,1.4099999999990296
unitbox_c_10_20_1_100.jl,0,2.4494897647636913,true,-8.19000024730909,-6.95,true,true,1.859999999998647
unitbox_c_10_20_1_100.jl,0,2.8695216800339494e-8,true,-8.19000024730909,-8.19,true,true,1.5299999999989276
unitbox_c_10_20_1_100.jl,0,1.4838924421241608,false,-8.19000024730909,-6.582875581759265,false,true,10.000020000021332
unitbox_c_10_20_1_100.jl,0,1.7401903126054385,false,-8.19000024730909,-8.14798340592141,false,true,10.000020000021332
unitbox_c_10_20_1_100.jl,0,1.7370272209228323,false,-8.19000024730909,-8.141651371231463,false,true,10.000020000021332
unitbox_c_10_20_1_100.jl,0,2.4494897647636913,true,-8.19000024730909,-6.95,true,true,1.5299999999989276
unitbox_c_10_20_1_100.jl,8,2.4494897647636913,true,-8.19000024730909,-6.95,true,false,1.319999999999106
unitbox_c_10_20_1_100.jl,8,0.24539102706508653,true,-8.19000024730909,-8.081697224498587,true,true,6.509999999990918
unitbox_c_10_20_1_100.jl,8,0.44730599275989624,false,-8.19000024730909,-7.401596247851887,true,true,10.000020000021332
unitbox_c_10_20_1_100.jl,8,0.6217807570218081,false,-8.19000024730909,-7.176156230990755,true,true,10.000020000021332
unitbox_c_10_20_1_100.jl,8,1.414213573640206,true,-8.19000024730909,-6.520000000000001,true,true,2.430000000001345
unitbox_c_10_20_1_100.jl,8,1.744423891183932,true,-8.19000024730909,-8.152189287555617,false,true,1.619999999998851
unitbox_c_10_20_1_100.jl,8,2.8695216800339494e-8,true,-8.19000024730909,-8.19,true,true,1.0499999999993357
unitbox_c_10_20_1_100.jl,8,1.414213573640206,true,-8.19000024730909,-6.520000000000001,true,true,1.319999999999106
unitbox_c_10_20_1_100.jl,8,0.9088209537506208,false,-8.19000024730909,-7.397460788097896,true,true,10.000020000021332
unitbox_c_10_20_1_100.jl,8,1.8919852758782805,false,-8.19000024730909,-7.928904553612519,false,true,10.000020000021332
unitbox_c_10_20_1_100.jl,8,1.9752982747231973,true,-8.19000024730909,-7.732791516849018,false,true,3.720000000009796
unitbox_c_10_20_1_100.jl,8,1.752560191396735,false,-8.19000024730909,-6.45787317072829,false,true,10.000020000021332
unitbox_c_10_20_1_100.jl,8,0.4680132780290764,true,-8.19000024730909,-7.889305491330662,true,true,2.9700000000048825
unitbox_c_10_20_1_100.jl,8,1.5256221174530211,false,-8.19000024730909,-6.36831062543954,true,true,10.000020000021332
unitbox_c_10_20_1_100.jl,8,1.6301088774509618,true,-8.19000024730909,-6.676218658340559,false,true,1.7099999999987745
unitbox_c_10_20_1_100.jl,8,1.4242231986991174,true,-8.19000024730909,-7.259504401949644,true,true,3.000000000005079
unitbox_c_10_20_1_100.jl,8,1.034793025413194,false,-8.19000024730909,-7.633687712045201,true,true,10.000020000021332
unitbox_c_10_20_1_100.jl,8,0.2702372061219551,true,-8.19000024730909,-8.069052828699352,true,true,2.9100000000044894
unitbox_c_10_20_1_100.jl,8,0.48717071602995965,false,-8.19000024730909,-7.083924155855051,true,true,10.000020000021332
unitbox_c_10_20_1_100.jl,8,1.7320508223302988,true,-8.19000024730909,-7.47,true,true,2.670000000002917
unitbox_c_10_20_1_100.jl,8,2.4494897647636913,true,-8.19000024730909,-6.95,true,true,0.6599999999996673
unitbox_c_10_20_1_100.jl,16,1.7320508223302988,true,-8.19000024730909,-7.47,true,false,1.4699999999989786
unitbox_c_10_20_1_100.jl,16,1.4820398743140064,false,-8.19000024730909,-6.58087479267902,false,true,10.000020000021332
unitbox_c_10_20_1_100.jl,16,1.7320508223302988,true,-8.19000024730909,-7.47,true,true,0.4199999999998713
unitbox_c_10_20_1_100.jl,16,2.4494897647636913,true,-8.19000024730909,-6.95,true,true,0.7499999999995908
unitbox_c_10_20_1_100.jl,16,2.8695216800339494e-8,true,-8.19000024730909,-8.19,true,true,0.7499999999995908
unitbox_c_10_20_1_100.jl,16,2.8695216800339494e-8,true,-8.19000024730909,-8.19,true,true,1.5299999999989276
unitbox_c_10_20_1_100.jl,16,2.8695216800339494e-8,true,-8.19000024730909,-8.19,true,true,1.6499999999988255
unitbox_c_10_20_1_100.jl,16,2.8695216800339494e-8,true,-8.19000024730909,-8.19,true,true,1.319999999999106
unitbox_c_10_20_1_100.jl,16,2.8695216800339494e-8,true,-8.19000024730909,-8.19,true,true,1.7099999999987745
unitbox_c_10_20_1_100.jl,16,2.8695216800339494e-8,true,-8.19000024730909,-8.19,true,true,1.559999999998902
unitbox_c_10_20_1_100.jl,16,2.8695216800339494e-8,true,-8.19000024730909,-8.19,true,true,5.130000000002306
unitbox_c_10_20_1_100.jl,16,2.4494897647636913,true,-8.19000024730909,-6.95,true,true,0.7199999999996163
unitbox_c_10_20_1_100.jl,16,1.4840620015783117,false,-8.19000024730909,-6.610957646901924,false,true,10.000020000021332
unitbox_c_10_20_1_100.jl,16,1.7399083014663188,false,-8.19000024730909,-8.147561201197925,false,true,10.000020000021332
unitbox_c_10_20_1_100.jl,16,1.7320508223302988,true,-8.19000024730909,-7.47,true,true,1.0499999999993357
unitbox_c_10_20_1_100.jl,16,1.7320508223302988,true,-8.19000024730909,-7.47,true,true,1.559999999998902
unitbox_c_10_20_1_100.jl,16,2.8695216800339494e-8,true,-8.19000024730909,-8.19,true,true,1.7099999999987745
unitbox_c_10_20_1_100.jl,16,2.8695216800339494e-8,true,-8.19000024730909,-8.19,true,true,1.7699999999987235
unitbox_c_10_20_1_100.jl,16,1.7381712137745564,false,-8.19000024730909,-8.144401034896799,false,true,10.000020000021332
unitbox_c_10_20_1_100.jl,16,2.8695216800339494e-8,true,-8.19000024730909,-8.19,true,true,5.340000000000573
unitbox_c_10_20_1_100.jl,16,1.7376259902621574,false,-8.19000024730909,-8.143169741467027,false,true,10.000020000021332
unitbox_c_10_20_1_100.jl,32,1.7400935539408162,false,-8.19000024730909,-8.147841053397281,false,false,10.000020000021332
unitbox_c_10_20_1_100.jl,32,1.4933903089255471,false,-8.19000024730909,-6.6170878982734695,false,true,10.000020000021332
unitbox_c_10_20_1_100.jl,32,2.8695216800339494e-8,true,-8.19000024730909,-8.19,true,true,1.4699999999989786
unitbox_c_10_20_1_100.jl,32,2.8695216800339494e-8,true,-8.19000024730909,-8.19,true,true,5.609999999998345
unitbox_c_10_20_1_100.jl,32,1.400623394505179,true,-8.19000024730909,-7.2492929362408285,true,true,2.430000000001345
unitbox_c_10_20_1_100.jl,32,1.4010763992137776,true,-8.19000024730909,-7.2493270026885925,true,true,2.159999999999576
unitbox_c_10_20_1_100.jl,32,2.8695216800339494e-8,true,-8.19000024730909,-8.19,true,true,1.5899999999988765
unitbox_c_10_20_1_100.jl,32,2.8695216800339494e-8,true,-8.19000024730909,-8.19,true,true,1.1399999999992592
unitbox_c_10_20_1_100.jl,32,2.8695216800339494e-8,true,-8.19000024730909,-8.19,true,true,1.8299999999986725
unitbox_c_10_20_1_100.jl,32,1.401310585022195,true,-8.19000024730909,-7.249344327117398,true,true,1.8299999999986725
unitbox_c_10_20_1_100.jl,32,2.8695216800339494e-8,true,-8.19000024730909,-8.19,true,true,0.5399999999997693
unitbox_c_10_20_1_100.jl,32,2.4494897647636913,true,-8.19000024730909,-6.95,true,true,1.7699999999987235
unitbox_c_10_20_1_100.jl,32,1.7320508223302988,true,-8.19000024730909,-7.47,true,true,2.3100000000005587
unitbox_c_10_20_1_100.jl,32,2.8695216800339494e-8,true,-8.19000024730909,-8.19,true,true,1.9499999999985704
unitbox_c_10_20_1_100.jl,32,2.4494897647636913,true,-8.19000024730909,-6.95,true,true,1.319999999999106
unitbox_c_10_20_1_100.jl,32,1.738514101972323,false,-8.19000024730909,-8.097355407862654,true,true,10.000020000021332
unitbox_c_10_20_1_100.jl,32,1.502170401750547,false,-8.19000024730909,-6.599248947502661,true,true,10.000020000021332
unitbox_c_10_20_1_100.jl,32,1.7358281850247295,false,-8.19000024730909,-8.093318119037272,true,true,10.000020000021332
unitbox_c_10_20_1_100.jl,32,1.5021543355787037,false,-8.19000024730909,-6.605354494829839,false,true,10.000020000021332
unitbox_c_10_20_1_100.jl,32,1.7320508223302988,true,-8.19000024730909,-7.47,true,true,0.8099999999995398
unitbox_c_10_20_1_100.jl,32,2.8695216800339494e-8,true,-8.19000024730909,-8.19,true,true,1.2599999999991571
unitbox_c_10_20_1_50.jl,0,2.2515897527529085,true,-5.04000019035865,-3.2820822533967506,true,false,1.5299999999989276
unitbox_c_10_20_1_50.jl,0,1.414213570780297,true,-5.04000019035865,-5.4,true,true,4.800000000005029
unitbox_c_10_20_1_50.jl,0,1.414213570780297,true,-5.04000019035865,-5.4,true,true,1.1399999999992592
unitbox_c_10_20_1_50.jl,0,1.414213570780297,true,-5.04000019035865,-5.4,true,true,1.1099999999992847
unitbox_c_10_20_1_50.jl,0,2.5052015688393285e-8,true,-5.04000019035865,-5.04,true,true,8.66999999999293
unitbox_c_10_20_1_50.jl,0,1.414213570780297,true,-5.04000019035865,-5.4,true,true,1.2299999999991826
unitbox_c_10_20_1_50.jl,0,2.5052015688393285e-8,true,-5.04000019035865,-5.04,true,true,0.3899999999998968
unitbox_c_10_20_1_50.jl,0,1.414213570780297,true,-5.04000019035865,-5.4,true,true,3.390000000007634
unitbox_c_10_20_1_50.jl,0,2.7219500843311564,false,-5.04000019035865,-3.834423276754621,true,true,10.000020000021332
unitbox_c_10_20_1_50.jl,0,2.5052015688393285e-8,true,-5.04000019035865,-5.04,true,true,8.69999999999357
unitbox_c_10_20_1_50.jl,0,2.745388308135722,false,-5.04000019035865,-3.910986080954337,true,true,10.000020000021332
unitbox_c_10_20_1_50.jl,0,2.5052015688393285e-8,true,-5.04000019035865,-5.04,true,true,5.909999999995869
unitbox_c_10_20_1_50.jl,0,2.726152830301868,false,-5.04000019035865,-3.8489023203719404,true,true,10.000020000021332
unitbox_c_10_20_1_50.jl,0,2.236275619725697,true,-5.04000019035865,-3.2890858204152242,true,true,1.2599999999991571
unitbox_c_10_20_1_50.jl,0,1.414213570780297,true,-5.04000019035865,-5.4,true,true,1.1999999999992081
unitbox_c_10_20_1_50.jl,0,2.2360679918738655,true,-5.04000019035865,-3.29,true,true,1.2899999999991316
unitbox_c_10_20_1_50.jl,0,1.414213570780297,true,-5.04000019035865,-5.4,true,true,3.6000000000090098
unitbox_c_10_20_1_50.jl,0,1.414213570780297,true,-5.04000019035865,-5.4,true,true,2.159999999999576
unitbox_c_10_20_1_50.jl,0,0.037476736621653205,true,-5.04000019035865,-5.032129884891004,true,true,10.000020000021332
unitbox_c_10_20_1_50.jl,0,2.777463501749706,false,-5.04000019035865,-4.003547480033173,false,true,10.000020000021332
unitbox_c_10_20_1_50.jl,0,2.7816378134851285,false,-5.04000019035865,-4.014983399286377,false,true,10.000020000021332
unitbox_c_10_20_1_50.jl,8,0.0020170433980520124,true,-5.04000019035865,-5.039576420467991,true,false,1.919999999998596
unitbox_c_10_20_1_50.jl,8,1.414213570780297,true,-5.04000019035865,-5.4,true,true,1.6799999999988
unitbox_c_10_20_1_50.jl,8,2.000000014690503,true,-5.04000019035865,-3.84,true,true,2.0099999999985934
unitbox_c_10_20_1_50.jl,8,1.414213570780297,true,-5.04000019035865,-5.4,true,true,6.77999999998869
unitbox_c_10_20_1_50.jl,8,0.6205194301372802,true,-5.04000019035865,-4.757133650801964,true,true,0.5999999999997183
unitbox_c_10_20_1_50.jl,8,1.414213570780297,true,-5.04000019035865,-5.4,true,true,0.6299999999996928
unitbox_c_10_20_1_50.jl,8,1.414213570780297,true,-5.04000019035865,-5.4,true,true,8.609999999991649
unitbox_c_10_20_1_50.jl,8,1.2703333199477973,true,-5.04000019035865,-4.477461044691291,true,true,1.0799999999993102
unitbox_c_10_20_1_50.jl,8,1.7320508132828891,true,-5.04000019035865,-4.220000000000001,true,true,4.710000000005771
unitbox_c_10_20_1_50.jl,8,2.9162101036710957,false,-5.04000019035865,-4.184289846226668,false,true,10.000020000021332
unitbox_c_10_20_1_50.jl,8,1.7320508132828891,true,-5.04000019035865,-4.220000000000001,true,true,8.819999999996133
unitbox_c_10_20_1_50.jl,8,1.0000000044445743,true,-5.04000019035865,-4.59,true,true,1.0199999999993612
unitbox_c_10_20_1_50.jl,8,2.2360679918738655,true,-5.04000019035865,-3.29,true,true,6.809999999988443
unitbox_c_10_20_1_50.jl,8,1.414213570780297,true,-5.04000019035865,-5.4,true,true,6.839999999988195
unitbox_c_10_20_1_50.jl,8,0.99999999800738,true,-5.04000019035865,-4.83,true,true,2.2500000000001656
unitbox_c_10_20_1_50.jl,8,1.414213570780297,true,-5.04000019035865,-5.4,true,true,1.0799999999993102
unitbox_c_10_20_1_50.jl,8,2.8284271479474086,true,-5.04000019035865,-1.69,true,true,1.1399999999992592
unitbox_c_10_20_1_50.jl,8,1.7320508132828891,true,-5.04000019035865,-4.220000000000001,true,true,8.039999999979477
unitbox_c_10_20_1_50.jl,8,1.414213570780297,true,-5.04000019035865,-5.4,true,true,0.6599999999996673
unitbox_c_10_20_1_50.jl,8,0.99999999800738,true,-5.04000019035865,-4.83,true,true,1.8899999999986214
unitbox_c_10_20_1_50.jl,8,1.414213570780297,true,-5.04000019035865,-5.4,true,true,3.210000000006455
unitbox_c_10_20_1_50.jl,16,1.414213570780297,true,-5.04000019035865,-5.4,true,false,0.8399999999995142
unitbox_c_10_20_1_50.jl,16,1.414213570780297,true,-5.04000019035865,-5.4,true,true,0.8999999999994632
unitbox_c_10_20_1_50.jl,16,1.414213570780297,true,-5.04000019035865,-5.4,true,true,1.0799999999993102
unitbox_c_10_20_1_50.jl,16,1.414213570780297,true,-5.04000019035865,-5.4,true,true,2.430000000001345
unitbox_c_10_20_1_50.jl,16,2.5052015688393285e-8,true,-5.04000019035865,-5.04,true,true,4.890000000004286
unitbox_c_10_20_1_50.jl,16,2.7327708175348286,false,-5.04000019035865,-3.870988024867594,true,true,10.000020000021332
unitbox_c_10_20_1_50.jl,16,1.414213570780297,true,-5.04000019035865,-5.4,true,true,1.2299999999991826
unitbox_c_10_20_1_50.jl,16,1.414213570780297,true,-5.04000019035865,-5.4,true,true,2.6400000000027206
unitbox_c_10_20_1_50.jl,16,1.414213570780297,true,-5.04000019035865,-5.4,true,true,2.280000000000362
unitbox_c_10_20_1_50.jl,16,2.7254187212664562,false,-5.04000019035865,-3.8463997892339448,true,true,10.000020000021332
unitbox_c_10_20_1_50.jl,16,2.5052015688393285e-8,true,-5.04000019035865,-5.04,true,true,0.8399999999995142
unitbox_c_10_20_1_50.jl,16,1.414213570780297,true,-5.04000019035865,-5.4,true,true,2.8500000000040964
unitbox_c_10_20_1_50.jl,16,2.5052015688393285e-8,true,-5.04000019035865,-5.04,true,true,6.569999999990423
unitbox_c_10_20_1_50.jl,16,1.414213570780297,true,-5.04000019035865,-5.4,true,true,2.940000000004686
unitbox_c_10_20_1_50.jl,16,1.414213570780297,true,-5.04000019035865,-5.4,true,true,0.8699999999994887
unitbox_c_10_20_1_50.jl,16,2.5052015688393285e-8,true,-5.04000019035865,-5.04,true,true,0.8399999999995142
unitbox_c_10_20_1_50.jl,16,1.414213570780297,true,-5.04000019035865,-5.4,true,true,1.619999999998851
unitbox_c_10_20_1_50.jl,16,1.414213570780297,true,-5.04000019035865,-5.4,true,true,1.1399999999992592
unitbox_c_10_20_1_50.jl,16,2.5052015688393285e-8,true,-5.04000019035865,-5.04,true,true,1.499999999998953
unitbox_c_10_20_1_50.jl,16,2.5052015688393285e-8,true,-5.04000019035865,-5.04,true,true,7.01999999998671
unitbox_c_10_20_1_50.jl,16,1.414213570780297,true,-5.04000019035865,-5.4,true,true,0.8999999999994632
unitbox_c_10_20_1_50.jl,32,0.09111704716787718,true,-5.04000019035865,-5.020865419676297,true,false,10.000020000021332
unitbox_c_10_20_1_50.jl,32,2.7629459708599393,false,-5.04000019035865,-3.9628509860684735,false,true,10.000020000021332
unitbox_c_10_20_1_50.jl,32,1.414213570780297,true,-5.04000019035865,-5.4,true,true,1.8899999999986214
unitbox_c_10_20_1_50.jl,32,1.414213570780297,true,-5.04000019035865,-5.4,true,true,2.2500000000001656
unitbox_c_10_20_1_50.jl,32,2.5052015688393285e-8,true,-5.04000019035865,-5.04,true,true,1.319999999999106
unitbox_c_10_20_1_50.jl,32,1.414213570780297,true,-5.04000019035865,-5.4,true,true,2.550000000002131
unitbox_c_10_20_1_50.jl,32,0.28031856860820575,true,-5.04000019035865,-4.981133100173827,true,true,10.000020000021332
unitbox_c_10_20_1_50.jl,32,2.731927007460869,false,-5.04000019035865,-3.8682177131937125,true,true,10.000020000021332
unitbox_c_10_20_1_50.jl,32,2.5052015688393285e-8,true,-5.04000019035865,-5.04,true,true,0.9899999999993867
unitbox_c_10_20_1_50.jl,32,1.414213570780297,true,-5.04000019035865,-5.4,true,true,1.2599999999991571
unitbox_c_10_20_1_50.jl,32,2.5052015688393285e-8,true,-5.04000019035865,-5.04,true,true,4.950000000003791
unitbox_c_10_20_1_50.jl,32,1.414213570780297,true,-5.04000019035865,-5.4,true,true,0.6299999999996928
unitbox_c_10_20_1_50.jl,32,2.5052015688393285e-8,true,-5.04000019035865,-5.04,true,true,2.219999999999969
unitbox_c_10_20_1_50.jl,32,1.414213570780297,true,-5.04000019035865,-5.4,true,true,1.2899999999991316
unitbox_c_10_20_1_50.jl,32,1.414213570780297,true,-5.04000019035865,-5.4,true,true,1.7699999999987235
unitbox_c_10_20_1_50.jl,32,2.5052015688393285e-8,true,-5.04000019035865,-5.04,true,true,1.619999999998851
unitbox_c_10_20_1_50.jl,32,2.721699301031563,false,-5.04000019035865,-3.833547350893446,true,true,10.000020000021332
unitbox_c_10_20_1_50.jl,32,1.414213570780297,true,-5.04000019035865,-5.4,true,true,0.9599999999994122
unitbox_c_10_20_1_50.jl,32,1.414213570780297,true,-5.04000019035865,-5.4,true,true,0.8099999999995398
unitbox_c_10_20_1_50.jl,32,1.414213570780297,true,-5.04000019035865,-5.4,true,true,2.099999999999183
unitbox_c_10_20_1_50.jl,32,2.5052015688393285e-8,true,-5.04000019035865,-5.04,true,true,6.209999999993394
unitbox_c_10_20_2_100.jl,0,0.03642666577652298,true,-15.944192991720142,-15.943109145550169,true,false,2.490000000001738
unitbox_c_10_20_2_100.jl,0,0.0791740585750217,true,-15.944192991720142,-15.941442269465668,true,true,3.270000000006848
unitbox_c_10_20_2_100.jl,0,0.03904672052696408,true,-15.944192991720142,-15.94293428927872,true,true,1.7699999999987235
unitbox_c_10_20_2_100.jl,0,0.035594260189451075,true,-15.944192991720142,-15.94315545092416,true,true,2.1899999999997726
unitbox_c_10_20_2_100.jl,0,0.035301684658547175,true,-15.944192991720142,-15.943030643671317,true,true,2.2500000000001656
unitbox_c_10_20_2_100.jl,0,0.07932817071765966,true,-15.944192991720142,-15.941446183787981,true,true,2.7900000000037033
unitbox_c_10_20_2_100.jl,0,0.03577175854206386,true,-15.944192991720142,-15.94314567053542,true,true,2.280000000000362
unitbox_c_10_20_2_100.jl,0,0.02372739696881001,true,-15.944192991720142,-15.943667682910478,true,true,1.1399999999992592
unitbox_c_10_20_2_100.jl,0,0.03579881202269755,true,-15.944192991720142,-15.943144175406061,true,true,2.550000000002131
unitbox_c_10_20_2_100.jl,0,0.039621704318246256,true,-15.944192991720142,-15.94288579429805,true,true,2.610000000002524
unitbox_c_10_20_2_100.jl,0,0.036035317784472484,true,-15.944192991720142,-15.943131054604057,true,true,2.5800000000023275
unitbox_c_10_20_2_100.jl,0,0.07994956477604954,true,-15.944192991720142,-15.941420548639785,true,true,3.330000000007241
unitbox_c_10_20_2_100.jl,0,0.07724273387765597,true,-15.944192991720142,-15.941508756902191,true,true,2.7000000000031137
unitbox_c_10_20_2_100.jl,0,0.08059881333069614,true,-15.944192991720142,-15.941376027446948,true,true,3.120000000005865
unitbox_c_10_20_2_100.jl,0,0.07983808368647947,true,-15.944192991720142,-15.941414703987542,true,true,4.260000000009485
unitbox_c_10_20_2_100.jl,0,0.03685658748950799,true,-15.944192991720142,-15.943084791890332,true,true,2.3100000000005587
unitbox_c_10_20_2_100.jl,0,0.03689645238082112,true,-15.944192991720142,-15.943082518524124,true,true,2.7000000000031137
unitbox_c_10_20_2_100.jl,0,0.07942300517727875,true,-15.944192991720142,-15.941441280290475,true,true,3.4200000000078306
unitbox_c_10_20_2_100.jl,0,0.07954911948500167,true,-15.944192991720142,-15.941431535352725,true,true,3.3000000000070444
unitbox_c_10_20_2_100.jl,0,0.0748532365180027,true,-15.944192991720142,-15.941627392017066,true,true,4.290000000009237
unitbox_c_10_20_2_100.jl,0,0.03621529743394738,true,-15.944192991720142,-15.943121009379048,true,true,2.0699999999989864
unitbox_c_10_20_2_100.jl,8,0.256302439808538,true,-15.944192991720142,-15.898290482304343,true,false,2.2500000000001656
unitbox_c_10_20_2_100.jl,8,0.8452929357531294,true,-15.944192991720142,-15.611289344895571,true,true,4.440000000007999
unitbox_c_10_20_2_100.jl,8,0.4189271186230882,true,-15.944192991720142,-15.851101434557956,true,true,3.3000000000070444
unitbox_c_10_20_2_100.jl,8,1.2596605598809822,true,-15.944192991720142,-14.539997890877679,true,true,2.9100000000044894
unitbox_c_10_20_2_100.jl,8,0.8804093208605155,true,-15.944192991720142,-15.5823823722988,true,true,2.6400000000027206
unitbox_c_10_20_2_100.jl,8,0.7378506588480611,true,-15.944192991720142,-15.440704497396355,true,true,2.9700000000048825
unitbox_c_10_20_2_100.jl,8,0.5232410394334567,true,-15.944192991720142,-15.686728748981277,true,true,1.379999999999055
unitbox_c_10_20_2_100.jl,8,0.3978982165207229,true,-15.944192991720142,-15.873762494384193,true,true,2.3400000000007553
unitbox_c_10_20_2_100.jl,8,0.5570004079471625,true,-15.944192991720142,-15.80290869170646,true,true,6.479999999991166
unitbox_c_10_20_2_100.jl,8,1.032240869444245,true,-15.944192991720142,-14.723636466831202,true,true,2.4600000000015414
unitbox_c_10_20_2_100.jl,8,0.319873490726119,true,-15.944192991720142,-15.89762193814926,true,true,2.0099999999985934
unitbox_c_10_20_2_100.jl,8,0.9564095685762204,true,-15.944192991720142,-15.221660402964247,true,true,5.879999999996117
unitbox_c_10_20_2_100.jl,8,1.2325704053084245,true,-15.944192991720142,-14.605665825659504,true,true,4.110000000010722
unitbox_c_10_20_2_100.jl,8,0.7192645229539059,true,-15.944192991720142,-15.449741800468072,true,true,1.7699999999987235
unitbox_c_10_20_2_100.jl,8,0.9840715500098068,true,-15.944192991720142,-15.489999999999997,true,true,0.5399999999997693
unitbox_c_10_20_2_100.jl,8,0.5009303091107372,true,-15.944192991720142,-15.724147989856485,true,true,2.03999999999879
unitbox_c_10_20_2_100.jl,8,0.066364420606933,true,-15.944192991720142,-15.939999999999996,true,true,1.319999999999106
unitbox_c_10_20_2_100.jl,8,0.9840715500098068,true,-15.944192991720142,-15.489999999999997,true,true,2.0099999999985934
unitbox_c_10_20_2_100.jl,8,0.6798203193025567,true,-15.944192991720142,-15.731235369846386,true,true,1.559999999998902
unitbox_c_10_20_2_100.jl,8,0.066364420606933,true,-15.944192991720142,-15.939999999999996,true,true,0.9299999999994377
unitbox_c_10_20_2_100.jl,8,1.1516900497733267,true,-15.944192991720142,-14.942619913017596,true,true,1.7099999999987745
unitbox_c_10_20_2_100.jl,16,0.023277496365145766,true,-15.944192991720142,-15.943677669838927,true,false,0.9299999999994377
unitbox_c_10_20_2_100.jl,16,0.07531820368020964,true,-15.944192991720142,-15.94168781947724,true,true,3.4800000000082236
unitbox_c_10_20_2_100.jl,16,0.0386677292223467,true,-15.944192991720142,-15.943021350628355,true,true,1.6499999999988255
unitbox_c_10_20_2_100.jl,16,0.0343928733013231,true,-15.944192991720142,-15.943064943395607,true,true,2.1299999999993795
unitbox_c_10_20_2_100.jl,16,0.03442115715726299,true,-15.944192991720142,-15.943191678850607,true,true,1.919999999998596
unitbox_c_10_20_2_100.jl,16,0.03030576260094329,true,-15.944192991720142,-15.943358032611531,true,true,1.919999999998596
unitbox_c_10_20_2_100.jl,16,0.014914887683927599,true,-15.944192991720142,-15.944058538873913,true,true,1.439999999999004
unitbox_c_10_20_2_100.jl,16,0.08273300087131118,true,-15.944192991720142,-15.941202341356181,true,true,4.170000000010227
unitbox_c_10_20_2_100.jl,16,0.039501338232495,true,-15.944192991720142,-15.942861848541627,true,true,2.6400000000027206
unitbox_c_10_20_2_100.jl,16,0.07261629639661321,true,-15.944192991720142,-15.94188405374274,true,true,3.9300000000111717
unitbox_c_10_20_2_100.jl,16,0.08433172058296838,true,-15.944192991720142,-15.941108183843747,true,true,3.840000000010582
unitbox_c_10_20_2_100.jl,16,0.06094581973143356,true,-15.944192991720142,-15.942342710503643,true,true,2.280000000000362
unitbox_c_10_20_2_100.jl,16,0.026383598449260505,true,-15.944192991720142,-15.943789302978246,true,true,0.8399999999995142
unitbox_c_10_20_2_100.jl,16,0.0749689376200656,true,-15.944192991720142,-15.941594341271955,true,true,2.430000000001345
unitbox_c_10_20_2_100.jl,16,0.03759635674500724,true,-15.944192991720142,-15.943057691090495,true,true,2.7900000000037033
unitbox_c_10_20_2_100.jl,16,0.07306434465449684,true,-15.944192991720142,-15.94175789319506,true,true,3.330000000007241
unitbox_c_10_20_2_100.jl,16,0.03243121447576026,true,-15.944192991720142,-15.943202985987732,true,true,2.610000000002524
unitbox_c_10_20_2_100.jl,16,0.07563393137465835,true,-15.944192991720142,-15.941620428685118,true,true,3.0900000000056687
unitbox_c_10_20_2_100.jl,16,0.034127842471822406,true,-15.944192991720142,-15.943175739100562,true,true,2.099999999999183
unitbox_c_10_20_2_100.jl,16,0.03817075665502433,true,-15.944192991720142,-15.94304523640875,true,true,2.03999999999879
unitbox_c_10_20_2_100.jl,16,0.03350428766049087,true,-15.944192991720142,-15.943248427522496,true,true,2.8500000000040964
unitbox_c_10_20_2_100.jl,32,0.036584549218628526,true,-15.944192991720142,-15.943145321173503,true,false,1.5299999999989276
unitbox_c_10_20_2_100.jl,32,0.03595409718635579,true,-15.944192991720142,-15.943135587473396,true,true,1.4699999999989786
unitbox_c_10_20_2_100.jl,32,0.0362890393404831,true,-15.944192991720142,-15.943116878880096,true,true,2.0699999999989864
unitbox_c_10_20_2_100.jl,32,0.08006121815283317,true,-15.944192991720142,-15.941412918509101,true,true,3.780000000010189
unitbox_c_10_20_2_100.jl,32,0.03589838658863655,true,-15.944192991720142,-15.943138785399167,true,true,1.6799999999988
unitbox_c_10_20_2_100.jl,32,0.07952165271771841,true,-15.944192991720142,-15.941429338340972,true,true,4.770000000005276
unitbox_c_10_20_2_100.jl,32,0.076115051258648,true,-15.944192991720142,-15.941584682948065,true,true,2.940000000004686
unitbox_c_10_20_2_100.jl,32,0.08034608919842737,true,-15.944192991720142,-15.941385353992628,true,true,3.9300000000111717
unitbox_c_10_20_2_100.jl,32,0.08059421355312396,true,-15.944192991720142,-15.941376344853609,true,true,3.2400000000066513
unitbox_c_10_20_2_100.jl,32,0.024243854454187978,true,-15.944192991720142,-15.943631877045217,true,true,1.4099999999990296
unitbox_c_10_20_2_100.jl,32,0.0362358142776013,true,-15.944192991720142,-15.943119861144558,true,true,2.159999999999576
unitbox_c_10_20_2_100.jl,32,0.03521118673484581,true,-15.944192991720142,-15.943376935346386,true,true,1.2899999999991316
unitbox_c_10_20_2_100.jl,32,0.0735861454166856,true,-15.944192991720142,-15.941681490025308,true,true,2.4000000000011483
unitbox_c_10_20_2_100.jl,32,0.07914293417964627,true,-15.944192991720142,-15.941456584585405,true,true,3.390000000007634
unitbox_c_10_20_2_100.jl,32,0.0364378900351761,true,-15.944192991720142,-15.943108514466633,true,true,2.7900000000037033
unitbox_c_10_20_2_100.jl,32,0.03640833708522426,true,-15.944192991720142,-15.943110177241078,true,true,2.1299999999993795
unitbox_c_10_20_2_100.jl,32,0.03545335502202847,true,-15.944192991720142,-15.943163178943053,true,true,2.280000000000362
unitbox_c_10_20_2_100.jl,32,0.03649864290853153,true,-15.944192991720142,-15.943105089378646,true,true,2.880000000004293
unitbox_c_10_20_2_100.jl,32,0.08007827346697399,true,-15.944192991720142,-15.941401754931137,true,true,4.140000000010475
unitbox_c_10_20_2_100.jl,32,0.03540191725714459,true,-15.944192991720142,-15.943165992454674,true,true,2.2500000000001656
unitbox_c_10_20_2_100.jl,32,0.03640613412798805,true,-15.944192991720142,-15.943110301124857,true,true,2.0099999999985934
unitbox_c_10_20_2_50.jl,0,2.1489688074142266,true,-3.080000149309092,-0.9883612062721435,true,false,10.000020000021332
unitbox_c_10_20_2_50.jl,0,2.818827874156288e-8,true,-3.080000149309092,-3.08,true,true,1.5299999999989276
unitbox_c_10_20_2_50.jl,0,1.7320508207603724,true,-3.080000149309092,-3.1300000000000003,true,true,5.220000000001563
unitbox_c_10_20_2_50.jl,0,1.4142135748707731,true,-3.080000149309092,-2.9299999999999997,true,true,1.319999999999106
unitbox_c_10_20_2_50.jl,0,1.4142233360188947,true,-3.080000149309092,-2.9503152766289835,true,true,0.8699999999994887
unitbox_c_10_20_2_50.jl,0,1.7320508207603724,true,-3.080000149309092,-3.1300000000000003,true,true,3.6000000000090098
unitbox_c_10_20_2_50.jl,0,2.818827874156288e-8,true,-3.080000149309092,-3.08,true,true,2.880000000004293
unitbox_c_10_20_2_50.jl,0,2.0000000184281217,true,-3.080000149309092,-2.4699999999999998,true,true,6.449999999991413
unitbox_c_10_20_2_50.jl,0,1.4142135748707731,true,-3.080000149309092,-2.9299999999999997,true,true,1.319999999999106
unitbox_c_10_20_2_50.jl,0,1.4268653940885057,true,-3.080000149309092,-2.9613754709502818,true,true,1.1399999999992592
unitbox_c_10_20_2_50.jl,0,1.4142242197740569,true,-3.080000149309092,-2.950329238662536,true,true,4.530000000007257
unitbox_c_10_20_2_50.jl,0,1.4142135748707731,true,-3.080000149309092,-2.9299999999999997,true,true,0.9299999999994377
unitbox_c_10_20_2_50.jl,0,2.0000000184281217,true,-3.080000149309092,-2.4699999999999998,true,true,6.359999999992156
unitbox_c_10_20_2_50.jl,0,1.7320508207603724,true,-3.080000149309092,-3.1300000000000003,true,true,1.739999999998749
unitbox_c_10_20_2_50.jl,0,2.0000000184281217,true,-3.080000149309092,-2.4699999999999998,true,true,5.789999999996859
unitbox_c_10_20_2_50.jl,0,1.4142135748707731,true,-3.080000149309092,-2.9299999999999997,true,true,1.739999999998749
unitbox_c_10_20_2_50.jl,0,1.4142135748707731,true,-3.080000149309092,-2.9299999999999997,true,true,0.7499999999995908
unitbox_c_10_20_2_50.jl,0,2.4494897646981584,true,-3.080000149309092,-1.69,true,true,3.7500000000099925
unitbox_c_10_20_2_50.jl,0,1.4142135748707731,true,-3.080000149309092,-2.9299999999999997,true,true,2.219999999999969
unitbox_c_10_20_2_50.jl,0,0.8251275611443959,true,-3.080000149309092,-2.6496773199823465,true,true,0.6599999999996673
unitbox_c_10_20_2_50.jl,0,1.7320508207603724,true,-3.080000149309092,-3.1300000000000003,true,true,3.900000000010975
unitbox_c_10_20_2_50.jl,8,1.8026910912946075,false,-3.080000149309092,-3.035057945736664,true,false,7.289999999984482
unitbox_c_10_20_2_50.jl,8,2.2360679971430626,true,-3.080000149309092,-2.3899999999999997,true,true,2.0699999999989864
unitbox_c_10_20_2_50.jl,8,1.5151126257262648,true,-3.080000149309092,-2.754282390174457,true,true,3.9300000000111717
unitbox_c_10_20_2_50.jl,8,1.7320510343068656,false,-3.080000149309092,-2.590299751845201,true,true,10.000020000021332
unitbox_c_10_20_2_50.jl,8,2.2360679971430626,true,-3.080000149309092,-2.3899999999999997,true,true,2.0699999999989864
unitbox_c_10_20_2_50.jl,8,1.4142135748707731,true,-3.080000149309092,-2.9299999999999997,true,true,0.5999999999997183
unitbox_c_10_20_2_50.jl,8,1.8578782813903019,false,-3.080000149309092,-2.5933011181501087,true,true,10.000020000021332
unitbox_c_10_20_2_50.jl,8,2.2360679986605407,true,-3.080000149309092,-1.15,true,true,6.629999999989928
unitbox_c_10_20_2_50.jl,8,2.0000000184281217,true,-3.080000149309092,-2.4699999999999998,true,true,4.020000000011465
unitbox_c_10_20_2_50.jl,8,1.4142135718703104,true,-3.080000149309092,-2.52,true,true,5.7299999999973545
unitbox_c_10_20_2_50.jl,8,1.4142135734212486,true,-3.080000149309092,-2.1399999999999997,true,true,6.77999999998869
unitbox_c_10_20_2_50.jl,8,1.4142135718703104,true,-3.080000149309092,-2.52,true,true,2.7000000000031137
unitbox_c_10_20_2_50.jl,8,1.7320508225666054,true,-3.080000149309092,-2.59,true,true,1.1099999999992847
unitbox_c_10_20_2_50.jl,8,1.4142135748707731,true,-3.080000149309092,-2.9299999999999997,true,true,1.1999999999992081
unitbox_c_10_20_2_50.jl,8,2.818827874156288e-8,true,-3.080000149309092,-3.08,true,true,2.3100000000005587
unitbox_c_10_20_2_50.jl,8,1.4142135748707731,true,-3.080000149309092,-2.9299999999999997,true,true,2.7000000000031137
unitbox_c_10_20_2_50.jl,8,1.00000000706745,true,-3.080000149309092,-2.7700000000000005,true,true,2.3100000000005587
unitbox_c_10_20_2_50.jl,8,2.2360684768241397,true,-3.080000149309092,-1.1507896554731132,true,true,6.119999999994136
unitbox_c_10_20_2_50.jl,8,1.4142135748707731,true,-3.080000149309092,-2.9299999999999997,true,true,4.890000000004286
unitbox_c_10_20_2_50.jl,8,2.2360679971430626,true,-3.080000149309092,-2.3899999999999997,true,true,1.5299999999989276
unitbox_c_10_20_2_50.jl,8,2.2360679971430626,true,-3.080000149309092,-2.3899999999999997,true,true,4.860000000004534
unitbox_c_10_20_2_50.jl,16,1.4142135748707731,true,-3.080000149309092,-2.9299999999999997,true,false,0.4799999999998203
unitbox_c_10_20_2_50.jl,16,1.4142135748707731,true,-3.080000149309092,-2.9299999999999997,true,true,3.0300000000052756
unitbox_c_10_20_2_50.jl,16,1.4142135748707731,true,-3.080000149309092,-2.9299999999999997,true,true,0.8399999999995142
unitbox_c_10_20_2_50.jl,16,1.4142135748707731,true,-3.080000149309092,-2.9299999999999997,true,true,1.1999999999992081
unitbox_c_10_20_2_50.jl,16,2.818827874156288e-8,true,-3.080000149309092,-3.08,true,true,3.7500000000099925
unitbox_c_10_20_2_50.jl,16,2.818827874156288e-8,true,-3.080000149309092,-3.08,true,true,2.9700000000048825
unitbox_c_10_20_2_50.jl,16,1.4142135748707731,true,-3.080000149309092,-2.9299999999999997,true,true,1.2899999999991316
unitbox_c_10_20_2_50.jl,16,1.7320508207603724,true,-3.080000149309092,-3.1300000000000003,true,true,1.1399999999992592
unitbox_c_10_20_2_50.jl,16,2.818827874156288e-8,true,-3.080000149309092,-3.08,true,true,1.319999999999106
unitbox_c_10_20_2_50.jl,16,2.4494897646981584,true,-3.080000149309092,-1.69,true,true,2.6400000000027206
unitbox_c_10_20_2_50.jl,16,2.818827874156288e-8,true,-3.080000149309092,-3.08,true,true,2.550000000002131
unitbox_c_10_20_2_50.jl,16,2.4494897646981584,true,-3.080000149309092,-1.69,true,true,2.219999999999969
unitbox_c_10_20_2_50.jl,16,1.4142135748707731,true,-3.080000149309092,-2.9299999999999997,true,true,1.379999999999055
unitbox_c_10_20_2_50.jl,16,2.2439077996315437,false,-3.080000149309092,-1.0256368342892146,false,true,10.000020000021332
unitbox_c_10_20_2_50.jl,16,2.818827874156288e-8,true,-3.080000149309092,-3.08,true,true,2.430000000001345
unitbox_c_10_20_2_50.jl,16,1.4142135748707731,true,-3.080000149309092,-2.9299999999999997,true,true,0.3599999999999223
unitbox_c_10_20_2_50.jl,16,1.4142135748707731,true,-3.080000149309092,-2.9299999999999997,true,true,1.1999999999992081
unitbox_c_10_20_2_50.jl,16,1.4142135748707731,true,-3.080000149309092,-2.9299999999999997,true,true,2.8200000000039
unitbox_c_10_20_2_50.jl,16,2.818827874156288e-8,true,-3.080000149309092,-3.08,true,true,5.100000000002553
unitbox_c_10_20_2_50.jl,16,2.0000000184281217,true,-3.080000149309092,-2.4699999999999998,true,true,2.0699999999989864
unitbox_c_10_20_2_50.jl,16,1.7320508207603724,true,-3.080000149309092,-3.1300000000000003,true,true,7.259999999984729
unitbox_c_10_20_2_50.jl,32,2.818827874156288e-8,true,-3.080000149309092,-3.08,true,false,1.9499999999985704
unitbox_c_10_20_2_50.jl,32,1.7320508207603724,true,-3.080000149309092,-3.1300000000000003,true,true,6.359999999992156
unitbox_c_10_20_2_50.jl,32,2.2410794562189844,false,-3.080000149309092,-1.0305273028901556,false,true,10.000020000021332
unitbox_c_10_20_2_50.jl,32,2.818827874156288e-8,true,-3.080000149309092,-3.08,true,true,2.9700000000048825
unitbox_c_10_20_2_50.jl,32,1.4142681838979216,true,-3.080000149309092,-2.9507456980318203,true,true,4.860000000004534
unitbox_c_10_20_2_50.jl,32,1.4142135748707731,true,-3.080000149309092,-2.9299999999999997,true,true,0.8999999999994632
unitbox_c_10_20_2_50.jl,32,2.2172885333921815,true,-3.080000149309092,-1.014750632514665,true,true,10.000020000021332
unitbox_c_10_20_2_50.jl,32,2.4494897646981584,true,-3.080000149309092,-1.69,true,true,1.9499999999985704
unitbox_c_10_20_2_50.jl,32,2.818827874156288e-8,true,-3.080000149309092,-3.08,true,true,4.230000000009732
unitbox_c_10_20_2_50.jl,32,2.818827874156288e-8,true,-3.080000149309092,-3.08,true,true,1.379999999999055
unitbox_c_10_20_2_50.jl,32,1.7320508220699393,true,-3.080000149309092,-3.01,true,true,2.03999999999879
unitbox_c_10_20_2_50.jl,32,1.4142135748707731,true,-3.080000149309092,-2.9299999999999997,true,true,0.5999999999997183
unitbox_c_10_20_2_50.jl,32,2.4494897646981584,true,-3.080000149309092,-1.69,true,true,3.060000000005472
unitbox_c_10_20_2_50.jl,32,1.6597502513615718,true,-3.080000149309092,-3.002126529292355,true,true,2.219999999999969
unitbox_c_10_20_2_50.jl,32,2.0000000184281217,true,-3.080000149309092,-2.4699999999999998,true,true,1.0799999999993102
unitbox_c_10_20_2_50.jl,32,2.818827874156288e-8,true,-3.080000149309092,-3.08,true,true,4.680000000006019
unitbox_c_10_20_2_50.jl,32,1.4142135748707731,true,-3.080000149309092,-2.9299999999999997,true,true,1.9499999999985704
unitbox_c_10_20_2_50.jl,32,1.4142135748707731,true,-3.080000149309092,-2.9299999999999997,true,true,1.319999999999106
unitbox_c_10_20_2_50.jl,32,1.7320508207603724,true,-3.080000149309092,-3.1300000000000003,true,true,2.7000000000031137
unitbox_c_10_20_2_50.jl,32,1.7320508207603724,true,-3.080000149309092,-3.1300000000000003,true,true,5.789999999996859
unitbox_c_10_20_2_50.jl,32,2.021285371085502,true,-3.080000149309092,-2.44659477361918,true,true,10.000020000021332
unitbox_c_10_20_3_100.jl,0,0.07593385791675226,false,-5.898699756310571,-5.942077035930279,false,false,10.000020000021332
unitbox_c_10_20_3_100.jl,0,2.0094083461591397,true,-5.898699756310571,-4.4399999999999995,true,true,0.8099999999995398
unitbox_c_10_20_3_100.jl,0,2.4571776352711288,true,-5.898699756310571,-2.9299999999999997,true,true,0.6299999999996928
unitbox_c_10_20_3_100.jl,0,1.627660805247741,true,-5.898699756310571,-3.689999999999999,true,true,0.9299999999994377
unitbox_c_10_20_3_100.jl,0,0.20436760608493099,false,-5.898699756310571,-5.756294511663048,true,true,10.000020000021332
unitbox_c_10_20_3_100.jl,0,2.0094083461591397,true,-5.898699756310571,-4.4399999999999995,true,true,1.0199999999993612
unitbox_c_10_20_3_100.jl,0,0.1942210841746595,false,-5.898699756310571,-6.0,false,true,10.000020000021332
unitbox_c_10_20_3_100.jl,0,1.2842427815703672,true,-5.898699756310571,-5.73,true,true,0.7799999999995653
unitbox_c_10_20_3_100.jl,0,0.11064687182883602,false,-5.898699756310571,-5.817148508959011,true,true,10.000020000021332
unitbox_c_10_20_3_100.jl,0,0.13845146617646512,false,-5.898699756310571,-5.797419679230421,true,true,10.000020000021332
unitbox_c_10_20_3_100.jl,0,2.0094083461591397,true,-5.898699756310571,-4.4399999999999995,true,true,1.0799999999993102
unitbox_c_10_20_3_100.jl,0,0.19415867600967152,false,-5.898699756310571,-5.999972538771599,false,true,10.000020000021332
unitbox_c_10_20_3_100.jl,0,0.07090618682641137,false,-5.898699756310571,-5.932867628124949,false,true,10.000020000021332
unitbox_c_10_20_3_100.jl,0,2.3768213531781863,true,-5.898699756310571,-3.43,true,true,2.159999999999576
unitbox_c_10_20_3_100.jl,0,1.627660805247741,true,-5.898699756310571,-3.689999999999999,true,true,1.4099999999990296
unitbox_c_10_20_3_100.jl,0,2.3768213531781863,true,-5.898699756310571,-3.43,true,true,1.6799999999988
unitbox_c_10_20_3_100.jl,0,2.3768213531781863,true,-5.898699756310571,-3.43,true,true,1.499999999998953
unitbox_c_10_20_3_100.jl,0,2.0094083461591397,true,-5.898699756310571,-4.4399999999999995,true,true,2.670000000002917
unitbox_c_10_20_3_100.jl,0,2.0094083461591397,true,-5.898699756310571,-4.4399999999999995,true,true,0.8699999999994887
unitbox_c_10_20_3_100.jl,0,2.4571776352711288,true,-5.898699756310571,-2.9299999999999997,true,true,0.6599999999996673
unitbox_c_10_20_3_100.jl,0,1.627660805247741,true,-5.898699756310571,-3.689999999999999,true,true,1.859999999998647
unitbox_c_10_20_3_100.jl,8,0.1942210841746595,true,-5.898699756310571,-6.0,false,false,2.4600000000015414
unitbox_c_10_20_3_100.jl,8,1.4838602532401837,true,-5.898699756310571,-4.339389448734229,true,true,4.440000000007999
unitbox_c_10_20_3_100.jl,8,1.0186863312705194,true,-5.898699756310571,-5.19,true,true,1.859999999998647
unitbox_c_10_20_3_100.jl,8,1.427487895949575,true,-5.898699756310571,-4.629999995469768,true,true,3.780000000010189
unitbox_c_10_20_3_100.jl,8,1.4274879539149672,true,-5.898699756310571,-4.91,true,true,0.5999999999997183
unitbox_c_10_20_3_100.jl,8,1.2842427815703672,true,-5.898699756310571,-5.73,true,true,0.8699999999994887
unitbox_c_10_20_3_100.jl,8,1.627660805247741,true,-5.898699756310571,-3.689999999999999,true,true,2.7000000000031137
unitbox_c_10_20_3_100.jl,8,1.4274878991936482,true,-5.898699756310571,-4.63,true,true,2.7000000000031137
unitbox_c_10_20_3_100.jl,8,1.4274878991936482,true,-5.898699756310571,-4.63,true,true,1.0199999999993612
unitbox_c_10_20_3_100.jl,8,1.4274878991936482,true,-5.898699756310571,-4.63,true,true,8.789999999995493
unitbox_c_10_20_3_100.jl,8,2.3768213531781863,true,-5.898699756310571,-3.43,true,true,1.1099999999992847
unitbox_c_10_20_3_100.jl,8,1.2842427815703672,true,-5.898699756310571,-5.73,true,true,3.6300000000092063
unitbox_c_10_20_3_100.jl,8,2.3494341526945304,true,-5.898699756310571,-2.6683271924864544,true,true,3.210000000006455
unitbox_c_10_20_3_100.jl,8,1.0186863312705194,true,-5.898699756310571,-5.19,true,true,2.7900000000037033
unitbox_c_10_20_3_100.jl,8,1.2842427815703672,true,-5.898699756310571,-5.73,true,true,0.6599999999996673
unitbox_c_10_20_3_100.jl,8,2.316179731929347,true,-5.898699756310571,-3.3257257442302133,true,true,2.9700000000048825
unitbox_c_10_20_3_100.jl,8,1.0186863312705194,true,-5.898699756310571,-5.19,true,true,1.1399999999992592
unitbox_c_10_20_3_100.jl,8,1.435544595349993,true,-5.898699756310571,-4.464654536036122,true,true,3.5400000000086167
unitbox_c_10_20_3_100.jl,8,0.1942210841746595,true,-5.898699756310571,-6.0,false,true,1.9499999999985704
unitbox_c_10_20_3_100.jl,8,2.4571776352711288,true,-5.898699756310571,-2.9299999999999997,true,true,2.7600000000035068
unitbox_c_10_20_3_100.jl,8,1.9103087993618033,true,-5.898699756310571,-2.29,true,true,1.499999999998953
unitbox_c_10_20_3_100.jl,16,2.4571776352711288,true,-5.898699756310571,-2.9299999999999997,true,false,1.5899999999988765
unitbox_c_10_20_3_100.jl,16,0.06492602434224,false,-5.898699756310571,-5.853315388111762,true,true,10.000020000021332
unitbox_c_10_20_3_100.jl,16,1.627660805247741,true,-5.898699756310571,-3.689999999999999,true,true,1.0499999999993357
unitbox_c_10_20_3_100.jl,16,2.0094083461591397,true,-5.898699756310571,-4.4399999999999995,true,true,1.0799999999993102
unitbox_c_10_20_3_100.jl,16,0.1798278961937822,false,-5.898699756310571,-5.993579988467108,false,true,10.000020000021332
unitbox_c_10_20_3_100.jl,16,2.3768213531781863,true,-5.898699756310571,-3.43,true,true,1.8299999999986725
unitbox_c_10_20_3_100.jl,16,0.050190381777985765,false,-5.898699756310571,-5.9279136567876325,false,true,10.000020000021332
unitbox_c_10_20_3_100.jl,16,0.06976092330339217,false,-5.898699756310571,-5.938731589926107,false,true,10.000020000021332
unitbox_c_10_20_3_100.jl,16,1.2842427815703672,true,-5.898699756310571,-5.73,true,true,1.1099999999992847
unitbox_c_10_20_3_100.jl,16,0.13870879127834632,false,-5.898699756310571,-5.974280312967325,false,true,10.000020000021332
unitbox_c_10_20_3_100.jl,16,2.4571776352711288,true,-5.898699756310571,-2.9299999999999997,true,true,1.1399999999992592
unitbox_c_10_20_3_100.jl,16,0.180671292709103,false,-5.898699756310571,-5.769989289955724,true,true,10.000020000021332
unitbox_c_10_20_3_100.jl,16,0.16471697872547034,false,-5.898699756310571,-5.986652586862245,false,true,10.000020000021332
unitbox_c_10_20_3_100.jl,16,2.4571776352711288,true,-5.898699756310571,-2.9299999999999997,true,true,0.7799999999995653
unitbox_c_10_20_3_100.jl,16,1.2489193274349968,true,-5.898699756310571,-5.728607443924018,true,true,1.799999999998698
unitbox_c_10_20_3_100.jl,16,2.0094083461591397,true,-5.898699756310571,-4.4399999999999995,true,true,1.0499999999993357
unitbox_c_10_20_3_100.jl,16,1.2823244854756322,true,-5.898699756310571,-5.729996064993987,true,true,0.4799999999998203
unitbox_c_10_20_3_100.jl,16,2.0094083461591397,true,-5.898699756310571,-4.4399999999999995,true,true,1.1699999999992337
unitbox_c_10_20_3_100.jl,16,2.4571776352711288,true,-5.898699756310571,-2.9299999999999997,true,true,0.9299999999994377
unitbox_c_10_20_3_100.jl,16,2.3768213531781863,true,-5.898699756310571,-3.43,true,true,1.0499999999993357
unitbox_c_10_20_3_100.jl,16,2.0094083461591397,true,-5.898699756310571,-4.4399999999999995,true,true,1.1099999999992847
unitbox_c_10_20_3_100.jl,32,0.03292475719979446,false,-5.898699756310571,-5.900866142551767,false,false,10.000020000021332
unitbox_c_10_20_3_100.jl,32,0.19597868943780822,false,-5.898699756310571,-5.7601411648493865,true,true,10.000020000021332
unitbox_c_10_20_3_100.jl,32,2.0094083461591397,true,-5.898699756310571,-4.4399999999999995,true,true,1.2599999999991571
unitbox_c_10_20_3_100.jl,32,2.4571776352711288,true,-5.898699756310571,-2.9299999999999997,true,true,3.060000000005472
unitbox_c_10_20_3_100.jl,32,1.627660805247741,true,-5.898699756310571,-3.689999999999999,true,true,1.1999999999992081
unitbox_c_10_20_3_100.jl,32,0.16180502041110267,false,-5.898699756310571,-5.781700053343407,true,true,10.000020000021332
unitbox_c_10_20_3_100.jl,32,0.15461092346606597,false,-5.898699756310571,-5.7894556934088595,true,true,10.000020000021332
unitbox_c_10_20_3_100.jl,32,1.2474703791197272,true,-5.898699756310571,-5.728487874793268,true,true,3.390000000007634
unitbox_c_10_20_3_100.jl,32,0.18164421628431848,false,-5.898699756310571,-5.771323577277885,true,true,10.000020000021332
unitbox_c_10_20_3_100.jl,32,1.627660805247741,true,-5.898699756310571,-3.689999999999999,true,true,1.4699999999989786
unitbox_c_10_20_3_100.jl,32,0.20107387472348887,false,-5.898699756310571,-5.75850652441863,true,true,10.000020000021332
unitbox_c_10_20_3_100.jl,32,0.2044433283357551,false,-5.898699756310571,-5.755205284633483,true,true,10.000020000021332
unitbox_c_10_20_3_100.jl,32,0.199884638747368,false,-5.898699756310571,-5.7592969683549935,true,true,10.000020000021332
unitbox_c_10_20_3_100.jl,32,0.1930796748211987,false,-5.898699756310571,-5.999497232702048,false,true,10.000020000021332
unitbox_c_10_20_3_100.jl,32,0.11500664351601997,false,-5.898699756310571,-5.962460061445718,false,true,10.000020000021332
unitbox_c_10_20_3_100.jl,32,2.0094083461591397,true,-5.898699756310571,-4.4399999999999995,true,true,1.4099999999990296
unitbox_c_10_20_3_100.jl,32,1.247605595944503,true,-5.898699756310571,-5.728499252095691,true,true,2.490000000001738
unitbox_c_10_20_3_100.jl,32,2.4571776352711288,true,-5.898699756310571,-2.9299999999999997,true,true,1.6499999999988255
unitbox_c_10_20_3_100.jl,32,0.16417096617816374,false,-5.898699756310571,-5.986398684053068,false,true,10.000020000021332
unitbox_c_10_20_3_100.jl,32,2.0094083461591397,true,-5.898699756310571,-4.4399999999999995,true,true,1.0799999999993102
unitbox_c_10_20_3_100.jl,32,1.627660805247741,true,-5.898699756310571,-3.689999999999999,true,true,1.6799999999988
unitbox_c_10_20_3_50.jl,0,2.4124668305744698e-8,true,-7.490000151486574,-7.49,true,false,3.6300000000092063
unitbox_c_10_20_3_50.jl,0,2.4124668305744698e-8,true,-7.490000151486574,-7.49,true,true,4.560000000007009
unitbox_c_10_20_3_50.jl,0,1.7320508148580733,true,-7.490000151486574,-6.720000000000001,true,true,3.1800000000062583
unitbox_c_10_20_3_50.jl,0,1.4142135714768993,true,-7.490000151486574,-7.300000000000001,true,true,4.860000000004534
unitbox_c_10_20_3_50.jl,0,1.7320508148580733,true,-7.490000151486574,-6.720000000000001,true,true,3.3000000000070444
unitbox_c_10_20_3_50.jl,0,1.7320508148580733,true,-7.490000151486574,-6.720000000000001,true,true,1.4699999999989786
unitbox_c_10_20_3_50.jl,0,1.7320508148580733,true,-7.490000151486574,-6.720000000000001,true,true,2.3100000000005587
unitbox_c_10_20_3_50.jl,0,2.4124668305744698e-8,true,-7.490000151486574,-7.49,true,true,2.0699999999989864
unitbox_c_10_20_3_50.jl,0,1.4142135714768993,true,-7.490000151486574,-7.300000000000001,true,true,1.0199999999993612
unitbox_c_10_20_3_50.jl,0,1.7320508148580733,true,-7.490000151486574,-6.720000000000001,true,true,5.340000000000573
unitbox_c_10_20_3_50.jl,0,2.4124668305744698e-8,true,-7.490000151486574,-7.49,true,true,7.109999999985967
unitbox_c_10_20_3_50.jl,0,2.4124668305744698e-8,true,-7.490000151486574,-7.49,true,true,4.020000000011465
unitbox_c_10_20_3_50.jl,0,2.4124668305744698e-8,true,-7.490000151486574,-7.49,true,true,1.979999999998545
unitbox_c_10_20_3_50.jl,0,2.4124668305744698e-8,true,-7.490000151486574,-7.49,true,true,1.859999999998647
unitbox_c_10_20_3_50.jl,0,2.4124668305744698e-8,true,-7.490000151486574,-7.49,true,true,1.859999999998647
unitbox_c_10_20_3_50.jl,0,2.4124668305744698e-8,true,-7.490000151486574,-7.49,true,true,5.31000000000082
unitbox_c_10_20_3_50.jl,0,2.4124668305744698e-8,true,-7.490000151486574,-7.49,true,true,1.319999999999106
unitbox_c_10_20_3_50.jl,0,1.7320508148580733,true,-7.490000151486574,-6.720000000000001,true,true,3.5700000000088132
unitbox_c_10_20_3_50.jl,0,1.7320508148580733,true,-7.490000151486574,-6.720000000000001,true,true,2.610000000002524
unitbox_c_10_20_3_50.jl,0,1.7320508148580733,true,-7.490000151486574,-6.720000000000001,true,true,2.3100000000005587
unitbox_c_10_20_3_50.jl,0,1.7320508148580733,true,-7.490000151486574,-6.720000000000001,true,true,2.0099999999985934
unitbox_c_10_20_3_50.jl,8,1.7320508148580733,true,-7.490000151486574,-6.720000000000001,true,false,1.739999999998749
unitbox_c_10_20_3_50.jl,8,1.4142135714768993,true,-7.490000151486574,-7.300000000000001,true,true,3.4200000000078306
unitbox_c_10_20_3_50.jl,8,2.2261427474227364,true,-7.490000151486574,-5.006874040059299,true,true,2.940000000004686
unitbox_c_10_20_3_50.jl,8,1.7320508148580733,true,-7.490000151486574,-6.720000000000001,true,true,2.4600000000015414
unitbox_c_10_20_3_50.jl,8,0.9999999976120512,true,-7.490000151486574,-7.29,true,true,9.390000000008305
unitbox_c_10_20_3_50.jl,8,0.9999999976120512,true,-7.490000151486574,-7.29,true,true,7.079999999986215
unitbox_c_10_20_3_50.jl,8,1.4142135714768993,true,-7.490000151486574,-7.300000000000001,true,true,1.1099999999992847
unitbox_c_10_20_3_50.jl,8,1.7320508148580733,true,-7.490000151486574,-6.720000000000001,true,true,0.8399999999995142
unitbox_c_10_20_3_50.jl,8,2.4124668305744698e-8,true,-7.490000151486574,-7.49,true,true,2.3100000000005587
unitbox_c_10_20_3_50.jl,8,1.9020373256875638,true,-7.490000151486574,-6.240559420143682,true,true,10.000020000021332
unitbox_c_10_20_3_50.jl,8,1.6149789958484813,true,-7.490000151486574,-5.28395328723708,true,true,10.000020000021332
unitbox_c_10_20_3_50.jl,8,0.005633789425094251,true,-7.490000151486574,-7.4888732416374015,true,true,7.109999999985967
unitbox_c_10_20_3_50.jl,8,2.0000000090830947,true,-7.490000151486574,-6.110000000000001,true,true,1.5899999999988765
unitbox_c_10_20_3_50.jl,8,1.6941198689220278,true,-7.490000151486574,-6.860586466992817,true,true,0.8999999999994632
unitbox_c_10_20_3_50.jl,8,1.4142135714768993,true,-7.490000151486574,-7.300000000000001,true,true,3.3000000000070444
unitbox_c_10_20_3_50.jl,8,0.9999999976120512,true,-7.490000151486574,-7.29,true,true,1.8299999999986725
unitbox_c_10_20_3_50.jl,8,1.4142135714768993,true,-7.490000151486574,-7.300000000000001,true,true,2.099999999999183
unitbox_c_10_20_3_50.jl,8,2.4124668305744698e-8,true,-7.490000151486574,-7.49,true,true,3.6900000000095994
unitbox_c_10_20_3_50.jl,8,2.000000013943965,true,-7.490000151486574,-5.23,true,true,1.1699999999992337
unitbox_c_10_20_3_50.jl,8,2.0000000095364148,true,-7.490000151486574,-5.390000000000001,true,true,1.1099999999992847
unitbox_c_10_20_3_50.jl,8,2.0000000108762315,true,-7.490000151486574,-6.180000000000001,true,true,1.4699999999989786
unitbox_c_10_20_3_50.jl,16,2.4124668305744698e-8,true,-7.490000151486574,-7.49,true,false,4.890000000004286
unitbox_c_10_20_3_50.jl,16,2.4124668305744698e-8,true,-7.490000151486574,-7.49,true,true,7.439999999983244
unitbox_c_10_20_3_50.jl,16,2.4124668305744698e-8,true,-7.490000151486574,-7.49,true,true,6.809999999988443
unitbox_c_10_20_3_50.jl,16,2.4124668305744698e-8,true,-7.490000151486574,-7.49,true,true,1.5899999999988765
unitbox_c_10_20_3_50.jl,16,2.4124668305744698e-8,true,-7.490000151486574,-7.49,true,true,2.280000000000362
unitbox_c_10_20_3_50.jl,16,1.7320508148580733,true,-7.490000151486574,-6.720000000000001,true,true,1.9499999999985704
unitbox_c_10_20_3_50.jl,16,2.4124668305744698e-8,true,-7.490000151486574,-7.49,true,true,1.859999999998647
unitbox_c_10_20_3_50.jl,16,1.7320508148580733,true,-7.490000151486574,-6.720000000000001,true,true,3.2400000000066513
unitbox_c_10_20_3_50.jl,16,1.4142135714768993,true,-7.490000151486574,-7.300000000000001,true,true,2.5800000000023275
unitbox_c_10_20_3_50.jl,16,1.7320508148580733,true,-7.490000151486574,-6.720000000000001,true,true,2.1899999999997726
unitbox_c_10_20_3_50.jl,16,1.4142135714768993,true,-7.490000151486574,-7.300000000000001,true,true,2.4000000000011483
unitbox_c_10_20_3_50.jl,16,1.4142135714768993,true,-7.490000151486574,-7.300000000000001,true,true,0.4799999999998203
unitbox_c_10_20_3_50.jl,16,2.4124668305744698e-8,true,-7.490000151486574,-7.49,true,true,2.490000000001738
unitbox_c_10_20_3_50.jl,16,1.4142135714768993,true,-7.490000151486574,-7.300000000000001,true,true,1.7699999999987235
unitbox_c_10_20_3_50.jl,16,1.7320508148580733,true,-7.490000151486574,-6.720000000000001,true,true,3.0900000000056687
unitbox_c_10_20_3_50.jl,16,1.4142135714768993,true,-7.490000151486574,-7.300000000000001,true,true,1.919999999998596
unitbox_c_10_20_3_50.jl,16,1.7320508148580733,true,-7.490000151486574,-6.720000000000001,true,true,9.720000000015352
unitbox_c_10_20_3_50.jl,16,2.4124668305744698e-8,true,-7.490000151486574,-7.49,true,true,2.1299999999993795
unitbox_c_10_20_3_50.jl,16,1.4142135714768993,true,-7.490000151486574,-7.300000000000001,true,true,2.9100000000044894
unitbox_c_10_20_3_50.jl,16,1.4142135714768993,true,-7.490000151486574,-7.300000000000001,true,true,1.499999999998953
unitbox_c_10_20_3_50.jl,16,1.7320508148580733,true,-7.490000151486574,-6.720000000000001,true,true,2.370000000000952
unitbox_c_10_20_3_50.jl,32,1.7320508148580733,true,-7.490000151486574,-6.720000000000001,true,false,1.2299999999991826
unitbox_c_10_20_3_50.jl,32,2.4124668305744698e-8,true,-7.490000151486574,-7.49,true,true,5.1900000000018105
unitbox_c_10_20_3_50.jl,32,2.4124668305744698e-8,true,-7.490000151486574,-7.49,true,true,2.5200000000019345
unitbox_c_10_20_3_50.jl,32,1.7320508148580733,true,-7.490000151486574,-6.720000000000001,true,true,1.799999999998698
unitbox_c_10_20_3_50.jl,32,1.385356241690003,true,-7.490000151486574,-6.664767980439354,true,true,1.5899999999988765
unitbox_c_10_20_3_50.jl,32,2.4124668305744698e-8,true,-7.490000151486574,-7.49,true,true,2.0699999999989864
unitbox_c_10_20_3_50.jl,32,2.4124668305744698e-8,true,-7.490000151486574,-7.49,true,true,4.6500000000062665
unitbox_c_10_20_3_50.jl,32,2.4124668305744698e-8,true,-7.490000151486574,-7.49,true,true,1.7099999999987745
unitbox_c_10_20_3_50.jl,32,1.7320508148580733,true,-7.490000151486574,-6.720000000000001,true,true,7.919999999979283
unitbox_c_10_20_3_50.jl,32,1.4142135714768993,true,-7.490000151486574,-7.300000000000001,true,true,1.799999999998698
unitbox_c_10_20_3_50.jl,32,2.4124668305744698e-8,true,-7.490000151486574,-7.49,true,true,1.799999999998698
unitbox_c_10_20_3_50.jl,32,1.7320508148580733,true,-7.490000151486574,-6.720000000000001,true,true,1.4099999999990296
unitbox_c_10_20_3_50.jl,32,2.4124668305744698e-8,true,-7.490000151486574,-7.49,true,true,1.619999999998851
unitbox_c_10_20_3_50.jl,32,2.4124668305744698e-8,true,-7.490000151486574,-7.49,true,true,3.9900000000115647
unitbox_c_10_20_3_50.jl,32,2.4124668305744698e-8,true,-7.490000151486574,-7.49,true,true,3.270000000006848
unitbox_c_10_20_3_50.jl,32,2.4124668305744698e-8,true,-7.490000151486574,-7.49,true,true,1.919999999998596
unitbox_c_10_20_3_50.jl,32,2.4124668305744698e-8,true,-7.490000151486574,-7.49,true,true,2.5200000000019345
unitbox_c_10_20_3_50.jl,32,1.7320508148580733,true,-7.490000151486574,-6.720000000000001,true,true,3.2400000000066513
unitbox_c_10_20_3_50.jl,32,2.4124668305744698e-8,true,-7.490000151486574,-7.49,true,true,1.499999999998953
unitbox_c_10_20_3_50.jl,32,1.2930257468070834,true,-7.490000151486574,-6.661866162255633,true,true,3.3000000000070444
unitbox_c_10_20_3_50.jl,32,2.4124668305744698e-8,true,-7.490000151486574,-7.49,true,true,5.639999999998097
unitbox_c_20_20_1_100.jl,0,0.004182006958691035,false,-28.190570483215524,-28.188767515921338,true,false,10.000020000021332
unitbox_c_20_20_1_100.jl,0,0.0032995018982903057,false,-28.190570483215524,-28.189148137460165,true,true,10.000020000021332
unitbox_c_20_20_1_100.jl,0,1.8490380884524977,true,-28.190570483215524,-26.619999999999997,true,true,7.559999999982254
unitbox_c_20_20_1_100.jl,0,1.1891199376578871,true,-28.190570483215524,-27.61961320928475,true,true,10.000020000021332
unitbox_c_20_20_1_100.jl,0,1.8490380884524977,true,-28.190570483215524,-26.619999999999997,true,true,7.799999999980273
unitbox_c_20_20_1_100.jl,0,0.007580895920685126,false,-28.190570483215524,-28.193828018856124,false,true,10.000020000021332
unitbox_c_20_20_1_100.jl,0,1.8490380884524977,true,-28.190570483215524,-26.619999999999997,true,true,5.579999999998592
unitbox_c_20_20_1_100.jl,0,2.537838883169277,true,-28.190570483215524,-25.628644888631356,true,true,2.550000000002131
unitbox_c_20_20_1_100.jl,0,1.5571317364782846,false,-28.190570483215524,-24.61674195393617,false,true,10.000020000021332
unitbox_c_20_20_1_100.jl,0,1.4844995950929103,false,-28.190570483215524,-25.323841133844216,false,true,10.000020000021332
unitbox_c_20_20_1_100.jl,0,1.8490380884524977,true,-28.190570483215524,-26.619999999999997,true,true,3.450000000008027
unitbox_c_20_20_1_100.jl,0,2.5420412186845867,true,-28.190570483215524,-25.628866317994838,true,true,3.780000000010189
unitbox_c_20_20_1_100.jl,0,2.5378397631219154,true,-28.190570483215524,-25.628645783872333,true,true,2.5800000000023275
unitbox_c_20_20_1_100.jl,0,2.0308686737838793,true,-28.190570483215524,-27.550000000000008,true,true,2.280000000000362
unitbox_c_20_20_1_100.jl,0,0.0023135305613683045,false,-28.190570483215524,-28.19156537398829,false,true,10.000020000021332
unitbox_c_20_20_1_100.jl,0,2.0308686737838793,true,-28.190570483215524,-27.550000000000008,true,true,8.069999999980118
unitbox_c_20_20_1_100.jl,0,2.5378231785564047,true,-28.190570483215524,-25.628628824386507,true,true,2.1299999999993795
unitbox_c_20_20_1_100.jl,0,2.0308686737838793,true,-28.190570483215524,-27.550000000000008,true,true,8.66999999999293
unitbox_c_20_20_1_100.jl,0,0.011994672369201329,false,-28.190570483215524,-28.195719723776573,false,true,10.000020000021332
unitbox_c_20_20_1_100.jl,0,0.022293760093189986,false,-28.190570483215524,-28.200118667312132,false,true,10.000020000021332
unitbox_c_20_20_1_100.jl,0,0.01208641439310219,false,-28.190570483215524,-28.195759002249016,false,true,10.000020000021332
unitbox_c_20_20_1_100.jl,8,1.0594602889905242,true,-28.190570483215524,-27.659685378286543,true,false,2.1899999999997726
unitbox_c_20_20_1_100.jl,8,1.9892670359340567,false,-28.190570483215524,-23.994289728284873,false,true,9.390000000008305
unitbox_c_20_20_1_100.jl,8,2.7237734715054955,true,-28.190570483215524,-25.009999999999994,true,true,2.880000000004293
unitbox_c_20_20_1_100.jl,8,1.640923016114604,false,-28.190570483215524,-26.663219427531857,true,true,10.000020000021332
unitbox_c_20_20_1_100.jl,8,2.474758095498023,true,-28.190570483215524,-19.570000000000007,true,true,0.7199999999996163
unitbox_c_20_20_1_100.jl,8,1.8355072938029802,false,-28.190570483215524,-26.108027525588067,true,true,10.000020000021332
unitbox_c_20_20_1_100.jl,8,2.2462479429484192,false,-28.190570483215524,-23.356598028837016,false,true,10.000020000021332
unitbox_c_20_20_1_100.jl,8,2.533563084972484,true,-28.190570483215524,-25.599999999999998,true,true,3.1800000000062583
unitbox_c_20_20_1_100.jl,8,1.4992065180978584,true,-28.190570483215524,-26.53167250638271,true,true,4.470000000007752
unitbox_c_20_20_1_100.jl,8,1.8490380897240928,true,-28.190570483215524,-24.92,true,true,2.610000000002524
unitbox_c_20_20_1_100.jl,8,2.5807872543217516,true,-28.190570483215524,-24.472450053896534,false,true,2.280000000000362
unitbox_c_20_20_1_100.jl,8,0.9214900132588674,false,-28.190570483215524,-27.211550258588417,true,true,9.060000000001258
unitbox_c_20_20_1_100.jl,8,1.6818936940318245,false,-28.190570483215524,-25.60094349695513,true,true,10.000020000021332
unitbox_c_20_20_1_100.jl,8,2.5401900974870317,true,-28.190570483215524,-19.641021312421657,true,true,2.7300000000033102
unitbox_c_20_20_1_100.jl,8,2.306922233860428,false,-28.190570483215524,-23.62716842016803,true,true,10.000020000021332
unitbox_c_20_20_1_100.jl,8,1.6355729304290634,false,-28.190570483215524,-24.318905340932325,true,true,10.000020000021332
unitbox_c_20_20_1_100.jl,8,1.7483611855524874,true,-28.190570483215524,-26.47860106672521,true,true,6.989999999986957
unitbox_c_20_20_1_100.jl,8,2.533563084728337,true,-28.190570483215524,-26.819999999999993,true,true,1.2599999999991571
unitbox_c_20_20_1_100.jl,8,1.4575416065034958,true,-28.190570483215524,-27.550000000000004,true,true,3.0900000000056687
unitbox_c_20_20_1_100.jl,8,1.5552947738801903,true,-28.190570483215524,-27.35,true,true,3.4800000000082236
unitbox_c_20_20_1_100.jl,8,2.4188498049137555,false,-28.190570483215524,-24.09291622681484,false,true,10.000020000021332
unitbox_c_20_20_1_100.jl,16,2.54204035742759,true,-28.190570483215524,-25.628866863457304,true,false,4.830000000004781
unitbox_c_20_20_1_100.jl,16,2.26090621235551,true,-28.190570483215524,-27.330389668295503,true,true,0.9599999999994122
unitbox_c_20_20_1_100.jl,16,2.733408178969681,true,-28.190570483215524,-24.292456356862427,true,true,3.1500000000060617
unitbox_c_20_20_1_100.jl,16,1.2270014623438343,true,-28.190570483215524,-27.61222120718623,true,true,10.000020000021332
unitbox_c_20_20_1_100.jl,16,0.0068237582222295525,false,-28.190570483215524,-28.193503124933343,false,true,10.000020000021332
unitbox_c_20_20_1_100.jl,16,1.0603902748539038,true,-28.190570483215524,-27.660000000000007,true,true,1.0799999999993102
unitbox_c_20_20_1_100.jl,16,0.0026594432195638043,false,-28.190570483215524,-28.19171413416722,false,true,10.000020000021332
unitbox_c_20_20_1_100.jl,16,2.5376573983140016,true,-28.190570483215524,-25.628449004127155,true,true,3.9900000000115647
unitbox_c_20_20_1_100.jl,16,2.533563084728337,true,-28.190570483215524,-26.819999999999993,true,true,3.210000000006455
unitbox_c_20_20_1_100.jl,16,0.007908778832442334,false,-28.190570483215524,-28.193968680494983,false,true,10.000020000021332
unitbox_c_20_20_1_100.jl,16,2.669162349165348,true,-28.190570483215524,-20.110000000000003,true,true,1.0499999999993357
unitbox_c_20_20_1_100.jl,16,2.0308686737838793,true,-28.190570483215524,-27.550000000000008,true,true,1.859999999998647
unitbox_c_20_20_1_100.jl,16,1.483708997903814,false,-28.190570483215524,-25.272341330121133,false,true,10.000020000021332
unitbox_c_20_20_1_100.jl,16,0.010089430976352527,false,-28.190570483215524,-28.186215652213978,true,true,10.000020000021332
unitbox_c_20_20_1_100.jl,16,1.8490380884524977,true,-28.190570483215524,-26.619999999999997,true,true,7.499999999982749
unitbox_c_20_20_1_100.jl,16,0.005092215290253434,false,-28.190570483215524,-28.188374782878242,true,true,10.000020000021332
unitbox_c_20_20_1_100.jl,16,0.0038506604295790474,false,-28.190570483215524,-28.18891044285531,true,true,10.000020000021332
unitbox_c_20_20_1_100.jl,16,2.0308686737838793,true,-28.190570483215524,-27.550000000000008,true,true,6.509999999990918
unitbox_c_20_20_1_100.jl,16,0.0064329259938724565,false,-28.190570483215524,-28.193335370790216,false,true,10.000020000021332
unitbox_c_20_20_1_100.jl,16,1.5065905728363689,false,-28.190570483215524,-24.61514706625736,false,true,10.000020000021332
unitbox_c_20_20_1_100.jl,16,1.2240374512229204,true,-28.190570483215524,-27.61283795276345,true,true,10.000020000021332
unitbox_c_20_20_1_100.jl,32,0.0033891519636015297,false,-28.190570483215524,-28.189109478788904,true,false,10.000020000021332
unitbox_c_20_20_1_100.jl,32,0.003346309647334622,false,-28.190570483215524,-28.192009451010573,false,true,10.000020000021332
unitbox_c_20_20_1_100.jl,32,0.001035649069880814,false,-28.190570483215524,-28.190123817472955,true,true,10.000020000021332
unitbox_c_20_20_1_100.jl,32,0.030721646851052362,false,-28.190570483215524,-28.17724827887427,true,true,10.000020000021332
unitbox_c_20_20_1_100.jl,32,1.8490380884524977,true,-28.190570483215524,-26.619999999999997,true,true,5.519999999999087
unitbox_c_20_20_1_100.jl,32,2.537802015797201,true,-28.190570483215524,-25.6286069158973,true,true,1.8899999999986214
unitbox_c_20_20_1_100.jl,32,0.009824701479399518,false,-28.190570483215524,-28.1947901806534,false,true,10.000020000021332
unitbox_c_20_20_1_100.jl,32,2.0308686737838793,true,-28.190570483215524,-27.550000000000008,true,true,1.919999999998596
unitbox_c_20_20_1_100.jl,32,0.00024601812151910546,true,-28.190570483215524,-28.190463893154085,true,true,8.849999999996774
unitbox_c_20_20_1_100.jl,32,1.3916164537410591,true,-28.190570483215524,-27.532735989943486,true,true,10.000020000021332
unitbox_c_20_20_1_100.jl,32,1.8490380884524977,true,-28.190570483215524,-26.619999999999997,true,true,4.380000000008494
unitbox_c_20_20_1_100.jl,32,2.0308686737838793,true,-28.190570483215524,-27.550000000000008,true,true,3.0300000000052756
unitbox_c_20_20_1_100.jl,32,2.5378026194914036,true,-28.190570483215524,-25.62860754503569,true,true,1.9499999999985704
unitbox_c_20_20_1_100.jl,32,1.8490380884524977,true,-28.190570483215524,-26.619999999999997,true,true,7.679999999981264
unitbox_c_20_20_1_100.jl,32,1.8490380884524977,true,-28.190570483215524,-26.619999999999997,true,true,2.5200000000019345
unitbox_c_20_20_1_100.jl,32,2.0308686737838793,true,-28.190570483215524,-27.550000000000008,true,true,7.619999999981759
unitbox_c_20_20_1_100.jl,32,2.5420002557364283,true,-28.190570483215524,-25.62889206428363,true,true,2.5800000000023275
unitbox_c_20_20_1_100.jl,32,2.541952192980505,true,-28.190570483215524,-25.628921757444274,true,true,4.560000000007009
unitbox_c_20_20_1_100.jl,32,0.02940906220512646,false,-28.190570483215524,-28.17782130298125,true,true,10.000020000021332
unitbox_c_20_20_1_100.jl,32,2.533563084728337,true,-28.190570483215524,-26.819999999999993,true,true,1.8899999999986214
unitbox_c_20_20_1_100.jl,32,2.829416914087649,true,-28.190570483215524,-19.558382574161143,true,true,2.7600000000035068
unitbox_c_20_20_1_25.jl,0,2.236067991567961,true,-12.820000327967328,-12.400000000000002,true,false,4.3200000000089895
unitbox_c_20_20_1_25.jl,0,1.7320508177272718,true,-12.820000327967328,-12.860000000000001,true,true,8.369999999986524
unitbox_c_20_20_1_25.jl,0,1.732050819889859,true,-12.820000327967328,-12.520000000000001,true,true,1.799999999998698
unitbox_c_20_20_1_25.jl,0,3.4641016415583157,true,-12.820000327967328,-10.81,true,true,6.8999999999877
unitbox_c_20_20_1_25.jl,0,2.8284271453487113,true,-12.820000327967328,-9.129999999999999,true,true,3.4200000000078306
unitbox_c_20_20_1_25.jl,0,1.7320508177272718,true,-12.820000327967328,-12.860000000000001,true,true,3.51000000000842
unitbox_c_20_20_1_25.jl,0,2.236067991567961,true,-12.820000327967328,-12.400000000000002,true,true,8.549999999990368
unitbox_c_20_20_1_25.jl,0,2.2360679924786924,true,-12.820000327967328,-12.11,true,true,8.63999999999229
unitbox_c_20_20_1_25.jl,0,2.6838034413755416,true,-12.820000327967328,-9.205496653768424,true,true,1.2299999999991826
unitbox_c_20_20_1_25.jl,0,3.4641016415583157,true,-12.820000327967328,-10.81,true,true,7.7399999999807685
unitbox_c_20_20_1_25.jl,0,3.3544201458469325,true,-12.820000327967328,-10.695489855085745,true,true,10.000020000021332
unitbox_c_20_20_1_25.jl,0,0.6460782079340457,true,-12.820000327967328,-12.813539212601277,true,true,2.430000000001345
unitbox_c_20_20_1_25.jl,0,2.828427147569463,true,-12.820000327967328,-9.41,true,true,2.280000000000362
unitbox_c_20_20_1_25.jl,0,1.7320508177272718,true,-12.820000327967328,-12.860000000000001,true,true,8.849999999996774
unitbox_c_20_20_1_25.jl,0,1.7320508177272718,true,-12.820000327967328,-12.860000000000001,true,true,5.1900000000018105
unitbox_c_20_20_1_25.jl,0,3.4641016415583157,true,-12.820000327967328,-10.81,true,true,6.539999999990671
unitbox_c_20_20_1_25.jl,0,2.236067991567961,true,-12.820000327967328,-12.400000000000002,true,true,9.60000000001279
unitbox_c_20_20_1_25.jl,0,1.7320508177272718,true,-12.820000327967328,-12.860000000000001,true,true,4.230000000009732
unitbox_c_20_20_1_25.jl,0,5.330770209488337e-7,true,-12.820000327967328,-12.82,true,true,1.6499999999988255
unitbox_c_20_20_1_25.jl,0,5.330770209488337e-7,true,-12.820000327967328,-12.82,true,true,1.4099999999990296
unitbox_c_20_20_1_25.jl,0,5.330770209488337e-7,true,-12.820000327967328,-12.82,true,true,2.8200000000039
unitbox_c_20_20_1_25.jl,8,0.9284156427094922,true,-12.820000327967328,-12.810715838253524,true,false,1.9499999999985704
unitbox_c_20_20_1_25.jl,8,2.8284271450412377,true,-12.820000327967328,-8.58,true,true,3.8700000000107786
unitbox_c_20_20_1_25.jl,8,3.000000023139724,true,-12.820000327967328,-9.6,true,true,2.219999999999969
unitbox_c_20_20_1_25.jl,8,0.9999994680617921,true,-12.820000327967328,-12.81,true,true,5.489999999999335
unitbox_c_20_20_1_25.jl,8,3.4641016428394336,true,-12.820000327967328,-7.43,true,true,5.370000000000325
unitbox_c_20_20_1_25.jl,8,1.6798003856382187,true,-12.820000327967328,-12.04106542728572,true,true,4.800000000005029
unitbox_c_20_20_1_25.jl,8,2.4494897574218384,true,-12.820000327967328,-11.630000000000003,true,true,4.410000000008247
unitbox_c_20_20_1_25.jl,8,3.3435883509409705,true,-12.820000327967328,-7.785652141415975,true,true,2.8500000000040964
unitbox_c_20_20_1_25.jl,8,2.645751328880008,true,-12.820000327967328,-10.280000000000001,true,true,3.120000000005865
unitbox_c_20_20_1_25.jl,8,3.162277683291359,true,-12.820000327967328,-6.01,true,true,4.830000000004781
unitbox_c_20_20_1_25.jl,8,3.3166248165721166,true,-12.820000327967328,-8.21,true,true,2.550000000002131
unitbox_c_20_20_1_25.jl,8,2.236067992959504,true,-12.820000327967328,-10.440000000000001,true,true,1.919999999998596
unitbox_c_20_20_1_25.jl,8,5.330770209488337e-7,true,-12.820000327967328,-12.82,true,true,3.270000000006848
unitbox_c_20_20_1_25.jl,8,2.236067994884059,true,-12.820000327967328,-9.459999999999999,true,true,3.960000000011368
unitbox_c_20_20_1_25.jl,8,3.0019626303011915,true,-12.820000327967328,-7.497290710265701,true,true,1.7099999999987745
unitbox_c_20_20_1_25.jl,8,2.8284271451156284,true,-12.820000327967328,-9.63,true,true,2.2500000000001656
unitbox_c_20_20_1_25.jl,8,1.414213191273995,true,-12.820000327967328,-11.94,true,true,4.950000000003791
unitbox_c_20_20_1_25.jl,8,3.316624815370025,true,-12.820000327967328,-10.0,true,true,3.1800000000062583
unitbox_c_20_20_1_25.jl,8,2.449489758540444,true,-12.820000327967328,-10.150000000000002,true,true,9.240000000005102
unitbox_c_20_20_1_25.jl,8,1.732066354785855,true,-12.820000327967328,-10.506405295409401,true,true,4.140000000010475
unitbox_c_20_20_1_25.jl,8,3.000000021013505,true,-12.820000327967328,-10.360000000000001,true,true,7.319999999984234
unitbox_c_20_20_1_25.jl,16,2.2360679914062156,true,-12.820000327967328,-12.11,true,false,2.8200000000039
unitbox_c_20_20_1_25.jl,16,2.8075913755298707,true,-12.820000327967328,-9.881816453513776,true,true,2.8200000000039
unitbox_c_20_20_1_25.jl,16,2.2360679924786924,true,-12.820000327967328,-12.11,true,true,1.2299999999991826
unitbox_c_20_20_1_25.jl,16,2.236067991567961,true,-12.820000327967328,-12.400000000000002,true,true,6.719999999989185
unitbox_c_20_20_1_25.jl,16,1.7320508177272718,true,-12.820000327967328,-12.860000000000001,true,true,9.900000000019196
unitbox_c_20_20_1_25.jl,16,5.330770209488337e-7,true,-12.820000327967328,-12.82,true,true,3.000000000005079
unitbox_c_20_20_1_25.jl,16,5.330770209488337e-7,true,-12.820000327967328,-12.82,true,true,3.1500000000060617
unitbox_c_20_20_1_25.jl,16,2.8284271453487113,true,-12.820000327967328,-9.129999999999999,true,true,3.9900000000115647
unitbox_c_20_20_1_25.jl,16,1.7320508177272718,true,-12.820000327967328,-12.860000000000001,true,true,8.849999999996774
unitbox_c_20_20_1_25.jl,16,2.8284271453487113,true,-12.820000327967328,-9.129999999999999,true,true,2.8500000000040964
unitbox_c_20_20_1_25.jl,16,1.7320508177272718,true,-12.820000327967328,-12.860000000000001,true,true,8.519999999989727
unitbox_c_20_20_1_25.jl,16,1.7320508177272718,true,-12.820000327967328,-12.860000000000001,true,true,1.799999999998698
unitbox_c_20_20_1_25.jl,16,5.330770209488337e-7,true,-12.820000327967328,-12.82,true,true,2.4000000000011483
unitbox_c_20_20_1_25.jl,16,1.732050819889859,true,-12.820000327967328,-12.520000000000001,true,true,1.8299999999986725
unitbox_c_20_20_1_25.jl,16,0.29007400735070354,true,-12.820000327967328,-12.817099254607111,true,true,1.2599999999991571
unitbox_c_20_20_1_25.jl,16,3.4641016415583157,true,-12.820000327967328,-10.81,true,true,8.15999999998204
unitbox_c_20_20_1_25.jl,16,2.645751330115119,true,-12.820000327967328,-11.160000000000002,true,true,2.940000000004686
unitbox_c_20_20_1_25.jl,16,5.330770209488337e-7,true,-12.820000327967328,-12.82,true,true,0.9899999999993867
unitbox_c_20_20_1_25.jl,16,2.0000000163571583,true,-12.820000327967328,-9.53,true,true,2.670000000002917
unitbox_c_20_20_1_25.jl,16,5.330770209488337e-7,true,-12.820000327967328,-12.82,true,true,1.439999999999004
unitbox_c_20_20_1_25.jl,16,1.7320508177272718,true,-12.820000327967328,-12.860000000000001,true,true,9.18000000000382
unitbox_c_20_20_1_25.jl,32,1.732050819889859,true,-12.820000327967328,-12.520000000000001,true,false,3.120000000005865
unitbox_c_20_20_1_25.jl,32,0.1715689062482388,true,-12.820000327967328,-12.818284305618135,true,true,2.2500000000001656
unitbox_c_20_20_1_25.jl,32,5.330770209488337e-7,true,-12.820000327967328,-12.82,true,true,1.7099999999987745
unitbox_c_20_20_1_25.jl,32,2.645751330115119,true,-12.820000327967328,-11.160000000000002,true,true,1.3499999999990806
unitbox_c_20_20_1_25.jl,32,0.9574091905549785,true,-12.820000327967328,-12.810425902775068,true,true,1.1399999999992592
unitbox_c_20_20_1_25.jl,32,1.7320508177272718,true,-12.820000327967328,-12.860000000000001,true,true,6.449999999991413
unitbox_c_20_20_1_25.jl,32,0.07241085768283954,true,-12.820000327967328,-12.81927588610379,true,true,1.979999999998545
unitbox_c_20_20_1_25.jl,32,5.330770209488337e-7,true,-12.820000327967328,-12.82,true,true,1.2299999999991826
unitbox_c_20_20_1_25.jl,32,3.4641016415583157,true,-12.820000327967328,-10.81,true,true,8.009999999978836
unitbox_c_20_20_1_25.jl,32,2.0000000163571583,true,-12.820000327967328,-9.53,true,true,2.6400000000027206
unitbox_c_20_20_1_25.jl,32,3.00093677659111,true,-12.820000327967328,-10.54325215850733,true,true,10.000020000021332
unitbox_c_20_20_1_25.jl,32,1.7320508177272718,true,-12.820000327967328,-12.860000000000001,true,true,9.030000000000618
unitbox_c_20_20_1_25.jl,32,2.645751330115119,true,-12.820000327967328,-11.160000000000002,true,true,1.439999999999004
unitbox_c_20_20_1_25.jl,32,2.828427147569463,true,-12.820000327967328,-9.41,true,true,4.710000000005771
unitbox_c_20_20_1_25.jl,32,1.732050819889859,true,-12.820000327967328,-12.520000000000001,true,true,1.859999999998647
unitbox_c_20_20_1_25.jl,32,1.732050819889859,true,-12.820000327967328,-12.520000000000001,true,true,4.350000000008742
unitbox_c_20_20_1_25.jl,32,1.7320508177272718,true,-12.820000327967328,-12.860000000000001,true,true,8.15999999998204
unitbox_c_20_20_1_25.jl,32,3.4641016415583157,true,-12.820000327967328,-10.81,true,true,7.829999999980026
unitbox_c_20_20_1_25.jl,32,1.7320508177272718,true,-12.820000327967328,-12.860000000000001,true,true,9.12000000000254
unitbox_c_20_20_1_25.jl,32,1.7320508177272718,true,-12.820000327967328,-12.860000000000001,true,true,2.670000000002917
unitbox_c_20_20_1_25.jl,32,2.82492869185215,true,-12.820000327967328,-10.754675501475347,true,true,10.000020000021332
unitbox_c_20_20_1_50.jl,0,1.7713963861079567,false,-25.54180157092706,-26.571369798618942,true,false,10.000020000021332
unitbox_c_20_20_1_50.jl,0,0.20458384380296002,false,-25.54180157092706,-25.546914593411962,false,true,10.000020000021332
unitbox_c_20_20_1_50.jl,0,2.648959497730166,true,-25.54180157092706,-23.810000000000006,true,true,1.859999999998647
unitbox_c_20_20_1_50.jl,0,1.7533056957329936,false,-25.54180157092706,-26.611589609708986,false,true,10.000020000021332
unitbox_c_20_20_1_50.jl,0,1.7471095584725223,false,-25.54180157092706,-26.630378409793245,false,true,10.000020000021332
unitbox_c_20_20_1_50.jl,0,2.648959497730166,true,-25.54180157092706,-23.810000000000006,true,true,5.519999999999087
unitbox_c_20_20_1_50.jl,0,0.05498807335344211,false,-25.54180157092706,-25.52068538026199,true,true,10.000020000021332
unitbox_c_20_20_1_50.jl,0,2.054415753024693,true,-25.54180157092706,-26.3345126363841,true,true,1.499999999998953
unitbox_c_20_20_1_50.jl,0,2.128723056911552,true,-25.54180157092706,-26.337172702651042,true,true,1.3499999999990806
unitbox_c_20_20_1_50.jl,0,1.7470557558009316,false,-25.54180157092706,-26.630563487631633,false,true,10.000020000021332
unitbox_c_20_20_1_50.jl,0,2.648959497730166,true,-25.54180157092706,-23.810000000000006,true,true,1.979999999998545
unitbox_c_20_20_1_50.jl,0,2.648959497730166,true,-25.54180157092706,-23.810000000000006,true,true,1.8899999999986214
unitbox_c_20_20_1_50.jl,0,0.11444689218191555,false,-25.54180157092706,-25.558576893950683,false,true,10.000020000021332
unitbox_c_20_20_1_50.jl,0,0.09217554458347128,false,-25.54180157092706,-25.489849790351613,true,true,10.000020000021332
unitbox_c_20_20_1_50.jl,0,0.05393334279937731,false,-25.54180157092706,-25.558375233166174,false,true,10.000020000021332
unitbox_c_20_20_1_50.jl,0,2.223430200721631,true,-25.54180157092706,-26.339626300603747,true,true,0.7199999999996163
unitbox_c_20_20_1_50.jl,0,2.648959497730166,true,-25.54180157092706,-23.810000000000006,true,true,1.799999999998698
unitbox_c_20_20_1_50.jl,0,0.13243960567650762,false,-25.54180157092706,-25.462047147601226,true,true,10.000020000021332
unitbox_c_20_20_1_50.jl,0,2.2398627692409487,true,-25.54180157092706,-26.340000000000003,true,true,1.1399999999992592
unitbox_c_20_20_1_50.jl,0,2.2398627692409487,true,-25.54180157092706,-26.340000000000003,true,true,1.2299999999991826
unitbox_c_20_20_1_50.jl,0,2.1176708726956663,true,-25.54180157092706,-26.336837724079373,true,true,0.8099999999995398
unitbox_c_20_20_1_50.jl,8,1.4373214804254633,false,-25.54180157092706,-26.028744329759352,true,false,10.000020000021332
unitbox_c_20_20_1_50.jl,8,2.2440365380783263,false,-25.54180157092706,-22.62273801533778,true,true,10.000020000021332
unitbox_c_20_20_1_50.jl,8,2.2398627692409487,true,-25.54180157092706,-26.340000000000003,true,true,0.8399999999995142
unitbox_c_20_20_1_50.jl,8,2.242414494950559,true,-25.54180157092706,-22.70045152136071,true,true,10.000020000021332
unitbox_c_20_20_1_50.jl,8,2.3556937104795046,false,-25.54180157092706,-25.683365266710616,true,true,10.000020000021332
unitbox_c_20_20_1_50.jl,8,1.271452750186501,false,-25.54180157092706,-26.021279190658827,false,true,10.000020000021332
unitbox_c_20_20_1_50.jl,8,1.7527649988142773,false,-25.54180157092706,-25.888714350420884,false,true,10.000020000021332
unitbox_c_20_20_1_50.jl,8,1.5144108340884677,false,-25.54180157092706,-24.922083912136692,false,true,10.000020000021332
unitbox_c_20_20_1_50.jl,8,1.7662205368228094,false,-25.54180157092706,-24.25756180970863,true,true,10.000020000021332
unitbox_c_20_20_1_50.jl,8,2.4529543914760206,true,-25.54180157092706,-22.540000000000003,true,true,2.280000000000362
unitbox_c_20_20_1_50.jl,8,2.239862768684754,true,-25.54180157092706,-25.43,false,true,2.430000000001345
unitbox_c_20_20_1_50.jl,8,2.021613552050123,false,-25.54180157092706,-24.816488787548085,true,true,10.000020000021332
unitbox_c_20_20_1_50.jl,8,2.239862768684754,true,-25.54180157092706,-25.43,false,true,1.8299999999986725
unitbox_c_20_20_1_50.jl,8,1.7836423823161585,false,-25.54180157092706,-26.408071338862964,false,true,10.000020000021332
unitbox_c_20_20_1_50.jl,8,1.419594821250589,false,-25.54180157092706,-26.226444097160325,false,true,10.000020000021332
unitbox_c_20_20_1_50.jl,8,1.5075922923152034,false,-25.54180157092706,-25.890612503900485,true,true,10.000020000021332
unitbox_c_20_20_1_50.jl,8,1.5903830895307158,true,-25.54180157092706,-26.18637670921445,true,true,10.000020000021332
unitbox_c_20_20_1_50.jl,8,2.2398627692409487,true,-25.54180157092706,-26.340000000000003,true,true,1.1099999999992847
unitbox_c_20_20_1_50.jl,8,1.420206443183092,true,-25.54180157092706,-23.820000000000004,true,true,2.3400000000007553
unitbox_c_20_20_1_50.jl,8,1.0984063619926292,false,-25.54180157092706,-25.471167928812307,false,true,10.000020000021332
unitbox_c_20_20_1_50.jl,8,1.5378022132593148,false,-25.54180157092706,-23.035363353771302,true,true,10.000020000021332
unitbox_c_20_20_1_50.jl,16,2.648959497730166,true,-25.54180157092706,-23.810000000000006,true,false,2.219999999999969
unitbox_c_20_20_1_50.jl,16,2.2398627692409487,true,-25.54180157092706,-26.340000000000003,true,true,1.8299999999986725
unitbox_c_20_20_1_50.jl,16,2.2398627692409487,true,-25.54180157092706,-26.340000000000003,true,true,0.7799999999995653
unitbox_c_20_20_1_50.jl,16,2.004242093061117,true,-25.54180157092706,-23.270000000000003,true,true,0.5699999999997438
unitbox_c_20_20_1_50.jl,16,2.2398627692409487,true,-25.54180157092706,-26.340000000000003,true,true,1.5899999999988765
unitbox_c_20_20_1_50.jl,16,2.205202687826353,true,-25.54180157092706,-26.339197465253232,true,true,1.0199999999993612
unitbox_c_20_20_1_50.jl,16,0.1297666933849816,false,-25.54180157092706,-25.559533790140893,false,true,10.000020000021332
unitbox_c_20_20_1_50.jl,16,2.648959497730166,true,-25.54180157092706,-23.810000000000006,true,true,1.2899999999991316
unitbox_c_20_20_1_50.jl,16,2.050295066007915,true,-25.54180157092706,-26.33432116469397,true,true,1.1699999999992337
unitbox_c_20_20_1_50.jl,16,0.14235140981851102,false,-25.54180157092706,-25.580042782949313,false,true,10.000020000021332
unitbox_c_20_20_1_50.jl,16,1.7758956934884123,false,-25.54180157092706,-26.563139846603736,true,true,10.000020000021332
unitbox_c_20_20_1_50.jl,16,1.7470992397630283,false,-25.54180157092706,-26.63041386780167,false,true,10.000020000021332
unitbox_c_20_20_1_50.jl,16,2.2398627692409487,true,-25.54180157092706,-26.340000000000003,true,true,0.8999999999994632
unitbox_c_20_20_1_50.jl,16,1.7710387975322668,false,-25.54180157092706,-26.572045661351876,true,true,10.000020000021332
unitbox_c_20_20_1_50.jl,16,2.648959497730166,true,-25.54180157092706,-23.810000000000006,true,true,0.8099999999995398
unitbox_c_20_20_1_50.jl,16,0.2163583193892128,false,-25.54180157092706,-25.5141740944474,true,true,10.000020000021332
unitbox_c_20_20_1_50.jl,16,2.14147462908594,true,-25.54180157092706,-26.337542734030265,true,true,0.8099999999995398
unitbox_c_20_20_1_50.jl,16,1.768119594156283,false,-25.54180157092706,-26.577697394553255,true,true,10.000020000021332
unitbox_c_20_20_1_50.jl,16,1.7483391946732723,false,-25.54180157092706,-26.626273615047158,false,true,10.000020000021332
unitbox_c_20_20_1_50.jl,16,1.7470163927930873,false,-25.54180157092706,-26.630699203399097,false,true,10.000020000021332
unitbox_c_20_20_1_50.jl,16,1.74937104781893,false,-25.54180157092706,-26.622995657269687,false,true,10.000020000021332
unitbox_c_20_20_1_50.jl,32,1.7699559753069327,false,-25.54180157092706,-26.57411353716628,true,false,10.000020000021332
unitbox_c_20_20_1_50.jl,32,0.10043885505789955,false,-25.54180157092706,-25.483928905652487,true,true,10.000020000021332
unitbox_c_20_20_1_50.jl,32,1.752030014510891,false,-25.54180157092706,-26.615122307737174,false,true,10.000020000021332
unitbox_c_20_20_1_50.jl,32,2.648959497730166,true,-25.54180157092706,-23.810000000000006,true,true,1.379999999999055
unitbox_c_20_20_1_50.jl,32,1.7710204972480144,false,-25.54180157092706,-26.57208034229887,true,true,10.000020000021332
unitbox_c_20_20_1_50.jl,32,2.2398627692409487,true,-25.54180157092706,-26.340000000000003,true,true,1.2899999999991316
unitbox_c_20_20_1_50.jl,32,2.2280013245756622,true,-25.54180157092706,-26.33973141653499,true,true,0.9899999999993867
unitbox_c_20_20_1_50.jl,32,2.2398627692409487,true,-25.54180157092706,-26.340000000000003,true,true,1.0499999999993357
unitbox_c_20_20_1_50.jl,32,1.7514253798396113,false,-25.54180157092706,-26.61684817540411,false,true,10.000020000021332
unitbox_c_20_20_1_50.jl,32,0.1325898239739675,false,-25.54180157092706,-25.57445059038477,false,true,10.000020000021332
unitbox_c_20_20_1_50.jl,32,0.06566825116619847,false,-25.54180157092706,-25.571077739505363,false,true,10.000020000021332
unitbox_c_20_20_1_50.jl,32,2.2398627692409487,true,-25.54180157092706,-26.340000000000003,true,true,0.9599999999994122
unitbox_c_20_20_1_50.jl,32,2.188958717379498,true,-25.54180157092706,-26.338800880885284,true,true,0.8399999999995142
unitbox_c_20_20_1_50.jl,32,2.648959497730166,true,-25.54180157092706,-23.810000000000006,true,true,1.5899999999988765
unitbox_c_20_20_1_50.jl,32,0.04874091580546825,false,-25.54180157092706,-25.534008152226754,true,true,10.000020000021332
unitbox_c_20_20_1_50.jl,32,2.2398627692409487,true,-25.54180157092706,-26.340000000000003,true,true,1.799999999998698
unitbox_c_20_20_1_50.jl,32,2.2398627692409487,true,-25.54180157092706,-26.340000000000003,true,true,1.1399999999992592
unitbox_c_20_20_1_50.jl,32,2.648959497730166,true,-25.54180157092706,-23.810000000000006,true,true,0.6899999999996418
unitbox_c_20_20_1_50.jl,32,0.11914966028029067,false,-25.54180157092706,-25.612465998949986,false,true,10.000020000021332
unitbox_c_20_20_1_50.jl,32,0.0716427692992148,false,-25.54180157092706,-25.50699376195006,true,true,10.000020000021332
unitbox_c_20_20_1_50.jl,32,2.648959497730166,true,-25.54180157092706,-23.810000000000006,true,true,1.1999999999992081
unitbox_c_20_20_2_100.jl,0,1.110584907118097,false,-18.87524671938841,-18.37747886029979,false,false,10.000020000021332
unitbox_c_20_20_2_100.jl,0,0.09979906053325185,false,-18.87524671938841,-19.08647566605084,false,true,10.000020000021332
unitbox_c_20_20_2_100.jl,0,2.1393186822870334,true,-18.87524671938841,-17.63059055926016,true,true,3.8700000000107786
unitbox_c_20_20_2_100.jl,0,2.6234254168294724,true,-18.87524671938841,-14.035682351788491,true,true,2.370000000000952
unitbox_c_20_20_2_100.jl,0,2.1397949128914155,true,-18.87524671938841,-17.63004760173308,true,true,1.5299999999989276
unitbox_c_20_20_2_100.jl,0,2.1394008233679114,true,-18.87524671938841,-17.63062181165137,true,true,1.559999999998902
unitbox_c_20_20_2_100.jl,0,2.722370479078654,true,-18.87524671938841,-18.084090486453878,true,true,9.900000000019196
unitbox_c_20_20_2_100.jl,0,1.3530172914620748,false,-18.87524671938841,-18.06202053254487,true,true,10.000020000021332
unitbox_c_20_20_2_100.jl,0,3.237656989964402,true,-18.87524671938841,-10.797140704297634,true,true,9.780000000016633
unitbox_c_20_20_2_100.jl,0,2.139234511371259,true,-18.87524671938841,-17.630115364675927,true,true,1.739999999998749
unitbox_c_20_20_2_100.jl,0,2.1393262653287395,true,-18.87524671938841,-17.630599611806282,true,true,2.219999999999969
unitbox_c_20_20_2_100.jl,0,2.13981605776381,true,-18.87524671938841,-17.630002825537538,true,true,2.370000000000952
unitbox_c_20_20_2_100.jl,0,2.7221767540495696,false,-18.87524671938841,-18.08285825574238,true,true,10.000020000021332
unitbox_c_20_20_2_100.jl,0,0.05400383503236777,false,-18.87524671938841,-18.780337561293976,true,true,10.000020000021332
unitbox_c_20_20_2_100.jl,0,0.05803622280638385,false,-18.87524671938841,-18.98215462650781,false,true,10.000020000021332
unitbox_c_20_20_2_100.jl,0,3.221758976935072,true,-18.87524671938841,-16.095688389433654,true,true,8.729999999994211
unitbox_c_20_20_2_100.jl,0,1.8606178798521156,true,-18.87524671938841,-17.79924307392108,true,true,5.969999999995374
unitbox_c_20_20_2_100.jl,0,2.1398172676987732,true,-18.87524671938841,-17.630000238088,true,true,2.7300000000033102
unitbox_c_20_20_2_100.jl,0,2.1821696992109425,false,-18.87524671938841,-17.139601937736035,true,true,10.000020000021332
unitbox_c_20_20_2_100.jl,0,1.086716273926077,false,-18.87524671938841,-17.91297900340616,true,true,10.000020000021332
unitbox_c_20_20_2_100.jl,0,2.139817534098086,true,-18.87524671938841,-17.62999966803152,true,true,2.430000000001345
unitbox_c_20_20_2_100.jl,8,2.7296686074296104,true,-18.87524671938841,-18.13,false,false,0.26999999999999885
unitbox_c_20_20_2_100.jl,8,2.827849373898062,true,-18.87524671938841,-16.9277644290608,true,true,2.6400000000027206
unitbox_c_20_20_2_100.jl,8,2.113352001522135,false,-18.87524671938841,-17.346122452103398,false,true,10.000020000021332
unitbox_c_20_20_2_100.jl,8,2.652981764750429,false,-18.87524671938841,-16.887876085921945,false,true,10.000020000021332
unitbox_c_20_20_2_100.jl,8,2.380538571848101,true,-18.87524671938841,-15.689999999999998,true,true,0.8699999999994887
unitbox_c_20_20_2_100.jl,8,2.1272477091508213,true,-18.87524671938841,-17.003434288361657,true,true,4.410000000008247
unitbox_c_20_20_2_100.jl,8,1.8099862566564575,false,-18.87524671938841,-16.766325011502023,true,true,10.000020000021332
unitbox_c_20_20_2_100.jl,8,2.2511640583489023,true,-18.87524671938841,-14.8916919615007,true,true,1.559999999998902
unitbox_c_20_20_2_100.jl,8,2.7525113004810327,true,-18.87524671938841,-16.2,true,true,1.8299999999986725
unitbox_c_20_20_2_100.jl,8,2.629016438653063,false,-18.87524671938841,-15.653423639798175,false,true,10.000020000021332
unitbox_c_20_20_2_100.jl,8,0.7202541431661843,false,-18.87524671938841,-17.54676857526206,true,true,10.000020000021332
unitbox_c_20_20_2_100.jl,8,2.3347570905183472,true,-18.87524671938841,-15.37,false,true,2.490000000001738
unitbox_c_20_20_2_100.jl,8,2.358512958711308,true,-18.87524671938841,-13.930480329312832,true,true,2.3100000000005587
unitbox_c_20_20_2_100.jl,8,1.325408720209457,true,-18.87524671938841,-16.94730944328034,false,true,10.000020000021332
unitbox_c_20_20_2_100.jl,8,1.833151705576556,true,-18.87524671938841,-15.790000000000004,true,true,3.900000000010975
unitbox_c_20_20_2_100.jl,8,1.8882836857337073,false,-18.87524671938841,-14.488672267741975,true,true,10.000020000021332
unitbox_c_20_20_2_100.jl,8,2.1500578630985934,true,-18.87524671938841,-17.569957493524434,false,true,2.370000000000952
unitbox_c_20_20_2_100.jl,8,0.6382677232009926,false,-18.87524671938841,-18.711652994106405,false,true,9.810000000017274
unitbox_c_20_20_2_100.jl,8,2.928535209892675,true,-18.87524671938841,-15.299999999999997,true,true,0.8099999999995398
unitbox_c_20_20_2_100.jl,8,2.6981223630372293,false,-18.87524671938841,-17.59978669813325,true,true,9.330000000007024
unitbox_c_20_20_2_100.jl,8,1.5363740279526819,true,-18.87524671938841,-16.400000000000002,false,true,4.6500000000062665
unitbox_c_20_20_2_100.jl,16,2.7226419254342127,false,-18.87524671938841,-18.085815875870825,false,false,10.000020000021332
unitbox_c_20_20_2_100.jl,16,3.5286103211736646,true,-18.87524671938841,-14.660000000000002,true,true,3.900000000010975
unitbox_c_20_20_2_100.jl,16,0.0653739339954966,false,-18.87524671938841,-18.70655639927017,true,true,10.000020000021332
unitbox_c_20_20_2_100.jl,16,1.3508511989454979,false,-18.87524671938841,-18.065564834440643,false,true,10.000020000021332
unitbox_c_20_20_2_100.jl,16,0.05088753944751216,false,-18.87524671938841,-18.959078937451583,false,true,10.000020000021332
unitbox_c_20_20_2_100.jl,16,1.112032519846869,false,-18.87524671938841,-18.366904317284597,false,true,10.000020000021332
unitbox_c_20_20_2_100.jl,16,2.139790439312357,true,-18.87524671938841,-17.630056965190516,true,true,3.5400000000086167
unitbox_c_20_20_2_100.jl,16,0.041740907671913845,false,-18.87524671938841,-18.928814855766547,false,true,10.000020000021332
unitbox_c_20_20_2_100.jl,16,1.8606392897595068,false,-18.87524671938841,-17.79945790480219,false,true,6.65999999998968
unitbox_c_20_20_2_100.jl,16,1.087409696377409,false,-18.87524671938841,-17.958416331333446,true,true,10.000020000021332
unitbox_c_20_20_2_100.jl,16,2.1122485808345473,false,-18.87524671938841,-17.000497123496466,false,true,10.000020000021332
unitbox_c_20_20_2_100.jl,16,2.1397965456691206,true,-18.87524671938841,-17.63004417452275,true,true,2.9100000000044894
unitbox_c_20_20_2_100.jl,16,0.09354992679006524,false,-18.87524671938841,-18.64584655575468,true,true,10.000020000021332
unitbox_c_20_20_2_100.jl,16,2.729668607534177,true,-18.87524671938841,-16.089999999999996,true,true,1.9499999999985704
unitbox_c_20_20_2_100.jl,16,2.7232568521277796,false,-18.87524671938841,-18.089719337358993,false,true,10.000020000021332
unitbox_c_20_20_2_100.jl,16,2.7235067217375795,false,-18.87524671938841,-18.09130342239691,false,true,10.000020000021332
unitbox_c_20_20_2_100.jl,16,0.10833610543541974,false,-18.87524671938841,-19.109644960550465,false,true,10.000020000021332
unitbox_c_20_20_2_100.jl,16,1.1149462137389345,false,-18.87524671938841,-18.43059139353294,false,true,10.000020000021332
unitbox_c_20_20_2_100.jl,16,2.18132177601492,false,-18.87524671938841,-17.13994086394016,true,true,10.000020000021332
unitbox_c_20_20_2_100.jl,16,1.348981857478088,false,-18.87524671938841,-18.068636384553177,false,true,10.000020000021332
unitbox_c_20_20_2_100.jl,16,2.7689282997741094,true,-18.87524671938841,-15.850000000000003,true,true,1.319999999999106
unitbox_c_20_20_2_100.jl,32,1.883188073723202,true,-18.87524671938841,-15.430159061147977,true,false,10.000020000021332
unitbox_c_20_20_2_100.jl,32,1.352719834776977,true,-18.87524671938841,-18.062506316892602,true,true,4.830000000004781
unitbox_c_20_20_2_100.jl,32,1.8606169738913736,true,-18.87524671938841,-17.799233959505006,true,true,6.77999999998869
unitbox_c_20_20_2_100.jl,32,0.02995972492525153,false,-18.87524671938841,-18.830484494597375,true,true,10.000020000021332
unitbox_c_20_20_2_100.jl,32,2.7222708144835686,false,-18.87524671938841,-18.08345663739475,true,true,10.000020000021332
unitbox_c_20_20_2_100.jl,32,2.7226176250978327,false,-18.87524671938841,-18.085661473334117,false,true,10.000020000021332
unitbox_c_20_20_2_100.jl,32,2.7296686074296104,false,-18.87524671938841,-18.13,false,true,10.000020000021332
unitbox_c_20_20_2_100.jl,32,0.09269694768885911,false,-18.87524671938841,-19.075385387527785,false,true,10.000020000021332
unitbox_c_20_20_2_100.jl,32,2.7689282997741094,true,-18.87524671938841,-15.850000000000003,true,true,2.490000000001738
unitbox_c_20_20_2_100.jl,32,2.139825968385258,true,-18.87524671938841,-17.629981553114188,true,true,2.0099999999985934
unitbox_c_20_20_2_100.jl,32,0.11305568427205888,false,-18.87524671938841,-19.121756401604184,false,true,10.000020000021332
unitbox_c_20_20_2_100.jl,32,3.5286103211736646,true,-18.87524671938841,-14.660000000000002,true,true,1.379999999999055
unitbox_c_20_20_2_100.jl,32,1.8606227085058282,true,-18.87524671938841,-17.79929161983297,true,true,6.299999999992651
unitbox_c_20_20_2_100.jl,32,2.752247892283579,true,-18.87524671938841,-16.200014321144963,true,true,2.430000000001345
unitbox_c_20_20_2_100.jl,32,1.8606257029495819,true,-18.87524671938841,-17.799321697456175,true,true,5.939999999995622
unitbox_c_20_20_2_100.jl,32,1.3531228293035997,false,-18.87524671938841,-18.061848246885997,true,true,10.000020000021332
unitbox_c_20_20_2_100.jl,32,1.3527057380051675,true,-18.87524671938841,-18.06252934603947,true,true,7.169999999985472
unitbox_c_20_20_2_100.jl,32,0.05192213757916976,false,-18.87524671938841,-18.965728891387243,false,true,10.000020000021332
unitbox_c_20_20_2_100.jl,32,3.5286103211736646,true,-18.87524671938841,-14.660000000000002,true,true,2.3400000000007553
unitbox_c_20_20_2_100.jl,32,0.10236341797348561,false,-18.87524671938841,-19.09774944115306,false,true,10.000020000021332
unitbox_c_20_20_2_100.jl,32,1.3527193469014143,true,-18.87524671938841,-18.062507113897876,true,true,4.800000000005029
unitbox_c_20_20_2_25.jl,0,2.0008382176146116,false,-7.220000227323183,-8.055833064418614,false,false,10.000020000021332
unitbox_c_20_20_2_25.jl,0,2.6457513174307086,true,-7.220000227323183,-8.86,true,true,2.03999999999879
unitbox_c_20_20_2_25.jl,0,2.5408142262376967,false,-7.220000227323183,-7.1453684913978455,true,true,10.000020000021332
unitbox_c_20_20_2_25.jl,0,2.001004622467445,false,-7.220000227323183,-8.05259427410004,false,true,10.000020000021332
unitbox_c_20_20_2_25.jl,0,2.0000000100710045,true,-7.220000227323183,-9.25,true,true,5.31000000000082
unitbox_c_20_20_2_25.jl,0,2.645751317976997,true,-7.220000227323183,-9.879999999999997,true,true,3.4200000000078306
unitbox_c_20_20_2_25.jl,0,2.003975936329932,false,-7.220000227323183,-8.015558096679856,true,true,10.000020000021332
unitbox_c_20_20_2_25.jl,0,2.471389298958807,false,-7.220000227323183,-7.990399965523344,false,true,10.000020000021332
unitbox_c_20_20_2_25.jl,0,2.4901708147430512,false,-7.220000227323183,-6.803448646674692,false,true,10.000020000021332
unitbox_c_20_20_2_25.jl,0,2.482640335280901,false,-7.220000227323183,-6.827604732125819,false,true,10.000020000021332
unitbox_c_20_20_2_25.jl,0,2.494757720312818,false,-7.220000227323183,-6.789799400129004,true,true,10.000020000021332
unitbox_c_20_20_2_25.jl,0,2.5175241023740713,false,-7.220000227323183,-6.730276545261149,true,true,10.000020000021332
unitbox_c_20_20_2_25.jl,0,2.485003350509991,false,-7.220000227323183,-6.842336377830852,true,true,10.000020000021332
unitbox_c_20_20_2_25.jl,0,2.645751317976997,true,-7.220000227323183,-9.879999999999997,true,true,3.0300000000052756
unitbox_c_20_20_2_25.jl,0,2.0002053739168,false,-7.220000227323183,-8.073089111764833,false,true,10.000020000021332
unitbox_c_20_20_2_25.jl,0,2.6457513174307086,true,-7.220000227323183,-8.86,true,true,3.4200000000078306
unitbox_c_20_20_2_25.jl,0,2.645751317976997,true,-7.220000227323183,-9.879999999999997,true,true,1.8899999999986214
unitbox_c_20_20_2_25.jl,0,2.0040116798896905,false,-7.220000227323183,-8.015223896297694,true,true,10.000020000021332
unitbox_c_20_20_2_25.jl,0,2.6748125728925363,false,-7.220000227323183,-7.299355928583428,true,true,10.000020000021332
unitbox_c_20_20_2_25.jl,0,2.645751317976997,true,-7.220000227323183,-9.879999999999997,true,true,5.579999999998592
unitbox_c_20_20_2_25.jl,0,2.645751317976997,true,-7.220000227323183,-9.879999999999997,true,true,5.819999999996612
unitbox_c_20_20_2_25.jl,8,2.6457513174307086,true,-7.220000227323183,-8.86,true,false,1.1699999999992337
unitbox_c_20_20_2_25.jl,8,2.003926621333408,false,-7.220000227323183,-8.035487019446448,false,true,10.000020000021332
unitbox_c_20_20_2_25.jl,8,2.6623937038146908,false,-7.220000227323183,-7.172138412052101,true,true,10.000020000021332
unitbox_c_20_20_2_25.jl,8,2.3030239582178993,false,-7.220000227323183,-7.261783476375125,false,true,10.000020000021332
unitbox_c_20_20_2_25.jl,8,2.746743259393313,false,-7.220000227323183,-6.29497582758861,false,true,10.000020000021332
unitbox_c_20_20_2_25.jl,8,2.6457513247990994,true,-7.220000227323183,-7.820000000000002,false,true,3.6900000000095994
unitbox_c_20_20_2_25.jl,8,2.296653511397004,false,-7.220000227323183,-4.7802876661101,true,true,10.000020000021332
unitbox_c_20_20_2_25.jl,8,1.99999999933277,true,-7.220000227323183,-8.09,false,true,5.519999999999087
unitbox_c_20_20_2_25.jl,8,1.4492615104804225,true,-7.220000227323183,-7.857137208184974,true,true,10.000020000021332
unitbox_c_20_20_2_25.jl,8,2.000000011949484,true,-7.220000227323183,-6.53,true,true,1.619999999998851
unitbox_c_20_20_2_25.jl,8,2.2094366249332227,false,-7.220000227323183,-5.704467312997762,true,true,10.000020000021332
unitbox_c_20_20_2_25.jl,8,0.9195121831331924,true,-7.220000227323183,-6.962536588868037,true,true,2.2500000000001656
unitbox_c_20_20_2_25.jl,8,2.4505531208196185,false,-7.220000227323183,-6.163325340304995,false,true,10.000020000021332
unitbox_c_20_20_2_25.jl,8,2.674421288399298,false,-7.220000227323183,-7.3015598056746684,true,true,10.000020000021332
unitbox_c_20_20_2_25.jl,8,1.526658555172993,false,-7.220000227323183,-5.984094904401039,true,true,10.000020000021332
unitbox_c_20_20_2_25.jl,8,2.645770319235137,true,-7.220000227323183,-7.6131081724765,false,true,1.739999999998749
unitbox_c_20_20_2_25.jl,8,2.002619632871288,false,-7.220000227323183,-8.031229547370208,false,true,10.000020000021332
unitbox_c_20_20_2_25.jl,8,2.4472961717934076,false,-7.220000227323183,-8.14035527696818,false,true,10.000020000021332
unitbox_c_20_20_2_25.jl,8,2.9972412701722844,false,-7.220000227323183,-8.173366954506427,false,true,10.000020000021332
unitbox_c_20_20_2_25.jl,8,1.8312452567190176,true,-7.220000227323183,-9.035097884010883,true,true,2.7900000000037033
unitbox_c_20_20_2_25.jl,8,2.4656673535504265,false,-7.220000227323183,-9.499451983876149,false,true,10.000020000021332
unitbox_c_20_20_2_25.jl,16,2.0000000100710045,true,-7.220000227323183,-9.25,true,false,4.110000000010722
unitbox_c_20_20_2_25.jl,16,2.4874904900309582,false,-7.220000227323183,-6.8117738659914115,false,true,10.000020000021332
unitbox_c_20_20_2_25.jl,16,2.469090195244637,false,-7.220000227323183,-6.879228453046231,false,true,10.000020000021332
unitbox_c_20_20_2_25.jl,16,2.005685578445893,false,-7.220000227323183,-8.000961511816321,true,true,10.000020000021332
unitbox_c_20_20_2_25.jl,16,2.544522490572574,false,-7.220000227323183,-8.016481918833447,true,true,10.000020000021332
unitbox_c_20_20_2_25.jl,16,2.6457513174307086,true,-7.220000227323183,-8.86,true,true,1.7099999999987745
unitbox_c_20_20_2_25.jl,16,2.645751317976997,true,-7.220000227323183,-9.879999999999997,true,true,2.7300000000033102
unitbox_c_20_20_2_25.jl,16,2.666743013910062,false,-7.220000227323183,-7.346184657876498,false,true,10.000020000021332
unitbox_c_20_20_2_25.jl,16,2.0000000100710045,true,-7.220000227323183,-9.25,true,true,3.8100000000103855
unitbox_c_20_20_2_25.jl,16,2.3958711038048457,false,-7.220000227323183,-7.959715776298584,false,true,10.000020000021332
unitbox_c_20_20_2_25.jl,16,3.032974958566421,false,-7.220000227323183,-5.832243745106658,true,true,10.000020000021332
unitbox_c_20_20_2_25.jl,16,2.4745303593855423,false,-7.220000227323183,-6.85687209274373,false,true,10.000020000021332
unitbox_c_20_20_2_25.jl,16,2.0018688090488457,false,-7.220000227323183,-8.028071842897427,true,true,10.000020000021332
unitbox_c_20_20_2_25.jl,16,2.021971439500387,true,-7.220000227323183,-6.665945367626498,false,true,3.840000000010582
unitbox_c_20_20_2_25.jl,16,2.5801571512671764,true,-7.220000227323183,-8.85053427228116,true,true,1.0199999999993612
unitbox_c_20_20_2_25.jl,16,2.0022826629570876,false,-7.220000227323183,-8.022805120550753,true,true,10.000020000021332
unitbox_c_20_20_2_25.jl,16,2.6691423556261653,false,-7.220000227323183,-7.331648651533328,false,true,10.000020000021332
unitbox_c_20_20_2_25.jl,16,2.4719310927422424,false,-7.220000227323183,-7.992751429719829,false,true,10.000020000021332
unitbox_c_20_20_2_25.jl,16,2.6696850295535453,false,-7.220000227323183,-7.328233296398631,false,true,10.000020000021332
unitbox_c_20_20_2_25.jl,16,2.645751317976997,true,-7.220000227323183,-9.879999999999997,true,true,4.6500000000062665
unitbox_c_20_20_2_25.jl,16,2.6457513174307086,true,-7.220000227323183,-8.86,true,true,1.0499999999993357
unitbox_c_20_20_2_25.jl,32,2.480499246677669,false,-7.220000227323183,-6.834953185480313,false,false,10.000020000021332
unitbox_c_20_20_2_25.jl,32,2.0000000100710045,true,-7.220000227323183,-9.25,true,true,2.7000000000031137
unitbox_c_20_20_2_25.jl,32,2.541325085151736,false,-7.220000227323183,-7.997262550095168,true,true,10.000020000021332
unitbox_c_20_20_2_25.jl,32,2.767417531181297,false,-7.220000227323183,-7.147304618819386,true,true,10.000020000021332
unitbox_c_20_20_2_25.jl,32,2.645751317976997,true,-7.220000227323183,-9.879999999999997,true,true,3.6900000000095994
unitbox_c_20_20_2_25.jl,32,2.7727417424919607,false,-7.220000227323183,-7.367487229133486,false,true,10.000020000021332
unitbox_c_20_20_2_25.jl,32,2.645751317976997,true,-7.220000227323183,-9.879999999999997,true,true,3.330000000007241
unitbox_c_20_20_2_25.jl,32,2.645751317976997,true,-7.220000227323183,-9.879999999999997,true,true,4.470000000007752
unitbox_c_20_20_2_25.jl,32,2.645751317976997,true,-7.220000227323183,-9.879999999999997,true,true,2.550000000002131
unitbox_c_20_20_2_25.jl,32,2.645751317976997,true,-7.220000227323183,-9.879999999999997,true,true,1.6799999999988
unitbox_c_20_20_2_25.jl,32,2.645751317976997,true,-7.220000227323183,-9.879999999999997,true,true,2.9700000000048825
unitbox_c_20_20_2_25.jl,32,2.464247675762748,false,-7.220000227323183,-6.901891048549142,false,true,10.000020000021332
unitbox_c_20_20_2_25.jl,32,1.928311607645689,false,-7.220000227323183,-6.676766602616626,true,true,10.000020000021332
unitbox_c_20_20_2_25.jl,32,2.6457513174307086,true,-7.220000227323183,-8.86,true,true,1.499999999998953
unitbox_c_20_20_2_25.jl,32,2.4937793037989686,false,-7.220000227323183,-6.880286907017669,true,true,10.000020000021332
unitbox_c_20_20_2_25.jl,32,1.9181002742626656,false,-7.220000227323183,-6.679351145818204,true,true,10.000020000021332
unitbox_c_20_20_2_25.jl,32,3.3621900071597944e-8,true,-7.220000227323183,-7.220000000000001,true,true,4.140000000010475
unitbox_c_20_20_2_25.jl,32,2.0051741397034193,false,-7.220000227323183,-8.005065956620468,true,true,10.000020000021332
unitbox_c_20_20_2_25.jl,32,3.3621900071597944e-8,true,-7.220000227323183,-7.220000000000001,true,true,3.8700000000107786
unitbox_c_20_20_2_25.jl,32,2.0000000100710045,true,-7.220000227323183,-9.25,true,true,3.1500000000060617
unitbox_c_20_20_2_25.jl,32,1.9165422599700557,true,-7.220000227323183,-6.679750766275076,false,true,10.000020000021332
unitbox_c_20_20_2_50.jl,0,3.881328293191794e-8,true,-16.50000053357963,-16.5,true,false,1.739999999998749
unitbox_c_20_20_2_50.jl,0,2.0000000155683093,true,-16.50000053357963,-15.799999999999997,true,true,2.219999999999969
unitbox_c_20_20_2_50.jl,0,1.7320508197274593,true,-16.50000053357963,-17.03,true,true,4.020000000011465
unitbox_c_20_20_2_50.jl,0,3.881328293191794e-8,true,-16.50000053357963,-16.5,true,true,2.880000000004293
unitbox_c_20_20_2_50.jl,0,1.7320508197274593,true,-16.50000053357963,-17.03,true,true,5.489999999999335
unitbox_c_20_20_2_50.jl,0,1.7320508197274593,true,-16.50000053357963,-17.03,true,true,1.0199999999993612
unitbox_c_20_20_2_50.jl,0,3.881328293191794e-8,true,-16.50000053357963,-16.5,true,true,3.330000000007241
unitbox_c_20_20_2_50.jl,0,1.7320508197274593,true,-16.50000053357963,-17.03,true,true,2.8200000000039
unitbox_c_20_20_2_50.jl,0,1.947244519687506,true,-16.50000053357963,-15.793388577172557,true,true,0.8999999999994632
unitbox_c_20_20_2_50.jl,0,1.7320508197274593,true,-16.50000053357963,-17.03,true,true,4.260000000009485
unitbox_c_20_20_2_50.jl,0,1.7320508197274593,true,-16.50000053357963,-17.03,true,true,2.219999999999969
unitbox_c_20_20_2_50.jl,0,1.9238822214578943,true,-16.50000053357963,-15.790247008597476,true,true,1.5899999999988765
unitbox_c_20_20_2_50.jl,0,1.7320508197274593,true,-16.50000053357963,-17.03,true,true,4.170000000010227
unitbox_c_20_20_2_50.jl,0,1.7320508197274593,true,-16.50000053357963,-17.03,true,true,5.999999999995127
unitbox_c_20_20_2_50.jl,0,1.7320508197274593,true,-16.50000053357963,-17.03,true,true,2.2500000000001656
unitbox_c_20_20_2_50.jl,0,1.7320508197274593,true,-16.50000053357963,-17.03,true,true,1.319999999999106
unitbox_c_20_20_2_50.jl,0,1.7320508197274593,true,-16.50000053357963,-17.03,true,true,1.8899999999986214
unitbox_c_20_20_2_50.jl,0,2.645751332703422,true,-16.50000053357963,-16.419999999999998,true,true,8.069999999980118
unitbox_c_20_20_2_50.jl,0,1.7320508197274593,true,-16.50000053357963,-17.03,true,true,1.1099999999992847
unitbox_c_20_20_2_50.jl,0,1.7320508197274593,true,-16.50000053357963,-17.03,true,true,1.2599999999991571
unitbox_c_20_20_2_50.jl,0,1.7320508197274593,true,-16.50000053357963,-17.03,true,true,3.4200000000078306
unitbox_c_20_20_2_50.jl,8,1.7320508197274593,true,-16.50000053357963,-17.03,true,false,6.179999999993641
unitbox_c_20_20_2_50.jl,8,3.881328293191794e-8,true,-16.50000053357963,-16.5,true,true,2.5800000000023275
unitbox_c_20_20_2_50.jl,8,2.645751332703422,true,-16.50000053357963,-16.419999999999998,true,true,1.739999999998749
unitbox_c_20_20_2_50.jl,8,2.645751332703422,true,-16.50000053357963,-16.419999999999998,true,true,1.0799999999993102
unitbox_c_20_20_2_50.jl,8,1.6797938984338627,true,-16.50000053357963,-16.989786758190093,true,true,3.0300000000052756
unitbox_c_20_20_2_50.jl,8,2.8284271483207473,true,-16.50000053357963,-16.240000000000002,true,true,3.6000000000090098
unitbox_c_20_20_2_50.jl,8,1.7320508197274593,true,-16.50000053357963,-17.03,true,true,5.010000000003296
unitbox_c_20_20_2_50.jl,8,1.0000000060164607,true,-16.50000053357963,-15.869999999999997,true,true,4.08000000001097
unitbox_c_20_20_2_50.jl,8,3.881328293191794e-8,true,-16.50000053357963,-16.5,true,true,6.839999999988195
unitbox_c_20_20_2_50.jl,8,1.4142195528119546,true,-16.50000053357963,-16.29769681218981,true,true,6.239999999993146
unitbox_c_20_20_2_50.jl,8,2.449489764276034,true,-16.50000053357963,-10.489999999999998,true,true,0.8399999999995142
unitbox_c_20_20_2_50.jl,8,3.881328293191794e-8,true,-16.50000053357963,-16.5,true,true,2.7300000000033102
unitbox_c_20_20_2_50.jl,8,1.7320508197274593,true,-16.50000053357963,-17.03,true,true,1.3499999999990806
unitbox_c_20_20_2_50.jl,8,1.4142135722970637,true,-16.50000053357963,-16.3,true,true,2.159999999999576
unitbox_c_20_20_2_50.jl,8,1.7320508197274593,true,-16.50000053357963,-17.03,true,true,1.4099999999990296
unitbox_c_20_20_2_50.jl,8,2.082137190938452,true,-16.50000053357963,-16.232647490068242,true,true,1.2899999999991316
unitbox_c_20_20_2_50.jl,8,1.7320508197274593,true,-16.50000053357963,-17.03,true,true,0.8999999999994632
unitbox_c_20_20_2_50.jl,8,3.881328293191794e-8,true,-16.50000053357963,-16.5,true,true,3.330000000007241
unitbox_c_20_20_2_50.jl,8,3.881328293191794e-8,true,-16.50000053357963,-16.5,true,true,1.919999999998596
unitbox_c_20_20_2_50.jl,8,1.7320508199466396,true,-16.50000053357963,-15.239999999999998,true,true,6.269999999992899
unitbox_c_20_20_2_50.jl,8,2.0000000155683093,true,-16.50000053357963,-15.799999999999997,true,true,2.9100000000044894
unitbox_c_20_20_2_50.jl,16,2.0000000155683093,true,-16.50000053357963,-15.799999999999997,true,false,2.9700000000048825
unitbox_c_20_20_2_50.jl,16,1.7320508197274593,true,-16.50000053357963,-17.03,true,true,3.060000000005472
unitbox_c_20_20_2_50.jl,16,1.7320508197274593,true,-16.50000053357963,-17.03,true,true,5.879999999996117
unitbox_c_20_20_2_50.jl,16,1.7320508197274593,true,-16.50000053357963,-17.03,true,true,3.4200000000078306
unitbox_c_20_20_2_50.jl,16,1.7320508197274593,true,-16.50000053357963,-17.03,true,true,2.219999999999969
unitbox_c_20_20_2_50.jl,16,3.881328293191794e-8,true,-16.50000053357963,-16.5,true,true,4.140000000010475
unitbox_c_20_20_2_50.jl,16,1.7320508197274593,true,-16.50000053357963,-17.03,true,true,2.159999999999576
unitbox_c_20_20_2_50.jl,16,1.7320508197274593,true,-16.50000053357963,-17.03,true,true,2.9700000000048825
unitbox_c_20_20_2_50.jl,16,3.881328293191794e-8,true,-16.50000053357963,-16.5,true,true,3.51000000000842
unitbox_c_20_20_2_50.jl,16,1.7320508197274593,true,-16.50000053357963,-17.03,true,true,4.680000000006019
unitbox_c_20_20_2_50.jl,16,1.7320508197274593,true,-16.50000053357963,-17.03,true,true,1.4099999999990296
unitbox_c_20_20_2_50.jl,16,1.7320508197274593,true,-16.50000053357963,-17.03,true,true,3.8700000000107786
unitbox_c_20_20_2_50.jl,16,1.7320508197274593,true,-16.50000053357963,-17.03,true,true,6.719999999989185
unitbox_c_20_20_2_50.jl,16,1.7320508197274593,true,-16.50000053357963,-17.03,true,true,2.219999999999969
unitbox_c_20_20_2_50.jl,16,2.6457513334139917,true,-16.50000053357963,-11.479999999999997,true,true,4.470000000007752
unitbox_c_20_20_2_50.jl,16,1.7320508197274593,true,-16.50000053357963,-17.03,true,true,4.110000000010722
unitbox_c_20_20_2_50.jl,16,1.7320508197274593,true,-16.50000053357963,-17.03,true,true,5.969999999995374
unitbox_c_20_20_2_50.jl,16,3.162277686268226,true,-16.50000053357963,-10.219999999999999,true,true,3.330000000007241
unitbox_c_20_20_2_50.jl,16,2.6457513334139917,true,-16.50000053357963,-11.479999999999997,true,true,3.960000000011368
unitbox_c_20_20_2_50.jl,16,3.881328293191794e-8,true,-16.50000053357963,-16.5,true,true,2.370000000000952
unitbox_c_20_20_2_50.jl,16,1.7320508197274593,true,-16.50000053357963,-17.03,true,true,1.9499999999985704
unitbox_c_20_20_2_50.jl,32,3.162277687225172,true,-16.50000053357963,-9.95,true,false,8.549999999990368
unitbox_c_20_20_2_50.jl,32,1.7320508197274593,true,-16.50000053357963,-17.03,true,true,1.439999999999004
unitbox_c_20_20_2_50.jl,32,3.881328293191794e-8,true,-16.50000053357963,-16.5,true,true,1.4099999999990296
unitbox_c_20_20_2_50.jl,32,3.881328293191794e-8,true,-16.50000053357963,-16.5,true,true,2.5800000000023275
unitbox_c_20_20_2_50.jl,32,1.993568178380977,true,-16.50000053357963,-15.799224407732538,true,true,0.8099999999995398
unitbox_c_20_20_2_50.jl,32,1.7320508197274593,true,-16.50000053357963,-17.03,true,true,2.159999999999576
unitbox_c_20_20_2_50.jl,32,3.881328293191794e-8,true,-16.50000053357963,-16.5,true,true,6.209999999993394
unitbox_c_20_20_2_50.jl,32,1.7320508197274593,true,-16.50000053357963,-17.03,true,true,5.489999999999335
unitbox_c_20_20_2_50.jl,32,3.881328293191794e-8,true,-16.50000053357963,-16.5,true,true,3.0300000000052756
unitbox_c_20_20_2_50.jl,32,1.7320508197274593,true,-16.50000053357963,-17.03,true,true,1.2599999999991571
unitbox_c_20_20_2_50.jl,32,3.881328293191794e-8,true,-16.50000053357963,-16.5,true,true,2.880000000004293
unitbox_c_20_20_2_50.jl,32,1.7320508197274593,true,-16.50000053357963,-17.03,true,true,2.3100000000005587
unitbox_c_20_20_2_50.jl,32,1.7320508197274593,true,-16.50000053357963,-17.03,true,true,2.099999999999183
unitbox_c_20_20_2_50.jl,32,1.7320508197274593,true,-16.50000053357963,-17.03,true,true,5.849999999996364
unitbox_c_20_20_2_50.jl,32,3.316624818981425,true,-16.50000053357963,-6.39,true,true,1.0499999999993357
unitbox_c_20_20_2_50.jl,32,1.7320508197274593,true,-16.50000053357963,-17.03,true,true,2.4600000000015414
unitbox_c_20_20_2_50.jl,32,3.881328293191794e-8,true,-16.50000053357963,-16.5,true,true,2.4600000000015414
unitbox_c_20_20_2_50.jl,32,3.881328293191794e-8,true,-16.50000053357963,-16.5,true,true,2.4600000000015414
unitbox_c_20_20_2_50.jl,32,2.645751332703422,true,-16.50000053357963,-16.419999999999998,true,true,5.340000000000573
unitbox_c_20_20_2_50.jl,32,3.881328293191794e-8,true,-16.50000053357963,-16.5,true,true,4.260000000009485
unitbox_c_20_20_2_50.jl,32,1.8498619788661612,true,-16.50000053357963,-15.778976421386258,true,true,2.880000000004293
unitbox_c_20_20_3_100.jl,0,0.036502597429066516,true,-26.100000811830604,-26.098691232356526,true,false,2.3100000000005587
unitbox_c_20_20_3_100.jl,0,0.05517040730452381,true,-26.100000811830604,-26.097012603309334,true,true,10.000020000021332
unitbox_c_20_20_3_100.jl,0,2.5566501856098967,true,-26.100000811830604,-21.64629953007171,true,true,0.6899999999996418
unitbox_c_20_20_3_100.jl,0,0.03634557698296241,true,-26.100000811830604,-26.09870245503417,true,true,7.079999999986215
unitbox_c_20_20_3_100.jl,0,0.0366090373992691,true,-26.100000811830604,-26.098683597320974,true,true,2.219999999999969
unitbox_c_20_20_3_100.jl,0,2.354887577158323,true,-26.100000811830604,-22.407455004397946,true,true,3.3000000000070444
unitbox_c_20_20_3_100.jl,0,2.4494727863182875,true,-26.100000811830604,-22.27,true,true,2.1899999999997726
unitbox_c_20_20_3_100.jl,0,0.03693955163756022,true,-26.100000811830604,-26.098659747703838,true,true,8.939999999998696
unitbox_c_20_20_3_100.jl,0,2.9999861649504163,true,-26.100000811830604,-18.790000000000003,true,true,1.2299999999991826
unitbox_c_20_20_3_100.jl,0,0.036867409755190116,true,-26.100000811830604,-26.098664971665393,true,true,7.7399999999807685
unitbox_c_20_20_3_100.jl,0,0.036386883638263826,true,-26.100000811830604,-26.09869950741951,true,true,1.4699999999989786
unitbox_c_20_20_3_100.jl,0,0.03644694341662588,true,-26.100000811830604,-26.09869521562854,true,true,2.6400000000027206
unitbox_c_20_20_3_100.jl,0,2.3547955392672635,true,-26.100000811830604,-22.40746863432052,true,true,1.379999999999055
unitbox_c_20_20_3_100.jl,0,2.4494727863182875,true,-26.100000811830604,-22.27,true,true,1.7699999999987235
unitbox_c_20_20_3_100.jl,0,0.03672509360380017,true,-26.100000811830604,-26.09867524719858,true,true,2.0699999999989864
unitbox_c_20_20_3_100.jl,0,2.35501267672661,true,-26.100000811830604,-22.407436384043795,true,true,2.1899999999997726
unitbox_c_20_20_3_100.jl,0,0.03645295879535001,true,-26.100000811830604,-26.098694785388137,true,true,2.2500000000001656
unitbox_c_20_20_3_100.jl,0,2.382750113571168,true,-26.100000811830604,-22.511634719628848,true,true,4.140000000010475
unitbox_c_20_20_3_100.jl,0,0.03620266455145263,true,-26.100000811830604,-26.098712627366847,true,true,2.940000000004686
unitbox_c_20_20_3_100.jl,0,0.027096521258301975,true,-26.100000811830604,-26.099278252784746,true,true,6.539999999990671
unitbox_c_20_20_3_100.jl,0,0.026705478436673192,true,-26.100000811830604,-26.09929890276452,true,true,6.929999999987452
unitbox_c_20_20_3_100.jl,8,3.316612281985658,true,-26.100000811830604,-16.34,true,false,1.2899999999991316
unitbox_c_20_20_3_100.jl,8,3.0135026991243814,true,-26.100000811830604,-13.878787049410738,true,true,2.7000000000031137
unitbox_c_20_20_3_100.jl,8,2.999986165059233,true,-26.100000811830604,-17.29,true,true,0.9299999999994377
unitbox_c_20_20_3_100.jl,8,3.039457971705769,true,-26.100000811830604,-14.805757553141802,true,true,2.7000000000031137
unitbox_c_20_20_3_100.jl,8,3.20147702716802,true,-26.100000811830604,-14.180203203000064,true,true,2.159999999999576
unitbox_c_20_20_3_100.jl,8,1.4141853236728523,true,-26.100000811830604,-23.067467519157795,true,true,0.9299999999994377
unitbox_c_20_20_3_100.jl,8,4.15838972133734e-5,true,-26.100000811830604,-26.09999999999999,true,true,4.950000000003791
unitbox_c_20_20_3_100.jl,8,1.0121641373265835,true,-26.100000811830604,-24.006308219634064,true,true,2.610000000002524
unitbox_c_20_20_3_100.jl,8,2.525454968120878,true,-26.100000811830604,-20.026840845880983,true,true,2.03999999999879
unitbox_c_20_20_3_100.jl,8,1.7390493498168467,true,-26.100000811830604,-23.969410944535056,true,true,3.000000000005079
unitbox_c_20_20_3_100.jl,8,0.9999584161245623,true,-26.100000811830604,-25.119999999999997,true,true,1.8899999999986214
unitbox_c_20_20_3_100.jl,8,1.1932307846634207,true,-26.100000811830604,-21.846224092797833,true,true,3.0300000000052756
unitbox_c_20_20_3_100.jl,8,2.645751337171307,true,-26.100000811830604,-20.0,true,true,1.859999999998647
unitbox_c_20_20_3_100.jl,8,2.187677473289106,true,-26.100000811830604,-21.105303973302686,true,true,0.8699999999994887
unitbox_c_20_20_3_100.jl,8,2.6457513371723826,true,-26.100000811830604,-21.759999999999998,true,true,1.8899999999986214
unitbox_c_20_20_3_100.jl,8,1.7320268104973855,true,-26.100000811830604,-24.3,true,true,0.5399999999997693
unitbox_c_20_20_3_100.jl,8,4.15838972133734e-5,true,-26.100000811830604,-26.09999999999999,true,true,0.7199999999996163
unitbox_c_20_20_3_100.jl,8,3.049181432710388,true,-26.100000811830604,-16.90013877969262,true,true,6.629999999989928
unitbox_c_20_20_3_100.jl,8,1.96402861925277,true,-26.100000811830604,-22.79944823754012,true,true,2.159999999999576
unitbox_c_20_20_3_100.jl,8,4.15838972133734e-5,true,-26.100000811830604,-26.09999999999999,true,true,3.9300000000111717
unitbox_c_20_20_3_100.jl,8,2.8284124470032648,true,-26.100000811830604,-19.610000000000003,true,true,0.4199999999998713
unitbox_c_20_20_3_100.jl,16,0.03616255771123783,true,-26.100000811830604,-26.098715474929335,true,false,4.20000000000998
unitbox_c_20_20_3_100.jl,16,2.4494727863182875,true,-26.100000811830604,-22.27,true,true,5.31000000000082
unitbox_c_20_20_3_100.jl,16,0.03806980537388652,true,-26.100000811830604,-26.098576571569286,true,true,5.789999999996859
unitbox_c_20_20_3_100.jl,16,0.04228467242044552,true,-26.100000811830604,-26.09824431826741,true,true,4.740000000005524
unitbox_c_20_20_3_100.jl,16,0.040001641674878394,true,-26.100000811830604,-26.098428609285776,true,true,4.830000000004781
unitbox_c_20_20_3_100.jl,16,2.381045394469285,true,-26.100000811830604,-22.511320536440554,true,true,4.0500000000112175
unitbox_c_20_20_3_100.jl,16,0.0378961307652196,true,-26.100000811830604,-26.09858951521168,true,true,3.8700000000107786
unitbox_c_20_20_3_100.jl,16,0.03501665377701378,true,-26.100000811830604,-26.09879550157325,true,true,2.6400000000027206
unitbox_c_20_20_3_100.jl,16,0.04087944878649169,true,-26.100000811830604,-26.098358959704164,true,true,5.819999999996612
unitbox_c_20_20_3_100.jl,16,0.03505919408821119,true,-26.100000811830604,-26.098792576678616,true,true,1.5899999999988765
unitbox_c_20_20_3_100.jl,16,0.033572215205215354,true,-26.100000811830604,-26.098892710261136,true,true,3.5700000000088132
unitbox_c_20_20_3_100.jl,16,0.04136516905479383,true,-26.100000811830604,-26.098319771195538,true,true,4.470000000007752
unitbox_c_20_20_3_100.jl,16,3.872972644815067,true,-26.100000811830604,-14.3,true,true,1.9499999999985704
unitbox_c_20_20_3_100.jl,16,0.037975885700392314,true,-26.100000811830604,-26.098583578566906,true,true,7.409999999983492
unitbox_c_20_20_3_100.jl,16,0.0020958769817542152,true,-26.100000811830604,-26.099995522635865,true,true,1.4699999999989786
unitbox_c_20_20_3_100.jl,16,2.3821852239877837,true,-26.100000811830604,-22.511532961933366,true,true,8.429999999987805
unitbox_c_20_20_3_100.jl,16,2.4494727863182875,true,-26.100000811830604,-22.27,true,true,2.03999999999879
unitbox_c_20_20_3_100.jl,16,0.034553974263380804,true,-26.100000811830604,-26.098827084409915,true,true,1.2899999999991316
unitbox_c_20_20_3_100.jl,16,0.03792876602237427,true,-26.100000811830604,-26.09858708747805,true,true,5.579999999998592
unitbox_c_20_20_3_100.jl,16,2.4494727863182875,true,-26.100000811830604,-22.27,true,true,1.6799999999988
unitbox_c_20_20_3_100.jl,16,0.0332127493951055,true,-26.100000811830604,-26.09891626633236,true,true,2.3100000000005587
unitbox_c_20_20_3_100.jl,32,3.4728883497933447,true,-26.100000811830604,-13.498894275555857,true,false,3.720000000009796
unitbox_c_20_20_3_100.jl,32,0.03652548241785983,true,-26.100000811830604,-26.098689592669437,true,true,7.649999999981511
unitbox_c_20_20_3_100.jl,32,0.005409678784737708,true,-26.100000811830604,-26.099970878060702,true,true,0.5999999999997183
unitbox_c_20_20_3_100.jl,32,3.7580038107897025,true,-26.100000811830604,-12.410100486301017,true,true,1.0199999999993612
unitbox_c_20_20_3_100.jl,32,0.037067630067343815,true,-26.100000811830604,-26.098650448115745,true,true,4.6500000000062665
unitbox_c_20_20_3_100.jl,32,0.03656292513644711,true,-26.100000811830604,-26.098686907721593,true,true,4.500000000007504
unitbox_c_20_20_3_100.jl,32,0.03692099017668658,true,-26.100000811830604,-26.098661092757048,true,true,4.290000000009237
unitbox_c_20_20_3_100.jl,32,3.316612281985658,true,-26.100000811830604,-16.34,true,true,1.4099999999990296
unitbox_c_20_20_3_100.jl,32,2.3112524083618813,true,-26.100000811830604,-22.405857363531094,true,true,1.6499999999988255
unitbox_c_20_20_3_100.jl,32,2.38313602524538,true,-26.100000811830604,-22.51170290483132,true,true,3.8100000000103855
unitbox_c_20_20_3_100.jl,32,0.036080132329333166,true,-26.100000811830604,-26.098721317186037,true,true,9.15000000000318
unitbox_c_20_20_3_100.jl,32,2.3831198332047934,true,-26.100000811830604,-22.51170006559074,true,true,3.0300000000052756
unitbox_c_20_20_3_100.jl,32,2.4357857835784307,true,-26.100000811830604,-22.51226043390435,true,true,1.859999999998647
unitbox_c_20_20_3_100.jl,32,0.03686374534041206,true,-26.100000811830604,-26.098665236741954,true,true,9.360000000007664
unitbox_c_20_20_3_100.jl,32,1.4125702301414402,true,-26.100000811830604,-23.380074898986017,true,true,1.0799999999993102
unitbox_c_20_20_3_100.jl,32,2.3112125547442104,true,-26.100000811830604,-22.40584674887107,true,true,3.060000000005472
unitbox_c_20_20_3_100.jl,32,0.03601368432269785,true,-26.100000811830604,-26.098726017282456,true,true,2.2500000000001656
unitbox_c_20_20_3_100.jl,32,2.3552227338662983,true,-26.100000811830604,-22.40740487419796,true,true,3.0900000000056687
unitbox_c_20_20_3_100.jl,32,0.03710292376653732,true,-26.100000811830604,-26.098647879840996,true,true,2.550000000002131
unitbox_c_20_20_3_100.jl,32,0.03697208917346224,true,-26.100000811830604,-26.098657388247283,true,true,2.159999999999576
unitbox_c_20_20_3_100.jl,32,0.036133618869533445,true,-26.100000811830604,-26.09871752761223,true,true,1.0199999999993612
unitbox_c_20_20_3_25.jl,0,1.7320507925640363,true,-22.120000444757924,-23.43,true,false,3.4800000000082236
unitbox_c_20_20_3_25.jl,0,1.6129903593467112,true,-22.120000444757924,-20.73123254746965,true,true,10.000020000021332
unitbox_c_20_20_3_25.jl,0,0.9954895643803591,true,-22.120000444757924,-22.07022551978978,true,true,2.9700000000048825
unitbox_c_20_20_3_25.jl,0,0.021622398409282352,true,-22.120000444757924,-22.118918878088333,true,true,2.7300000000033102
unitbox_c_20_20_3_25.jl,0,1.711435509316393,true,-22.120000444757924,-20.669069932671675,true,true,10.000020000021332
unitbox_c_20_20_3_25.jl,0,1.6123324711592113,true,-22.120000444757924,-20.7318300286366,true,true,10.000020000021332
unitbox_c_20_20_3_25.jl,0,1.7320507925640363,true,-22.120000444757924,-23.43,true,true,2.9100000000044894
unitbox_c_20_20_3_25.jl,0,5.437374947387486e-8,true,-22.120000444757924,-22.119999999999994,true,true,1.6499999999988255
unitbox_c_20_20_3_25.jl,0,0.9962146306573665,true,-22.120000444757924,-22.07018926647593,true,true,3.1500000000060617
unitbox_c_20_20_3_25.jl,0,1.7320507925640363,true,-22.120000444757924,-23.43,true,true,1.1699999999992337
unitbox_c_20_20_3_25.jl,0,5.437374947387486e-8,true,-22.120000444757924,-22.119999999999994,true,true,1.6499999999988255
unitbox_c_20_20_3_25.jl,0,1.7320507925640363,true,-22.120000444757924,-23.43,true,true,2.1899999999997726
unitbox_c_20_20_3_25.jl,0,0.5091743769685182,true,-22.120000444757924,-22.09454127916037,true,true,2.7900000000037033
unitbox_c_20_20_3_25.jl,0,1.7320507925640363,true,-22.120000444757924,-23.43,true,true,1.7099999999987745
unitbox_c_20_20_3_25.jl,0,1.7320507925640363,true,-22.120000444757924,-23.43,true,true,3.000000000005079
unitbox_c_20_20_3_25.jl,0,5.437374947387486e-8,true,-22.120000444757924,-22.119999999999994,true,true,1.739999999998749
unitbox_c_20_20_3_25.jl,0,5.437374947387486e-8,true,-22.120000444757924,-22.119999999999994,true,true,2.8200000000039
unitbox_c_20_20_3_25.jl,0,1.7320507925640363,true,-22.120000444757924,-23.43,true,true,2.9100000000044894
unitbox_c_20_20_3_25.jl,0,5.437374947387486e-8,true,-22.120000444757924,-22.119999999999994,true,true,1.9499999999985704
unitbox_c_20_20_3_25.jl,0,0.9923195195181951,true,-22.120000444757924,-22.070384022032886,true,true,2.940000000004686
unitbox_c_20_20_3_25.jl,0,0.1851131628780978,true,-22.120000444757924,-22.11074433986489,true,true,2.219999999999969
unitbox_c_20_20_3_25.jl,8,1.7320507925640363,true,-22.120000444757924,-23.43,true,false,1.799999999998698
unitbox_c_20_20_3_25.jl,8,5.437374947387486e-8,true,-22.120000444757924,-22.119999999999994,true,true,1.4699999999989786
unitbox_c_20_20_3_25.jl,8,2.009379907747879,false,-22.120000444757924,-22.070020606478796,true,true,10.000020000021332
unitbox_c_20_20_3_25.jl,8,1.9999999914244861,true,-22.120000444757924,-22.389999999999997,true,true,4.830000000004781
unitbox_c_20_20_3_25.jl,8,1.3763499043040681,false,-22.120000444757924,-21.684569504798233,true,true,10.000020000021332
unitbox_c_20_20_3_25.jl,8,2.004074690492324,false,-22.120000444757924,-22.34146193788705,true,true,10.000020000021332
unitbox_c_20_20_3_25.jl,8,1.7891261749313734,false,-22.120000444757924,-23.25964615806881,true,true,10.000020000021332
unitbox_c_20_20_3_25.jl,8,2.236067974525731,true,-22.120000444757924,-19.709999999999997,false,true,1.6799999999988
unitbox_c_20_20_3_25.jl,8,1.9999999896609573,true,-22.120000444757924,-23.049999999999997,true,true,5.579999999998592
unitbox_c_20_20_3_25.jl,8,2.0254446026819966,true,-22.120000444757924,-19.950657236076232,true,true,10.000020000021332
unitbox_c_20_20_3_25.jl,8,0.44133341201550436,false,-22.120000444757924,-21.886093294446642,true,true,10.000020000021332
unitbox_c_20_20_3_25.jl,8,1.9999999922707912,true,-22.120000444757924,-20.589999999999996,true,true,1.0799999999993102
unitbox_c_20_20_3_25.jl,8,5.437374947387486e-8,true,-22.120000444757924,-22.119999999999994,true,true,9.450000000009586
unitbox_c_20_20_3_25.jl,8,5.437374947387486e-8,true,-22.120000444757924,-22.119999999999994,true,true,1.439999999999004
unitbox_c_20_20_3_25.jl,8,1.736541518580632,true,-22.120000444757924,-23.35262038278026,false,true,0.9299999999994377
unitbox_c_20_20_3_25.jl,8,5.437374947387486e-8,true,-22.120000444757924,-22.119999999999994,true,true,6.029999999994879
unitbox_c_20_20_3_25.jl,8,1.9999999896609573,true,-22.120000444757924,-23.049999999999997,true,true,1.4099999999990296
unitbox_c_20_20_3_25.jl,8,1.000000005311063,true,-22.120000444757924,-21.589999999999996,true,true,4.410000000008247
unitbox_c_20_20_3_25.jl,8,2.236067974525731,true,-22.120000444757924,-19.709999999999997,false,true,1.8299999999986725
unitbox_c_20_20_3_25.jl,8,1.414513584269717,false,-22.120000444757924,-22.018929387497995,true,true,10.000020000021332
unitbox_c_20_20_3_25.jl,8,0.8032465625898741,true,-22.120000444757924,-21.670181928044645,true,true,10.000020000021332
unitbox_c_20_20_3_25.jl,16,0.9965257584319442,true,-22.120000444757924,-22.0701737100872,true,false,5.789999999996859
unitbox_c_20_20_3_25.jl,16,1.7320507925640363,true,-22.120000444757924,-23.43,true,true,1.2299999999991826
unitbox_c_20_20_3_25.jl,16,1.7320507925640363,true,-22.120000444757924,-23.43,true,true,3.2400000000066513
unitbox_c_20_20_3_25.jl,16,1.7320507925640363,true,-22.120000444757924,-23.43,true,true,3.8700000000107786
unitbox_c_20_20_3_25.jl,16,1.7320507925640363,true,-22.120000444757924,-23.43,true,true,2.8500000000040964
unitbox_c_20_20_3_25.jl,16,5.437374947387486e-8,true,-22.120000444757924,-22.119999999999994,true,true,5.699999999997602
unitbox_c_20_20_3_25.jl,16,1.7320507925640363,true,-22.120000444757924,-23.43,true,true,1.4099999999990296
unitbox_c_20_20_3_25.jl,16,5.437374947387486e-8,true,-22.120000444757924,-22.119999999999994,true,true,1.6499999999988255
unitbox_c_20_20_3_25.jl,16,1.7320507925640363,true,-22.120000444757924,-23.43,true,true,2.159999999999576
unitbox_c_20_20_3_25.jl,16,1.7320507925640363,true,-22.120000444757924,-23.43,true,true,2.9100000000044894
unitbox_c_20_20_3_25.jl,16,1.7013180848482872,true,-22.120000444757924,-20.673916209877277,true,true,10.000020000021332
unitbox_c_20_20_3_25.jl,16,1.7320507925640363,true,-22.120000444757924,-23.43,true,true,1.8899999999986214
unitbox_c_20_20_3_25.jl,16,1.7320507925640363,true,-22.120000444757924,-23.43,true,true,1.7099999999987745
unitbox_c_20_20_3_25.jl,16,1.7320507925640363,true,-22.120000444757924,-23.43,true,true,2.2500000000001656
unitbox_c_20_20_3_25.jl,16,1.7320507925640363,true,-22.120000444757924,-23.43,true,true,1.319999999999106
unitbox_c_20_20_3_25.jl,16,1.7320507925640363,true,-22.120000444757924,-23.43,true,true,1.619999999998851
unitbox_c_20_20_3_25.jl,16,1.7320507925640363,true,-22.120000444757924,-23.43,true,true,3.0300000000052756
unitbox_c_20_20_3_25.jl,16,5.437374947387486e-8,true,-22.120000444757924,-22.119999999999994,true,true,1.979999999998545
unitbox_c_20_20_3_25.jl,16,0.9747807083757966,true,-22.120000444757924,-22.071260962590006,true,true,2.7600000000035068
unitbox_c_20_20_3_25.jl,16,1.7320507925640363,true,-22.120000444757924,-23.43,true,true,2.670000000002917
unitbox_c_20_20_3_25.jl,16,0.2205386071703432,true,-22.120000444757924,-22.10897306765028,true,true,1.7099999999987745
unitbox_c_20_20_3_25.jl,32,1.7320507925640363,true,-22.120000444757924,-23.43,true,false,3.0900000000056687
unitbox_c_20_20_3_25.jl,32,0.9745866787642734,true,-22.120000444757924,-22.071270664070582,true,true,2.5800000000023275
unitbox_c_20_20_3_25.jl,32,0.1171625548593208,true,-22.120000444757924,-22.114141870265833,true,true,2.940000000004686
unitbox_c_20_20_3_25.jl,32,1.7212475221440253,true,-22.120000444757924,-20.665100496290357,true,true,10.000020000021332
unitbox_c_20_20_3_25.jl,32,1.7320507925640363,true,-22.120000444757924,-23.43,true,true,1.2899999999991316
unitbox_c_20_20_3_25.jl,32,0.1745236861886462,true,-22.120000444757924,-22.111273813699366,true,true,2.670000000002917
unitbox_c_20_20_3_25.jl,32,0.9982446943431285,true,-22.120000444757924,-22.06894662103986,true,true,2.9700000000048825
unitbox_c_20_20_3_25.jl,32,0.5721337907433272,true,-22.120000444757924,-22.09139330847163,true,true,1.7699999999987235
unitbox_c_20_20_3_25.jl,32,0.006331040199957371,true,-22.120000444757924,-22.119683445998803,true,true,2.1299999999993795
unitbox_c_20_20_3_25.jl,32,0.013342351955303722,true,-22.120000444757924,-22.119332880411033,true,true,1.439999999999004
unitbox_c_20_20_3_25.jl,32,0.9954617018568753,true,-22.120000444757924,-22.070226912915953,true,true,8.999999999999977
unitbox_c_20_20_3_25.jl,32,1.7320507925640363,true,-22.120000444757924,-23.43,true,true,3.2400000000066513
unitbox_c_20_20_3_25.jl,32,0.0298492236337407,true,-22.120000444757924,-22.11850753682711,true,true,1.739999999998749
unitbox_c_20_20_3_25.jl,32,5.437374947387486e-8,true,-22.120000444757924,-22.119999999999994,true,true,1.7699999999987235
unitbox_c_20_20_3_25.jl,32,1.7320507925640363,true,-22.120000444757924,-23.43,true,true,2.5800000000023275
unitbox_c_20_20_3_25.jl,32,1.7320507925640363,true,-22.120000444757924,-23.43,true,true,0.7499999999995908
unitbox_c_20_20_3_25.jl,32,0.9957601278565571,true,-22.120000444757924,-22.07021199161597,true,true,3.000000000005079
unitbox_c_20_20_3_25.jl,32,0.3883262861510971,true,-22.120000444757924,-22.10058368370124,true,true,2.550000000002131
unitbox_c_20_20_3_25.jl,32,0.30880299891275875,true,-22.120000444757924,-22.104559848063158,true,true,2.8200000000039
unitbox_c_20_20_3_25.jl,32,1.7320507925640363,true,-22.120000444757924,-23.43,true,true,1.319999999999106
unitbox_c_20_20_3_25.jl,32,5.437374947387486e-8,true,-22.120000444757924,-22.119999999999994,true,true,2.0699999999989864
unitbox_c_20_20_3_50.jl,0,2.6457512852391543,true,-15.370000487235615,-18.54,true,false,3.660000000009403
unitbox_c_20_20_3_50.jl,0,1.2016562771790935e-7,true,-15.370000487235615,-15.369999999999996,true,true,3.210000000006455
unitbox_c_20_20_3_50.jl,0,2.6457512852391543,true,-15.370000487235615,-18.54,true,true,3.4800000000082236
unitbox_c_20_20_3_50.jl,0,2.6457512852391543,true,-15.370000487235615,-18.54,true,true,1.739999999998749
unitbox_c_20_20_3_50.jl,0,2.6457512852391543,true,-15.370000487235615,-18.54,true,true,1.8299999999986725
unitbox_c_20_20_3_50.jl,0,2.6457512852391543,true,-15.370000487235615,-18.54,true,true,3.660000000009403
unitbox_c_20_20_3_50.jl,0,2.6457512852391543,true,-15.370000487235615,-18.54,true,true,1.1699999999992337
unitbox_c_20_20_3_50.jl,0,2.6457512852391543,true,-15.370000487235615,-18.54,true,true,3.840000000010582
unitbox_c_20_20_3_50.jl,0,2.6457512852391543,true,-15.370000487235615,-18.54,true,true,4.6500000000062665
unitbox_c_20_20_3_50.jl,0,1.2016562771790935e-7,true,-15.370000487235615,-15.369999999999996,true,true,3.390000000007634
unitbox_c_20_20_3_50.jl,0,2.6457512852391543,true,-15.370000487235615,-18.54,true,true,1.0199999999993612
unitbox_c_20_20_3_50.jl,0,1.2016562771790935e-7,true,-15.370000487235615,-15.369999999999996,true,true,8.279999999984602
unitbox_c_20_20_3_50.jl,0,2.6457512852391543,true,-15.370000487235615,-18.54,true,true,0.7499999999995908
unitbox_c_20_20_3_50.jl,0,2.6457512852391543,true,-15.370000487235615,-18.54,true,true,0.7799999999995653
unitbox_c_20_20_3_50.jl,0,2.6457512852391543,true,-15.370000487235615,-18.54,true,true,2.159999999999576
unitbox_c_20_20_3_50.jl,0,2.6457512852391543,true,-15.370000487235615,-18.54,true,true,2.0099999999985934
unitbox_c_20_20_3_50.jl,0,1.2016562771790935e-7,true,-15.370000487235615,-15.369999999999996,true,true,2.2500000000001656
unitbox_c_20_20_3_50.jl,0,1.2016562771790935e-7,true,-15.370000487235615,-15.369999999999996,true,true,1.3499999999990806
unitbox_c_20_20_3_50.jl,0,2.6457512852391543,true,-15.370000487235615,-18.54,true,true,3.720000000009796
unitbox_c_20_20_3_50.jl,0,2.6457512852391543,true,-15.370000487235615,-18.54,true,true,1.1399999999992592
unitbox_c_20_20_3_50.jl,0,2.6457512852391543,true,-15.370000487235615,-18.54,true,true,4.950000000003791
unitbox_c_20_20_3_50.jl,8,2.236067945424852,true,-15.370000487235615,-17.88998498015629,true,false,2.099999999999183
unitbox_c_20_20_3_50.jl,8,2.44948971132494,true,-15.370000487235615,-17.8,true,true,2.2500000000001656
unitbox_c_20_20_3_50.jl,8,1.692207353504724,true,-15.370000487235615,-13.128884233067463,true,true,2.9700000000048825
unitbox_c_20_20_3_50.jl,8,2.6457512852391543,true,-15.370000487235615,-18.54,true,true,3.900000000010975
unitbox_c_20_20_3_50.jl,8,1.3626928303676802,true,-15.370000487235615,-14.583881097178624,true,true,1.319999999999106
unitbox_c_20_20_3_50.jl,8,2.62912516376529,true,-15.370000487235615,-18.50546055895157,true,true,2.8200000000039
unitbox_c_20_20_3_50.jl,8,2.4494897116851213,true,-15.370000487235615,-18.07,true,true,1.1699999999992337
unitbox_c_20_20_3_50.jl,8,2.4494897116851213,true,-15.370000487235615,-18.07,true,true,5.54999999999884
unitbox_c_20_20_3_50.jl,8,2.6108051083618395,true,-15.370000487235615,-18.494642711642157,true,true,10.000020000021332
unitbox_c_20_20_3_50.jl,8,2.44948971132494,true,-15.370000487235615,-17.8,true,true,1.2899999999991316
unitbox_c_20_20_3_50.jl,8,2.449489712539729,true,-15.370000487235615,-15.449999999999998,true,true,5.489999999999335
unitbox_c_20_20_3_50.jl,8,2.236067940860605,true,-15.370000487235615,-15.679999999999994,true,true,4.710000000005771
unitbox_c_20_20_3_50.jl,8,2.2360679391964657,true,-15.370000487235615,-17.89,true,true,4.110000000010722
unitbox_c_20_20_3_50.jl,8,2.0000650516226117,true,-15.370000487235615,-14.391129202099163,true,true,10.000020000021332
unitbox_c_20_20_3_50.jl,8,2.6457512852391543,true,-15.370000487235615,-18.54,true,true,7.169999999985472
unitbox_c_20_20_3_50.jl,8,2.2360679391964657,true,-15.370000487235615,-17.89,true,true,4.620000000006514
unitbox_c_20_20_3_50.jl,8,2.44948971132494,true,-15.370000487235615,-17.8,true,true,1.9499999999985704
unitbox_c_20_20_3_50.jl,8,2.9999999831886712,true,-15.370000487235615,-16.96,true,true,0.6299999999996928
unitbox_c_20_20_3_50.jl,8,2.236067940787537,true,-15.370000487235615,-15.929999999999994,true,true,1.1699999999992337
unitbox_c_20_20_3_50.jl,8,1.9999999540126423,true,-15.370000487235615,-15.74,true,true,3.210000000006455
unitbox_c_20_20_3_50.jl,8,2.236067940860605,true,-15.370000487235615,-15.679999999999994,true,true,5.54999999999884
unitbox_c_20_20_3_50.jl,16,2.6457512852391543,true,-15.370000487235615,-18.54,true,false,1.2599999999991571
unitbox_c_20_20_3_50.jl,16,0.01533479315146328,true,-15.370000487235615,-15.369693301852992,true,true,1.9499999999985704
unitbox_c_20_20_3_50.jl,16,0.7353615196709163,true,-15.370000487235615,-15.355292767322604,true,true,1.1399999999992592
unitbox_c_20_20_3_50.jl,16,2.6457512852391543,true,-15.370000487235615,-18.54,true,true,1.5299999999989276
unitbox_c_20_20_3_50.jl,16,2.6457512852391543,true,-15.370000487235615,-18.54,true,true,2.3100000000005587
unitbox_c_20_20_3_50.jl,16,2.6457512852391543,true,-15.370000487235615,-18.54,true,true,1.7699999999987235
unitbox_c_20_20_3_50.jl,16,2.6457512852391543,true,-15.370000487235615,-18.54,true,true,1.1099999999992847
unitbox_c_20_20_3_50.jl,16,1.2016562771790935e-7,true,-15.370000487235615,-15.369999999999996,true,true,4.020000000011465
unitbox_c_20_20_3_50.jl,16,1.2016562771790935e-7,true,-15.370000487235615,-15.369999999999996,true,true,0.9599999999994122
unitbox_c_20_20_3_50.jl,16,1.414600497342722,true,-15.370000487235615,-14.567872424065458,true,true,1.1099999999992847
unitbox_c_20_20_3_50.jl,16,2.6457512852391543,true,-15.370000487235615,-18.54,true,true,2.4600000000015414
unitbox_c_20_20_3_50.jl,16,1.2016562771790935e-7,true,-15.370000487235615,-15.369999999999996,true,true,3.2400000000066513
unitbox_c_20_20_3_50.jl,16,1.2016562771790935e-7,true,-15.370000487235615,-15.369999999999996,true,true,4.20000000000998
unitbox_c_20_20_3_50.jl,16,2.6457512852391543,true,-15.370000487235615,-18.54,true,true,3.120000000005865
unitbox_c_20_20_3_50.jl,16,2.6457512852391543,true,-15.370000487235615,-18.54,true,true,1.1099999999992847
unitbox_c_20_20_3_50.jl,16,2.6457512852391543,true,-15.370000487235615,-18.54,true,true,2.03999999999879
unitbox_c_20_20_3_50.jl,16,1.2016562771790935e-7,true,-15.370000487235615,-15.369999999999996,true,true,2.7900000000037033
unitbox_c_20_20_3_50.jl,16,2.6457512852391543,true,-15.370000487235615,-18.54,true,true,1.4099999999990296
unitbox_c_20_20_3_50.jl,16,2.4532144174667683,true,-15.370000487235615,-18.236719098676062,true,true,10.000020000021332
unitbox_c_20_20_3_50.jl,16,2.6457512852391543,true,-15.370000487235615,-18.54,true,true,0.7799999999995653
unitbox_c_20_20_3_50.jl,16,2.236067940860605,true,-15.370000487235615,-15.679999999999994,true,true,1.499999999998953
unitbox_c_20_20_3_50.jl,32,2.6457512852391543,true,-15.370000487235615,-18.54,true,false,7.949999999979036
unitbox_c_20_20_3_50.jl,32,2.6457512852391543,true,-15.370000487235615,-18.54,true,true,4.08000000001097
unitbox_c_20_20_3_50.jl,32,2.6457512852391543,true,-15.370000487235615,-18.54,true,true,3.6300000000092063
unitbox_c_20_20_3_50.jl,32,2.6457512852391543,true,-15.370000487235615,-18.54,true,true,6.419999999991661
unitbox_c_20_20_3_50.jl,32,2.6457512852391543,true,-15.370000487235615,-18.54,true,true,1.9499999999985704
unitbox_c_20_20_3_50.jl,32,2.6457512852391543,true,-15.370000487235615,-18.54,true,true,2.610000000002524
unitbox_c_20_20_3_50.jl,32,2.6457512852391543,true,-15.370000487235615,-18.54,true,true,2.9100000000044894
unitbox_c_20_20_3_50.jl,32,2.6457512852391543,true,-15.370000487235615,-18.54,true,true,2.3100000000005587
unitbox_c_20_20_3_50.jl,32,2.6457512852391543,true,-15.370000487235615,-18.54,true,true,1.1399999999992592
unitbox_c_20_20_3_50.jl,32,1.2016562771790935e-7,true,-15.370000487235615,-15.369999999999996,true,true,4.470000000007752
unitbox_c_20_20_3_50.jl,32,2.236067940860605,true,-15.370000487235615,-15.679999999999994,true,true,5.609999999998345
unitbox_c_20_20_3_50.jl,32,2.6457512852391543,true,-15.370000487235615,-18.54,true,true,2.550000000002131
unitbox_c_20_20_3_50.jl,32,2.6457512852391543,true,-15.370000487235615,-18.54,true,true,3.6000000000090098
unitbox_c_20_20_3_50.jl,32,2.6457512852391543,true,-15.370000487235615,-18.54,true,true,4.08000000001097
unitbox_c_20_20_3_50.jl,32,2.6457512852391543,true,-15.370000487235615,-18.54,true,true,0.7499999999995908
unitbox_c_20_20_3_50.jl,32,2.6457512852391543,true,-15.370000487235615,-18.54,true,true,2.6400000000027206
unitbox_c_20_20_3_50.jl,32,1.493267104305389,true,-15.370000487235615,-14.560411535878435,true,true,1.2899999999991316
unitbox_c_20_20_3_50.jl,32,1.2016562771790935e-7,true,-15.370000487235615,-15.369999999999996,true,true,3.120000000005865
unitbox_c_20_20_3_50.jl,32,1.2016562771790935e-7,true,-15.370000487235615,-15.369999999999996,true,true,3.9300000000111717
unitbox_c_20_20_3_50.jl,32,1.2016562771790935e-7,true,-15.370000487235615,-15.369999999999996,true,true,1.1699999999992337
unitbox_c_20_20_3_50.jl,32,2.2755040520614167,true,-15.370000487235615,-17.852037614333703,true,true,10.000020000021332
unitbox_c_20_30_1_100.jl,0,1.6243976767849722,true,-14.761886857197618,-15.03448068080763,true,false,4.980000000003543
unitbox_c_20_30_1_100.jl,0,2.131860629774473,true,-14.761886857197618,-14.43,true,true,5.4599999999995825
unitbox_c_20_30_1_100.jl,0,2.3439764075031833,true,-14.761886857197618,-15.07,true,true,1.4099999999990296
unitbox_c_20_30_1_100.jl,0,1.532376212752967,true,-14.761886857197618,-15.320699042944744,true,true,2.670000000002917
unitbox_c_20_30_1_100.jl,0,1.5464689122841182,true,-14.761886857197618,-14.428920496365013,true,true,6.149999999993889
unitbox_c_20_30_1_100.jl,0,3.273457592779906,true,-14.761886857197618,-17.080000000000002,true,true,2.099999999999183
unitbox_c_20_30_1_100.jl,0,3.3786950397511477,false,-14.761886857197618,-16.384719846814267,true,true,10.000020000021332
unitbox_c_20_30_1_100.jl,0,2.436225943637425,true,-14.761886857197618,-13.239888428644216,true,true,10.000020000021332
unitbox_c_20_30_1_100.jl,0,2.131860629774473,true,-14.761886857197618,-14.43,true,true,1.5299999999989276
unitbox_c_20_30_1_100.jl,0,2.3439764075031833,true,-14.761886857197618,-15.07,true,true,2.7600000000035068
unitbox_c_20_30_1_100.jl,0,3.273457592779906,true,-14.761886857197618,-17.080000000000002,true,true,3.5400000000086167
unitbox_c_20_30_1_100.jl,0,2.131860629774473,true,-14.761886857197618,-14.43,true,true,0.5399999999997693
unitbox_c_20_30_1_100.jl,0,3.216320385488892,true,-14.761886857197618,-13.541832035953039,true,true,3.4200000000078306
unitbox_c_20_30_1_100.jl,0,2.3439764075031833,true,-14.761886857197618,-15.07,true,true,3.6000000000090098
unitbox_c_20_30_1_100.jl,0,3.216337133006318,true,-14.761886857197618,-13.541758215784984,true,true,3.0300000000052756
unitbox_c_20_30_1_100.jl,0,3.273457592779906,true,-14.761886857197618,-17.080000000000002,true,true,2.550000000002131
unitbox_c_20_30_1_100.jl,0,1.5322265716346304,true,-14.761886857197618,-15.320684542096858,true,true,6.479999999991166
unitbox_c_20_30_1_100.jl,0,3.2163281991771187,true,-14.761886857197618,-13.541797592844732,true,true,1.6799999999988
unitbox_c_20_30_1_100.jl,0,2.131860629774473,true,-14.761886857197618,-14.43,true,true,1.559999999998902
unitbox_c_20_30_1_100.jl,0,3.3977683641629723,false,-14.761886857197618,-16.430000000000003,false,true,10.000020000021332
unitbox_c_20_30_1_100.jl,0,3.3721526382730898,false,-14.761886857197618,-16.370739937902275,true,true,10.000020000021332
unitbox_c_20_30_1_100.jl,8,1.541393429284698,true,-14.761886857197618,-14.42864111905927,true,false,2.1899999999997726
unitbox_c_20_30_1_100.jl,8,3.0804563494373234,false,-14.761886857197618,-14.681617081347005,true,true,10.000020000021332
unitbox_c_20_30_1_100.jl,8,3.273457592779906,true,-14.761886857197618,-17.080000000000002,true,true,2.5800000000023275
unitbox_c_20_30_1_100.jl,8,3.638275318656409,false,-14.761886857197618,-10.904033499002225,true,true,10.000020000021332
unitbox_c_20_30_1_100.jl,8,3.422794856655024,true,-14.761886857197618,-15.790000000000008,false,true,1.559999999998902
unitbox_c_20_30_1_100.jl,8,3.2105618987207594,false,-14.761886857197618,-13.292207195885444,true,true,6.989999999986957
unitbox_c_20_30_1_100.jl,8,3.273457592779906,true,-14.761886857197618,-17.080000000000002,true,true,2.3100000000005587
unitbox_c_20_30_1_100.jl,8,2.931931089165818,true,-14.761886857197618,-14.839583067101831,true,true,2.670000000002917
unitbox_c_20_30_1_100.jl,8,1.5793116699226333,true,-14.761886857197618,-13.850000000000001,true,true,2.8500000000040964
unitbox_c_20_30_1_100.jl,8,1.5952522396446536,true,-14.761886857197618,-15.320000000000004,true,true,2.610000000002524
unitbox_c_20_30_1_100.jl,8,2.0793101322921097,true,-14.761886857197618,-12.44,true,true,1.319999999999106
unitbox_c_20_30_1_100.jl,8,2.148623508318752,true,-14.761886857197618,-10.026830255167045,true,true,5.400000000000078
unitbox_c_20_30_1_100.jl,8,2.3547462193633693,true,-14.761886857197618,-12.919999999999998,true,true,2.610000000002524
unitbox_c_20_30_1_100.jl,8,3.2461228746175763,false,-14.761886857197618,-13.175833190081258,true,true,10.000020000021332
unitbox_c_20_30_1_100.jl,8,1.771061003370552,true,-14.761886857197618,-13.508286900960334,true,true,4.620000000006514
unitbox_c_20_30_1_100.jl,8,3.5293883073195755,false,-14.761886857197618,-14.149040315710812,false,true,10.000020000021332
unitbox_c_20_30_1_100.jl,8,2.119958815769107,true,-14.761886857197618,-14.300000000000006,false,true,3.450000000008027
unitbox_c_20_30_1_100.jl,8,2.586041917617789,true,-14.761886857197618,-9.957854552884324,true,true,8.279999999984602
unitbox_c_20_30_1_100.jl,8,3.3977683641629723,true,-14.761886857197618,-16.430000000000003,false,true,4.950000000003791
unitbox_c_20_30_1_100.jl,8,1.8855511545756087,true,-14.761886857197618,-12.721615427871338,true,true,1.4699999999989786
unitbox_c_20_30_1_100.jl,8,1.877647960999921,true,-14.761886857197618,-13.734442972256241,true,true,4.440000000007999
unitbox_c_20_30_1_100.jl,16,3.3634749601659575,false,-14.761886857197618,-16.34974885813387,true,false,10.000020000021332
unitbox_c_20_30_1_100.jl,16,3.273457592779906,true,-14.761886857197618,-17.080000000000002,true,true,2.5800000000023275
unitbox_c_20_30_1_100.jl,16,0.037708954020877525,true,-14.761886857197618,-14.76094817411334,true,true,2.4600000000015414
unitbox_c_20_30_1_100.jl,16,1.589764337376658,true,-14.761886857197618,-15.320567460871235,true,true,1.4099999999990296
unitbox_c_20_30_1_100.jl,16,3.273457592779906,true,-14.761886857197618,-17.080000000000002,true,true,2.0099999999985934
unitbox_c_20_30_1_100.jl,16,3.371822280369248,false,-14.761886857197618,-16.36879037342606,true,true,10.000020000021332
unitbox_c_20_30_1_100.jl,16,1.5419193376567961,true,-14.761886857197618,-14.429411717773053,true,true,1.4099999999990296
unitbox_c_20_30_1_100.jl,16,1.588751867544542,true,-14.761886857197618,-15.320662177932853,true,true,3.660000000009403
unitbox_c_20_30_1_100.jl,16,3.273457592779906,true,-14.761886857197618,-17.080000000000002,true,true,1.799999999998698
unitbox_c_20_30_1_100.jl,16,2.3360528707793526,true,-14.761886857197618,-14.071221026754388,true,true,2.03999999999879
unitbox_c_20_30_1_100.jl,16,1.625063238996411,true,-14.761886857197618,-15.034670695755807,true,true,3.660000000009403
unitbox_c_20_30_1_100.jl,16,1.546000739502431,true,-14.761886857197618,-14.429232655991395,true,true,4.6500000000062665
unitbox_c_20_30_1_100.jl,16,2.3439764075031833,true,-14.761886857197618,-15.07,true,true,3.5700000000088132
unitbox_c_20_30_1_100.jl,16,3.3977683641629723,false,-14.761886857197618,-16.430000000000003,false,true,10.000020000021332
unitbox_c_20_30_1_100.jl,16,3.273457592779906,true,-14.761886857197618,-17.080000000000002,true,true,2.03999999999879
unitbox_c_20_30_1_100.jl,16,3.273457592779906,true,-14.761886857197618,-17.080000000000002,true,true,2.7300000000033102
unitbox_c_20_30_1_100.jl,16,1.5857354063725388,true,-14.761886857197618,-15.320925780168539,true,true,2.7000000000031137
unitbox_c_20_30_1_100.jl,16,2.4918092327336874,true,-14.761886857197618,-13.556514819841144,true,true,4.110000000010722
unitbox_c_20_30_1_100.jl,16,2.5979804996833624,true,-14.761886857197618,-13.491179770080844,true,true,10.000020000021332
unitbox_c_20_30_1_100.jl,16,2.2777295972082676,true,-14.761886857197618,-13.299687654129198,true,true,1.319999999999106
unitbox_c_20_30_1_100.jl,16,0.04134789475097589,true,-14.761886857197618,-14.760690822942552,true,true,1.6499999999988255
unitbox_c_20_30_1_100.jl,32,3.3692486767551846,false,-14.761886857197618,-16.363157096792484,true,false,10.000020000021332
unitbox_c_20_30_1_100.jl,32,3.4377729709480667,false,-14.761886857197618,-12.510794066168174,false,true,10.000020000021332
unitbox_c_20_30_1_100.jl,32,1.532829026272669,true,-14.761886857197618,-15.320742419707734,true,true,3.2400000000066513
unitbox_c_20_30_1_100.jl,32,1.7929477691200935,true,-14.761886857197618,-13.002109531132758,true,true,2.1899999999997726
unitbox_c_20_30_1_100.jl,32,3.280584035772697,false,-14.761886857197618,-14.224890800132226,false,true,10.000020000021332
unitbox_c_20_30_1_100.jl,32,1.0705709426875363,true,-14.761886857197618,-14.965578877169046,true,true,2.3400000000007553
unitbox_c_20_30_1_100.jl,32,1.5874730454074113,true,-14.761886857197618,-13.426112719038175,true,true,1.9499999999985704
unitbox_c_20_30_1_100.jl,32,2.5539329541063323,true,-14.761886857197618,-13.56019751588812,true,true,1.859999999998647
unitbox_c_20_30_1_100.jl,32,3.273457592779906,true,-14.761886857197618,-17.080000000000002,true,true,2.430000000001345
unitbox_c_20_30_1_100.jl,32,2.3439764075031833,true,-14.761886857197618,-15.07,true,true,1.919999999998596
unitbox_c_20_30_1_100.jl,32,1.070311211724465,true,-14.761886857197618,-14.965563482053664,true,true,1.439999999999004
unitbox_c_20_30_1_100.jl,32,0.026585464763471383,true,-14.761886857197618,-14.761278648400898,true,true,0.9599999999994122
unitbox_c_20_30_1_100.jl,32,2.4899233707294792,true,-14.761886857197618,-13.556174145471056,true,true,4.980000000003543
unitbox_c_20_30_1_100.jl,32,0.03605863312981993,true,-14.761886857197618,-14.760908813621407,true,true,2.6400000000027206
unitbox_c_20_30_1_100.jl,32,1.7930475461350253,true,-14.761886857197618,-13.002064460943878,true,true,2.280000000000362
unitbox_c_20_30_1_100.jl,32,1.5419075256722685,true,-14.761886857197618,-14.429398836340047,true,true,2.4600000000015414
unitbox_c_20_30_1_100.jl,32,3.2234567350348464,true,-14.761886857197618,-13.552899035019417,true,true,10.000020000021332
unitbox_c_20_30_1_100.jl,32,3.1993263557647595,false,-14.761886857197618,-13.93344999213091,true,true,10.000020000021332
unitbox_c_20_30_1_100.jl,32,3.3950116427006867,false,-14.761886857197618,-16.423364286948207,false,true,10.000020000021332
unitbox_c_20_30_1_100.jl,32,3.37571935003253,false,-14.761886857197618,-16.377796077775944,true,true,10.000020000021332
unitbox_c_20_30_1_100.jl,32,1.5721339501777623,true,-14.761886857197618,-13.426222881115114,true,true,1.499999999998953
unitbox_c_20_30_1_25.jl,0,2.3997051739946906,true,-13.357097107414683,-12.3,true,false,7.259999999984729
unitbox_c_20_30_1_25.jl,0,2.1085247500664868,false,-13.357097107414683,-12.497927795149405,false,true,10.000020000021332
unitbox_c_20_30_1_25.jl,0,0.0038659321478371617,false,-13.357097107414683,-13.359880311963474,false,true,10.000020000021332
unitbox_c_20_30_1_25.jl,0,0.01995268280206886,false,-13.357097107414683,-13.371462772434686,false,true,10.000020000021332
unitbox_c_20_30_1_25.jl,0,0.024045547152937063,false,-13.357097107414683,-13.339784046867155,true,true,10.000020000021332
unitbox_c_20_30_1_25.jl,0,0.011195246259896603,false,-13.357097107414683,-13.36515741812429,false,true,10.000020000021332
unitbox_c_20_30_1_25.jl,0,0.0018800341943125106,false,-13.357097107414683,-13.358450465436722,false,true,10.000020000021332
unitbox_c_20_30_1_25.jl,0,0.0833755522124574,false,-13.357097107414683,-13.417127238410195,false,true,10.000020000021332
unitbox_c_20_30_1_25.jl,0,0.045150705637466634,false,-13.357097107414683,-13.324645853654474,true,true,10.000020000021332
unitbox_c_20_30_1_25.jl,0,0.029835657233460856,false,-13.357097107414683,-13.33561516760917,true,true,10.000020000021332
unitbox_c_20_30_1_25.jl,0,0.006762187300460549,false,-13.357097107414683,-13.352228065961022,true,true,10.000020000021332
unitbox_c_20_30_1_25.jl,0,0.02554057540003868,false,-13.357097107414683,-13.375486055105233,false,true,10.000020000021332
unitbox_c_20_30_1_25.jl,0,0.005515407976089231,false,-13.357097107414683,-13.353125747074595,true,true,10.000020000021332
unitbox_c_20_30_1_25.jl,0,0.017791705428831885,false,-13.357097107414683,-13.36990686872595,false,true,10.000020000021332
unitbox_c_20_30_1_25.jl,0,0.0055405016536882,false,-13.357097107414683,-13.353107679626724,true,true,10.000020000021332
unitbox_c_20_30_1_25.jl,0,0.009238102577882433,false,-13.357097107414683,-13.350445406961246,true,true,10.000020000021332
unitbox_c_20_30_1_25.jl,0,0.003441559284074403,false,-13.357097107414683,-13.354342919819748,true,true,10.000020000021332
unitbox_c_20_30_1_25.jl,0,0.001537167899153143,false,-13.357097107414683,-13.35599007993036,true,true,10.000020000021332
unitbox_c_20_30_1_25.jl,0,1.7616878787611632,true,-13.357097107414683,-12.368208824855726,true,true,7.499999999982749
unitbox_c_20_30_1_25.jl,0,2.3997051739946906,true,-13.357097107414683,-12.3,true,true,7.229999999984977
unitbox_c_20_30_1_25.jl,0,2.8533822485846336,false,-13.357097107414683,-9.916187867053718,false,true,10.000020000021332
unitbox_c_20_30_1_25.jl,8,0.9396238189347292,false,-13.357097107414683,-12.917061520906493,false,false,10.000020000021332
unitbox_c_20_30_1_25.jl,8,2.754120521036893,false,-13.357097107414683,-9.744309347304592,false,true,10.000020000021332
unitbox_c_20_30_1_25.jl,8,1.595769397265555,false,-13.357097107414683,-11.588954350652852,false,true,10.000020000021332
unitbox_c_20_30_1_25.jl,8,3.4265531964796847,false,-13.357097107414683,-7.905960911749116,true,true,10.000020000021332
unitbox_c_20_30_1_25.jl,8,1.7368503863744948,true,-13.357097107414683,-11.110000000000001,true,true,6.029999999994879
unitbox_c_20_30_1_25.jl,8,1.3469818574766976,false,-13.357097107414683,-12.352660304336723,true,true,10.000020000021332
unitbox_c_20_30_1_25.jl,8,2.4049143131375312,false,-13.357097107414683,-9.3427729411515,true,true,9.270000000005743
unitbox_c_20_30_1_25.jl,8,2.8313688251725075,true,-13.357097107414683,-8.349999999999998,false,true,9.270000000005743
unitbox_c_20_30_1_25.jl,8,1.5029186601099362,false,-13.357097107414683,-12.39489194189957,true,true,10.000020000021332
unitbox_c_20_30_1_25.jl,8,2.8291373168094163,false,-13.357097107414683,-7.999088653293244,false,true,10.000020000021332
unitbox_c_20_30_1_25.jl,8,1.0697707269477066,false,-13.357097107414683,-11.728068738158111,true,true,10.000020000021332
unitbox_c_20_30_1_25.jl,8,1.1415853365662993,false,-13.357097107414683,-12.773030770549717,false,true,10.000020000021332
unitbox_c_20_30_1_25.jl,8,3.1238734019517778,true,-13.357097107414683,-7.39,true,true,1.739999999998749
unitbox_c_20_30_1_25.jl,8,3.0116382536523862,true,-13.357097107414683,-7.793421133638959,true,true,10.000020000021332
unitbox_c_20_30_1_25.jl,8,2.0041579842870254,true,-13.357097107414683,-11.46,true,true,2.4600000000015414
unitbox_c_20_30_1_25.jl,8,1.3973751220065722,false,-13.357097107414683,-12.489247768894389,false,true,10.000020000021332
unitbox_c_20_30_1_25.jl,8,3.0262107801388796,false,-13.357097107414683,-6.91659056928722,false,true,10.000020000021332
unitbox_c_20_30_1_25.jl,8,1.9610912454993237,false,-13.357097107414683,-11.96500020998781,true,true,10.000020000021332
unitbox_c_20_30_1_25.jl,8,2.5011171572991,false,-13.357097107414683,-9.508737794640796,false,true,10.000020000021332
unitbox_c_20_30_1_25.jl,8,2.7854236536248624,true,-13.357097107414683,-11.849999999999998,true,true,7.439999999983244
unitbox_c_20_30_1_25.jl,8,2.9372847343266377,false,-13.357097107414683,-8.057390719280253,false,true,10.000020000021332
unitbox_c_20_30_1_25.jl,16,0.024525356632853747,false,-13.357097107414683,-13.339438584041613,true,false,10.000020000021332
unitbox_c_20_30_1_25.jl,16,0.017646162518535086,false,-13.357097107414683,-13.344391603803935,true,true,10.000020000021332
unitbox_c_20_30_1_25.jl,16,0.0319106387103652,false,-13.357097107414683,-13.380072500688673,false,true,10.000020000021332
unitbox_c_20_30_1_25.jl,16,2.6501656598812966,false,-13.357097107414683,-12.083207710314976,false,true,10.000020000021332
unitbox_c_20_30_1_25.jl,16,2.790808049406933,false,-13.357097107414683,-10.15945694480841,true,true,10.000020000021332
unitbox_c_20_30_1_25.jl,16,0.031871870694436075,false,-13.357097107414683,-13.334149093917265,true,true,10.000020000021332
unitbox_c_20_30_1_25.jl,16,0.00843386181524637,false,-13.357097107414683,-13.362870746359654,false,true,10.000020000021332
unitbox_c_20_30_1_25.jl,16,0.015774695430254265,false,-13.357097107414683,-13.36845462152697,false,true,10.000020000021332
unitbox_c_20_30_1_25.jl,16,0.029143479245645025,false,-13.357097107414683,-13.336113535760399,true,true,10.000020000021332
unitbox_c_20_30_1_25.jl,16,0.03672612614731702,false,-13.357097107414683,-13.383539651643282,false,true,10.000020000021332
unitbox_c_20_30_1_25.jl,16,0.03616893370985239,false,-13.357097107414683,-13.331055208546163,true,true,10.000020000021332
unitbox_c_20_30_1_25.jl,16,0.0010817880469849302,false,-13.357097107414683,-13.356317953424137,true,true,8.519999999989727
unitbox_c_20_30_1_25.jl,16,0.013995232406484375,false,-13.357097107414683,-13.347020273484622,true,true,10.000020000021332
unitbox_c_20_30_1_25.jl,16,0.03884712152347921,false,-13.357097107414683,-13.355517576749143,false,true,10.000020000021332
unitbox_c_20_30_1_25.jl,16,1.762965152893614,true,-13.357097107414683,-12.367907236532332,true,true,4.170000000010227
unitbox_c_20_30_1_25.jl,16,0.031666510033985434,false,-13.357097107414683,-13.37989672804168,false,true,10.000020000021332
unitbox_c_20_30_1_25.jl,16,2.1188303521223832,false,-13.357097107414683,-12.503767867747941,false,true,10.000020000021332
unitbox_c_20_30_1_25.jl,16,2.3997051739946906,true,-13.357097107414683,-12.3,true,true,7.199999999985224
unitbox_c_20_30_1_25.jl,16,0.03290615775065574,false,-13.357097107414683,-13.333404407236788,true,true,10.000020000021332
unitbox_c_20_30_1_25.jl,16,0.04135637925095215,false,-13.357097107414683,-13.32732024775657,true,true,10.000020000021332
unitbox_c_20_30_1_25.jl,16,0.006508615533774321,false,-13.357097107414683,-13.361783044001433,false,true,10.000020000021332
unitbox_c_20_30_1_25.jl,32,0.005473343057135244,false,-13.357097107414683,-13.361037647818229,false,false,10.000020000021332
unitbox_c_20_30_1_25.jl,32,0.03697509209241704,false,-13.357097107414683,-13.330474774510716,true,true,10.000020000021332
unitbox_c_20_30_1_25.jl,32,3.3666523272913214,false,-13.357097107414683,-7.906181535699006,true,true,10.000020000021332
unitbox_c_20_30_1_25.jl,32,0.003040217658520424,false,-13.357097107414683,-13.35928579753111,false,true,10.000020000021332
unitbox_c_20_30_1_25.jl,32,0.026139432924981252,false,-13.357097107414683,-13.375917232523193,false,true,10.000020000021332
unitbox_c_20_30_1_25.jl,32,0.032060813170806925,false,-13.357097107414683,-13.33401305533428,true,true,10.000020000021332
unitbox_c_20_30_1_25.jl,32,0.015099865201260068,false,-13.357097107414683,-13.34622493787238,true,true,10.000020000021332
unitbox_c_20_30_1_25.jl,32,1.7368503963955544,true,-13.357097107414683,-12.38,true,true,6.539999999990671
unitbox_c_20_30_1_25.jl,32,2.3093910558687183,false,-13.357097107414683,-11.098020653297574,true,true,10.000020000021332
unitbox_c_20_30_1_25.jl,32,2.0717645430172995,false,-13.357097107414683,-12.347829233515169,true,true,10.000020000021332
unitbox_c_20_30_1_25.jl,32,1.7368503963955544,true,-13.357097107414683,-12.38,true,true,4.770000000005276
unitbox_c_20_30_1_25.jl,32,0.03017313612875724,false,-13.357097107414683,-13.378821498829915,false,true,10.000020000021332
unitbox_c_20_30_1_25.jl,32,0.010736074965349974,false,-13.357097107414683,-13.349366866842258,true,true,10.000020000021332
unitbox_c_20_30_1_25.jl,32,0.7754360380245889,true,-13.357097107414683,-13.136895765146267,false,true,10.000020000021332
unitbox_c_20_30_1_25.jl,32,0.019592742973412763,false,-13.357097107414683,-13.371203615758052,false,true,10.000020000021332
unitbox_c_20_30_1_25.jl,32,2.3997051739946906,true,-13.357097107414683,-12.3,true,true,3.8700000000107786
unitbox_c_20_30_1_25.jl,32,1.7368503963955544,true,-13.357097107414683,-12.38,true,true,3.9300000000111717
unitbox_c_20_30_1_25.jl,32,2.3997051739946906,true,-13.357097107414683,-12.3,true,true,6.809999999988443
unitbox_c_20_30_1_25.jl,32,0.008698378123101607,false,-13.357097107414683,-13.363359673065778,false,true,10.000020000021332
unitbox_c_20_30_1_25.jl,32,0.0004394926681776847,false,-13.357097107414683,-13.357413275536526,false,true,10.000020000021332
unitbox_c_20_30_1_25.jl,32,2.111652094580935,false,-13.357097107414683,-12.499727099449158,false,true,10.000020000021332
unitbox_c_20_30_1_50.jl,0,3.9440544992321725e-8,true,-20.09000056450875,-20.09,true,false,3.960000000011368
unitbox_c_20_30_1_50.jl,0,3.000000024179019,true,-20.09000056450875,-14.139999999999997,true,true,5.54999999999884
unitbox_c_20_30_1_50.jl,0,3.9440544992321725e-8,true,-20.09000056450875,-20.09,true,true,2.490000000001738
unitbox_c_20_30_1_50.jl,0,3.9440544992321725e-8,true,-20.09000056450875,-20.09,true,true,3.4200000000078306
unitbox_c_20_30_1_50.jl,0,3.113120572406093,true,-20.09000056450875,-14.908315765292599,true,true,0.5999999999997183
unitbox_c_20_30_1_50.jl,0,2.833683765141564,true,-20.09000056450875,-16.67619830797035,true,true,10.000020000021332
unitbox_c_20_30_1_50.jl,0,3.9440544992321725e-8,true,-20.09000056450875,-20.09,true,true,1.2299999999991826
unitbox_c_20_30_1_50.jl,0,3.9440544992321725e-8,true,-20.09000056450875,-20.09,true,true,4.950000000003791
unitbox_c_20_30_1_50.jl,0,3.9440544992321725e-8,true,-20.09000056450875,-20.09,true,true,4.6500000000062665
unitbox_c_20_30_1_50.jl,0,2.716127476281651,true,-20.09000056450875,-16.709285657082503,true,true,9.480000000010227
unitbox_c_20_30_1_50.jl,0,3.9440544992321725e-8,true,-20.09000056450875,-20.09,true,true,5.070000000002801
unitbox_c_20_30_1_50.jl,0,2.925174728574097,false,-20.09000056450875,-14.621757072082305,false,true,10.000020000021332
unitbox_c_20_30_1_50.jl,0,3.9440544992321725e-8,true,-20.09000056450875,-20.09,true,true,3.960000000011368
unitbox_c_20_30_1_50.jl,0,3.9440544992321725e-8,true,-20.09000056450875,-20.09,true,true,1.319999999999106
unitbox_c_20_30_1_50.jl,0,2.767513922373671,true,-20.09000056450875,-16.699406491166265,true,true,10.000020000021332
unitbox_c_20_30_1_50.jl,0,3.9440544992321725e-8,true,-20.09000056450875,-20.09,true,true,3.6000000000090098
unitbox_c_20_30_1_50.jl,0,3.0000000245181733,true,-20.09000056450875,-16.049999999999997,true,true,4.20000000000998
unitbox_c_20_30_1_50.jl,0,2.828427149824206,true,-20.09000056450875,-15.239999999999998,true,true,1.499999999998953
unitbox_c_20_30_1_50.jl,0,3.9440544992321725e-8,true,-20.09000056450875,-20.09,true,true,3.3600000000074375
unitbox_c_20_30_1_50.jl,0,2.828427149824206,true,-20.09000056450875,-15.239999999999998,true,true,2.670000000002917
unitbox_c_20_30_1_50.jl,0,1.4843298982408204,true,-20.09000056450875,-17.744928864458362,true,true,10.000020000021332
unitbox_c_20_30_1_50.jl,8,3.9440544992321725e-8,true,-20.09000056450875,-20.09,true,false,2.7300000000033102
unitbox_c_20_30_1_50.jl,8,2.6457513321384236,true,-20.09000056450875,-15.149999999999995,true,true,2.7900000000037033
unitbox_c_20_30_1_50.jl,8,1.000000007283449,true,-20.09000056450875,-19.16,true,true,5.939999999995622
unitbox_c_20_30_1_50.jl,8,1.000000001446861,true,-20.09000056450875,-19.8,true,true,1.6799999999988
unitbox_c_20_30_1_50.jl,8,3.19199250665635,false,-20.09000056450875,-13.521485331586677,true,true,10.000020000021332
unitbox_c_20_30_1_50.jl,8,2.236067994217181,true,-20.09000056450875,-16.929999999999996,true,true,3.8700000000107786
unitbox_c_20_30_1_50.jl,8,2.6457513322762574,true,-20.09000056450875,-15.55,true,true,5.999999999995127
unitbox_c_20_30_1_50.jl,8,3.0000000248342094,true,-20.09000056450875,-16.61,true,true,1.7099999999987745
unitbox_c_20_30_1_50.jl,8,1.5425820579884586,false,-20.09000056450875,-18.125342683729546,true,true,10.000020000021332
unitbox_c_20_30_1_50.jl,8,3.1404670428212538,false,-20.09000056450875,-14.385097747218342,false,true,10.000020000021332
unitbox_c_20_30_1_50.jl,8,3.316624818119697,true,-20.09000056450875,-15.719999999999997,true,true,6.77999999998869
unitbox_c_20_30_1_50.jl,8,3.0000000267676463,true,-20.09000056450875,-14.46,true,true,1.2299999999991826
unitbox_c_20_30_1_50.jl,8,2.236067994217181,true,-20.09000056450875,-16.929999999999996,true,true,1.2899999999991316
unitbox_c_20_30_1_50.jl,8,1.000000001446861,true,-20.09000056450875,-19.8,true,true,1.2299999999991826
unitbox_c_20_30_1_50.jl,8,0.8234245537761083,true,-20.09000056450875,-19.851206879824524,true,true,10.000020000021332
unitbox_c_20_30_1_50.jl,8,0.3908174867762391,false,-20.09000056450875,-19.976662929254484,true,true,10.000020000021332
unitbox_c_20_30_1_50.jl,8,2.645751334335319,true,-20.09000056450875,-14.969999999999999,true,true,1.319999999999106
unitbox_c_20_30_1_50.jl,8,0.6383704619717112,false,-20.09000056450875,-18.67967991834973,true,true,10.000020000021332
unitbox_c_20_30_1_50.jl,8,2.236067994083044,true,-20.09000056450875,-14.11,true,true,2.370000000000952
unitbox_c_20_30_1_50.jl,8,3.1622776882298425,false,-20.09000056450875,-14.91,true,true,4.560000000007009
unitbox_c_20_30_1_50.jl,8,2.260189955314097,false,-20.09000056450875,-14.63281295735315,true,true,10.000020000021332
unitbox_c_20_30_1_50.jl,16,3.2245186713299496,false,-20.09000056450875,-14.228242482421681,false,false,10.000020000021332
unitbox_c_20_30_1_50.jl,16,2.0319852567222387,true,-20.09000056450875,-16.99634494629947,true,true,10.000020000021332
unitbox_c_20_30_1_50.jl,16,2.8564646359068124,true,-20.09000056450875,-16.65806105039304,true,true,10.000020000021332
unitbox_c_20_30_1_50.jl,16,3.9440544992321725e-8,true,-20.09000056450875,-20.09,true,true,7.1399999999857195
unitbox_c_20_30_1_50.jl,16,2.828427149824206,true,-20.09000056450875,-15.239999999999998,true,true,3.4800000000082236
unitbox_c_20_30_1_50.jl,16,3.0057465617640906,true,-20.09000056450875,-14.901857746789183,true,true,1.919999999998596
unitbox_c_20_30_1_50.jl,16,2.824251713750429,true,-20.09000056450875,-16.69059358309454,true,true,2.9700000000048825
unitbox_c_20_30_1_50.jl,16,2.9426014974656627,false,-20.09000056450875,-14.581274379534952,false,true,10.000020000021332
unitbox_c_20_30_1_50.jl,16,3.9440544992321725e-8,true,-20.09000056450875,-20.09,true,true,2.550000000002131
unitbox_c_20_30_1_50.jl,16,2.6537426882613193,true,-20.09000056450875,-16.72971042517236,true,true,10.000020000021332
unitbox_c_20_30_1_50.jl,16,3.000000024665462,true,-20.09000056450875,-15.199999999999998,true,true,2.550000000002131
unitbox_c_20_30_1_50.jl,16,2.828427149824206,true,-20.09000056450875,-15.239999999999998,true,true,1.7699999999987235
unitbox_c_20_30_1_50.jl,16,2.768646764778336,true,-20.09000056450875,-16.69921382644549,true,true,10.000020000021332
unitbox_c_20_30_1_50.jl,16,3.1588288747123716,true,-20.09000056450875,-14.909890397779897,true,true,1.919999999998596
unitbox_c_20_30_1_50.jl,16,2.8284271475889375,true,-20.09000056450875,-14.749999999999995,true,true,3.6900000000095994
unitbox_c_20_30_1_50.jl,16,2.96082831182077,false,-20.09000056450875,-14.451370186277753,true,true,10.000020000021332
unitbox_c_20_30_1_50.jl,16,2.821533623016594,true,-20.09000056450875,-16.690983373843384,true,true,3.660000000009403
unitbox_c_20_30_1_50.jl,16,3.9440544992321725e-8,true,-20.09000056450875,-20.09,true,true,3.5700000000088132
unitbox_c_20_30_1_50.jl,16,3.9440544992321725e-8,true,-20.09000056450875,-20.09,true,true,3.0900000000056687
unitbox_c_20_30_1_50.jl,16,3.9440544992321725e-8,true,-20.09000056450875,-20.09,true,true,0.7199999999996163
unitbox_c_20_30_1_50.jl,16,3.9440544992321725e-8,true,-20.09000056450875,-20.09,true,true,1.7699999999987235
unitbox_c_20_30_1_50.jl,32,3.9440544992321725e-8,true,-20.09000056450875,-20.09,true,false,2.03999999999879
unitbox_c_20_30_1_50.jl,32,3.9440544992321725e-8,true,-20.09000056450875,-20.09,true,true,1.1099999999992847
unitbox_c_20_30_1_50.jl,32,3.9440544992321725e-8,true,-20.09000056450875,-20.09,true,true,1.979999999998545
unitbox_c_20_30_1_50.jl,32,2.7162065760744523,true,-20.09000056450875,-16.70926817444274,true,true,9.990000000021118
unitbox_c_20_30_1_50.jl,32,3.9440544992321725e-8,true,-20.09000056450875,-20.09,true,true,2.9100000000044894
unitbox_c_20_30_1_50.jl,32,3.9440544992321725e-8,true,-20.09000056450875,-20.09,true,true,2.6400000000027206
unitbox_c_20_30_1_50.jl,32,3.3477365871097637,false,-20.09000056450875,-14.33767303721489,true,true,10.000020000021332
unitbox_c_20_30_1_50.jl,32,2.716376068255645,true,-20.09000056450875,-16.709230745008174,true,true,8.369999999986524
unitbox_c_20_30_1_50.jl,32,3.0147245326372882,true,-20.09000056450875,-16.04702403200003,true,true,0.8399999999995142
unitbox_c_20_30_1_50.jl,32,3.9440544992321725e-8,true,-20.09000056450875,-20.09,true,true,1.2899999999991316
unitbox_c_20_30_1_50.jl,32,3.9440544992321725e-8,true,-20.09000056450875,-20.09,true,true,2.5800000000023275
unitbox_c_20_30_1_50.jl,32,3.9440544992321725e-8,true,-20.09000056450875,-20.09,true,true,1.7099999999987745
unitbox_c_20_30_1_50.jl,32,3.9440544992321725e-8,true,-20.09000056450875,-20.09,true,true,9.390000000008305
unitbox_c_20_30_1_50.jl,32,3.9440544992321725e-8,true,-20.09000056450875,-20.09,true,true,6.689999999989433
unitbox_c_20_30_1_50.jl,32,3.0000000245181733,true,-20.09000056450875,-16.049999999999997,true,true,3.6900000000095994
unitbox_c_20_30_1_50.jl,32,3.46410164450935,true,-20.09000056450875,-16.27,true,true,0.5999999999997183
unitbox_c_20_30_1_50.jl,32,3.9440544992321725e-8,true,-20.09000056450875,-20.09,true,true,0.8699999999994887
unitbox_c_20_30_1_50.jl,32,3.9440544992321725e-8,true,-20.09000056450875,-20.09,true,true,3.4800000000082236
unitbox_c_20_30_1_50.jl,32,2.923505593614276,false,-20.09000056450875,-14.619124343612562,false,true,10.000020000021332
unitbox_c_20_30_1_50.jl,32,3.9440544992321725e-8,true,-20.09000056450875,-20.09,true,true,3.2400000000066513
unitbox_c_20_30_1_50.jl,32,3.46410164450935,true,-20.09000056450875,-16.27,true,true,2.3400000000007553
unitbox_c_20_30_2_100.jl,0,2.8650768686325785,true,-19.951519791954816,-11.9,true,false,0.9899999999993867
unitbox_c_20_30_2_100.jl,0,2.7009382497134133,true,-19.951519791954816,-17.19,true,true,1.6499999999988255
unitbox_c_20_30_2_100.jl,0,2.2965316678247936,true,-19.951519791954816,-17.39725684002074,true,true,6.959999999987205
unitbox_c_20_30_2_100.jl,0,1.9947978680229799,true,-19.951519791954816,-17.298431549894442,true,true,3.5400000000086167
unitbox_c_20_30_2_100.jl,0,0.009414384385447457,false,-19.951519791954816,-19.93966232645309,true,true,10.000020000021332
unitbox_c_20_30_2_100.jl,0,2.2964789642556935,true,-19.951519791954816,-17.397278075475274,true,true,4.590000000006762
unitbox_c_20_30_2_100.jl,0,0.006719194551265659,false,-19.951519791954816,-19.955378962599784,false,true,10.000020000021332
unitbox_c_20_30_2_100.jl,0,2.2965469659484414,true,-19.951519791954816,-17.397250646402856,true,true,7.079999999986215
unitbox_c_20_30_2_100.jl,0,2.2964347664679665,true,-19.951519791954816,-17.397295761177478,true,true,1.439999999999004
unitbox_c_20_30_2_100.jl,0,2.296570292360387,true,-19.951519791954816,-17.397241176835735,true,true,5.040000000003048
unitbox_c_20_30_2_100.jl,0,2.8650768686325785,true,-19.951519791954816,-11.9,true,true,1.1099999999992847
unitbox_c_20_30_2_100.jl,0,2.2965609957579405,true,-19.951519791954816,-17.397244954578408,true,true,7.1399999999857195
unitbox_c_20_30_2_100.jl,0,0.01333410505239829,false,-19.951519791954816,-19.95921156548152,false,true,10.000020000021332
unitbox_c_20_30_2_100.jl,0,0.010403599346512691,false,-19.951519791954816,-19.941620651991787,true,true,10.000020000021332
unitbox_c_20_30_2_100.jl,0,0.010508232682066743,false,-19.951519791954816,-19.942190342493753,true,true,10.000020000021332
unitbox_c_20_30_2_100.jl,0,2.8650768686325785,true,-19.951519791954816,-11.9,true,true,0.6899999999996418
unitbox_c_20_30_2_100.jl,0,2.314993445803986,false,-19.951519791954816,-17.3310743370893,false,true,10.000020000021332
unitbox_c_20_30_2_100.jl,0,2.285769755903432,true,-19.951519791954816,-17.39574950479848,true,true,6.569999999990423
unitbox_c_20_30_2_100.jl,0,0.015291496046758066,false,-19.951519791954816,-19.942859347848604,true,true,10.000020000021332
unitbox_c_20_30_2_100.jl,0,0.008651552753072158,false,-19.951519791954816,-19.946598365136076,true,true,10.000020000021332
unitbox_c_20_30_2_100.jl,0,0.01801414702838846,false,-19.951519791954816,-19.9619426863618,false,true,10.000020000021332
unitbox_c_20_30_2_100.jl,8,2.112440031642631,true,-19.951519791954816,-17.325897666807858,false,false,6.989999999986957
unitbox_c_20_30_2_100.jl,8,2.3196434259312375,false,-19.951519791954816,-15.561925200221163,true,true,10.000020000021332
unitbox_c_20_30_2_100.jl,8,2.3005679965634203,true,-19.951519791954816,-17.395215723225544,true,true,2.610000000002524
unitbox_c_20_30_2_100.jl,8,1.1380102489542014,false,-19.951519791954816,-18.21,true,true,10.000020000021332
unitbox_c_20_30_2_100.jl,8,3.002676257435337,true,-19.951519791954816,-10.78032179103868,true,true,3.2400000000066513
unitbox_c_20_30_2_100.jl,8,2.9621228393811996,true,-19.951519791954816,-13.96202122781952,false,true,2.9700000000048825
unitbox_c_20_30_2_100.jl,8,2.6523825810460875,true,-19.951519791954816,-17.076045666673988,true,true,3.6300000000092063
unitbox_c_20_30_2_100.jl,8,2.880115881514837,true,-19.951519791954816,-9.999999999999998,true,true,0.8999999999994632
unitbox_c_20_30_2_100.jl,8,0.28278501196596634,false,-19.951519791954816,-20.14285120287617,false,true,10.000020000021332
unitbox_c_20_30_2_100.jl,8,2.7009382498682846,true,-19.951519791954816,-16.350000000000005,true,true,7.349999999983987
unitbox_c_20_30_2_100.jl,8,2.7926300572122384,false,-19.951519791954816,-10.161831382206401,true,true,6.539999999990671
unitbox_c_20_30_2_100.jl,8,2.8854606539652816,false,-19.951519791954816,-14.787369785441026,true,true,9.66000000001407
unitbox_c_20_30_2_100.jl,8,2.8650768686325785,true,-19.951519791954816,-11.9,true,true,1.0799999999993102
unitbox_c_20_30_2_100.jl,8,2.516046541701167,true,-19.951519791954816,-16.801998105052704,true,true,10.000020000021332
unitbox_c_20_30_2_100.jl,8,0.37682119335940567,false,-19.951519791954816,-18.44023602158185,true,true,10.000020000021332
unitbox_c_20_30_2_100.jl,8,3.0897493614844365,false,-19.951519791954816,-13.80321965409678,true,true,7.049999999986462
unitbox_c_20_30_2_100.jl,8,3.6219584588090665,true,-19.951519791954816,-6.738941418222513,true,true,5.070000000002801
unitbox_c_20_30_2_100.jl,8,2.8897057515700197,false,-19.951519791954816,-12.898235908185264,true,true,10.000020000021332
unitbox_c_20_30_2_100.jl,8,1.8179767241778406,false,-19.951519791954816,-16.368522391297812,false,true,6.689999999989433
unitbox_c_20_30_2_100.jl,8,1.3583207182264825,true,-19.951519791954816,-17.90900061175474,true,true,10.000020000021332
unitbox_c_20_30_2_100.jl,8,2.1805681037775306,false,-19.951519791954816,-16.287422359532755,true,true,6.629999999989928
unitbox_c_20_30_2_100.jl,16,2.296282932948216,true,-19.951519791954816,-17.397355657898277,true,false,4.830000000004781
unitbox_c_20_30_2_100.jl,16,2.296023345120507,true,-19.951519791954816,-17.397454929278545,true,true,2.280000000000362
unitbox_c_20_30_2_100.jl,16,2.249075725996467,false,-19.951519791954816,-17.129208979037955,false,true,10.000020000021332
unitbox_c_20_30_2_100.jl,16,0.008992267299803585,false,-19.951519791954816,-19.942999651172258,true,true,10.000020000021332
unitbox_c_20_30_2_100.jl,16,0.0016056809622566638,false,-19.951519791954816,-19.95060164329201,true,true,10.000020000021332
unitbox_c_20_30_2_100.jl,16,2.285462388969525,true,-19.951519791954816,-17.395347649366045,true,true,5.400000000000078
unitbox_c_20_30_2_100.jl,16,0.0036451622293961327,false,-19.951519791954816,-19.953608923838313,false,true,10.000020000021332
unitbox_c_20_30_2_100.jl,16,0.008891576339297722,false,-19.951519791954816,-19.94494018461482,true,true,10.000020000021332
unitbox_c_20_30_2_100.jl,16,2.5277311516318157,true,-19.951519791954816,-12.81197940241898,true,true,2.1899999999997726
unitbox_c_20_30_2_100.jl,16,2.297242131117716,true,-19.951519791954816,-17.396955480415112,true,true,8.909999999998055
unitbox_c_20_30_2_100.jl,16,2.2859261555453085,true,-19.951519791954816,-17.39593688383687,true,true,7.7399999999807685
unitbox_c_20_30_2_100.jl,16,2.2965611281034115,true,-19.951519791954816,-17.397244900833268,true,true,8.399999999987164
unitbox_c_20_30_2_100.jl,16,2.133216139056372,false,-19.951519791954816,-16.903270243641373,false,true,10.000020000021332
unitbox_c_20_30_2_100.jl,16,2.2970330982669416,true,-19.951519791954816,-17.397047010829368,true,true,5.939999999995622
unitbox_c_20_30_2_100.jl,16,0.005729158992853889,false,-19.951519791954816,-19.945803845362345,true,true,10.000020000021332
unitbox_c_20_30_2_100.jl,16,0.012805060724736219,false,-19.951519791954816,-19.944255662851972,true,true,10.000020000021332
unitbox_c_20_30_2_100.jl,16,0.012317018558290996,false,-19.951519791954816,-19.958506883053104,false,true,10.000020000021332
unitbox_c_20_30_2_100.jl,16,2.2973084326520294,true,-19.951519791954816,-17.39692596255249,true,true,6.929999999987452
unitbox_c_20_30_2_100.jl,16,0.01089450042294858,false,-19.951519791954816,-19.957794317829823,false,true,10.000020000021332
unitbox_c_20_30_2_100.jl,16,0.006957974883160131,false,-19.951519791954816,-19.946038564850568,true,true,10.000020000021332
unitbox_c_20_30_2_100.jl,16,2.4917193711766275,true,-19.951519791954816,-11.769999999999998,true,true,1.1699999999992337
unitbox_c_20_30_2_100.jl,32,0.01593379054216005,false,-19.951519791954816,-19.94249939612576,true,false,10.000020000021332
unitbox_c_20_30_2_100.jl,32,0.01579524724033781,false,-19.951519791954816,-19.960645787749733,false,true,10.000020000021332
unitbox_c_20_30_2_100.jl,32,2.285766449218883,true,-19.951519791954816,-17.395745424037436,true,true,6.65999999998968
unitbox_c_20_30_2_100.jl,32,2.291159521376478,true,-19.951519791954816,-17.398405912499157,true,true,1.2299999999991826
unitbox_c_20_30_2_100.jl,32,0.013920965750057943,false,-19.951519791954816,-19.94362843482092,true,true,10.000020000021332
unitbox_c_20_30_2_100.jl,32,1.935398258225506,true,-19.951519791954816,-17.301549817290898,true,true,4.020000000011465
unitbox_c_20_30_2_100.jl,32,0.008224350729626302,false,-19.951519791954816,-19.95624818707477,false,true,10.000020000021332
unitbox_c_20_30_2_100.jl,32,2.7009382497134133,true,-19.951519791954816,-17.19,true,true,1.559999999998902
unitbox_c_20_30_2_100.jl,32,1.9355787406754164,true,-19.951519791954816,-17.30158832497877,true,true,4.350000000008742
unitbox_c_20_30_2_100.jl,32,2.296411217337351,true,-19.951519791954816,-17.397305138485546,true,true,7.049999999986462
unitbox_c_20_30_2_100.jl,32,0.013575369803932882,false,-19.951519791954816,-19.943822588932143,true,true,10.000020000021332
unitbox_c_20_30_2_100.jl,32,0.011530330847843006,false,-19.951519791954816,-19.958079540861508,false,true,10.000020000021332
unitbox_c_20_30_2_100.jl,32,0.01341253403047059,false,-19.951519791954816,-19.959257200559367,false,true,10.000020000021332
unitbox_c_20_30_2_100.jl,32,0.005689491352233496,false,-19.951519791954816,-19.948276854444,true,true,10.000020000021332
unitbox_c_20_30_2_100.jl,32,0.0125062240159056,false,-19.951519791954816,-19.944423789452664,true,true,10.000020000021332
unitbox_c_20_30_2_100.jl,32,0.020690533895294714,false,-19.951519791954816,-19.963511823832135,false,true,10.000020000021332
unitbox_c_20_30_2_100.jl,32,0.01847881634100783,false,-19.951519791954816,-19.962214736837094,false,true,10.000020000021332
unitbox_c_20_30_2_100.jl,32,0.01926170877566529,false,-19.951519791954816,-19.962673459150007,false,true,10.000020000021332
unitbox_c_20_30_2_100.jl,32,2.8650768686325785,true,-19.951519791954816,-11.9,true,true,1.1999999999992081
unitbox_c_20_30_2_100.jl,32,0.017776121067766205,false,-19.951519791954816,-19.941468619413182,true,true,10.000020000021332
unitbox_c_20_30_2_100.jl,32,0.0004972137497153771,false,-19.951519791954816,-19.951803570884902,false,true,10.000020000021332
unitbox_c_20_30_2_25.jl,0,0.3204826038632005,true,-13.680000398268305,-13.663975867682648,true,false,8.069999999980118
unitbox_c_20_30_2_25.jl,0,0.5946646947741001,true,-13.680000398268305,-13.650266763137104,true,true,4.20000000000998
unitbox_c_20_30_2_25.jl,0,0.5292843074354454,true,-13.680000398268305,-13.653535782504036,true,true,2.7900000000037033
unitbox_c_20_30_2_25.jl,0,0.411734174276863,true,-13.680000398268305,-13.651150150620044,true,true,10.000020000021332
unitbox_c_20_30_2_25.jl,0,0.3253688874674416,true,-13.680000398268305,-13.663731553502437,true,true,8.909999999998055
unitbox_c_20_30_2_25.jl,0,0.14558294287500206,true,-13.680000398268305,-13.662530045534808,true,true,10.000020000021332
unitbox_c_20_30_2_25.jl,0,0.35023582242561335,true,-13.680000398268305,-13.662488206754528,true,true,8.129999999981399
unitbox_c_20_30_2_25.jl,0,0.5667453692671099,true,-13.680000398268305,-13.617896791110425,true,true,10.000020000021332
unitbox_c_20_30_2_25.jl,0,2.0791071025201147,true,-13.680000398268305,-11.02269326543285,true,true,3.6000000000090098
unitbox_c_20_30_2_25.jl,0,1.8840220449462732,false,-13.680000398268305,-12.341296197099735,false,true,10.000020000021332
unitbox_c_20_30_2_25.jl,0,1.859268883189365,false,-13.680000398268305,-12.32440335052206,false,true,10.000020000021332
unitbox_c_20_30_2_25.jl,0,5.861402161645307e-8,true,-13.680000398268305,-13.68,true,true,5.040000000003048
unitbox_c_20_30_2_25.jl,0,1.8735113739757823,false,-13.680000398268305,-12.335980206639308,false,true,10.000020000021332
unitbox_c_20_30_2_25.jl,0,0.9389938723526111,true,-13.680000398268305,-13.051846358016032,true,true,10.000020000021332
unitbox_c_20_30_2_25.jl,0,0.47061040358501977,true,-13.680000398268305,-13.656469477696557,true,true,9.840000000017914
unitbox_c_20_30_2_25.jl,0,0.6006718069113239,true,-13.680000398268305,-13.606726476257556,true,true,10.000020000021332
unitbox_c_20_30_2_25.jl,0,0.5004132135014201,true,-13.680000398268305,-13.65497933720074,true,true,5.579999999998592
unitbox_c_20_30_2_25.jl,0,1.8254433964138408,false,-13.680000398268305,-12.305137104257758,true,true,10.000020000021332
unitbox_c_20_30_2_25.jl,0,1.850224887306342,false,-13.680000398268305,-12.323004414025759,false,true,10.000020000021332
unitbox_c_20_30_2_25.jl,0,5.861402161645307e-8,true,-13.680000398268305,-13.68,true,true,5.7299999999973545
unitbox_c_20_30_2_25.jl,0,5.861402161645307e-8,true,-13.680000398268305,-13.68,true,true,9.450000000009586
unitbox_c_20_30_2_25.jl,8,1.7301403442935799,true,-13.680000398268305,-12.720276976636747,true,false,3.8700000000107786
unitbox_c_20_30_2_25.jl,8,0.9999999575161975,true,-13.680000398268305,-13.629999999999999,true,true,2.7900000000037033
unitbox_c_20_30_2_25.jl,8,1.9467230737216694,true,-13.680000398268305,-11.77691851029918,true,true,10.000020000021332
unitbox_c_20_30_2_25.jl,8,2.1343276715293658,false,-13.680000398268305,-11.59816971784035,true,true,10.000020000021332
unitbox_c_20_30_2_25.jl,8,2.398925362770278,true,-13.680000398268305,-9.451483937534155,true,true,4.980000000003543
unitbox_c_20_30_2_25.jl,8,1.4142135361221984,true,-13.680000398268305,-13.029999999999998,true,true,1.979999999998545
unitbox_c_20_30_2_25.jl,8,2.368572343435708,false,-13.680000398268305,-10.776218194889891,true,true,3.4800000000082236
unitbox_c_20_30_2_25.jl,8,1.8763524907167775,true,-13.680000398268305,-12.193235998898256,true,true,10.000020000021332
unitbox_c_20_30_2_25.jl,8,1.8584911820521322,true,-13.680000398268305,-11.060000000000002,true,true,3.6300000000092063
unitbox_c_20_30_2_25.jl,8,5.861402161645307e-8,true,-13.680000398268305,-13.68,true,true,2.490000000001738
unitbox_c_20_30_2_25.jl,8,2.3692349152657806,false,-13.680000398268305,-10.558873517912486,true,true,10.000020000021332
unitbox_c_20_30_2_25.jl,8,1.7320508107213106,true,-13.680000398268305,-11.96,true,true,4.470000000007752
unitbox_c_20_30_2_25.jl,8,2.340469703961388,true,-13.680000398268305,-10.905438516529685,true,true,10.000020000021332
unitbox_c_20_30_2_25.jl,8,1.999999980176109,true,-13.680000398268305,-12.669999999999998,true,true,7.889999999979531
unitbox_c_20_30_2_25.jl,8,1.4142135213166311,true,-13.680000398268305,-13.520000000000001,true,true,2.7600000000035068
unitbox_c_20_30_2_25.jl,8,2.093780236408602,true,-13.680000398268305,-10.949019534297749,true,true,1.5299999999989276
unitbox_c_20_30_2_25.jl,8,1.4142135583834745,true,-13.680000398268305,-12.959999999999997,true,true,3.4200000000078306
unitbox_c_20_30_2_25.jl,8,2.1595316326924285,true,-13.680000398268305,-11.80926988331556,true,true,1.2299999999991826
unitbox_c_20_30_2_25.jl,8,2.363187054829336,true,-13.680000398268305,-10.7,true,true,8.939999999998696
unitbox_c_20_30_2_25.jl,8,1.4142976264669262,true,-13.680000398268305,-13.02629862559149,true,true,10.000020000021332
unitbox_c_20_30_2_25.jl,8,1.7320508069687475,true,-13.680000398268305,-12.64,true,true,3.6900000000095994
unitbox_c_20_30_2_25.jl,16,0.39429336767184814,true,-13.680000398268305,-13.660285329492218,true,false,7.889999999979531
unitbox_c_20_30_2_25.jl,16,0.37208903170018437,true,-13.680000398268305,-13.661395546290802,true,true,5.699999999997602
unitbox_c_20_30_2_25.jl,16,1.8430303595626936,false,-13.680000398268305,-12.31650294929043,true,true,10.000020000021332
unitbox_c_20_30_2_25.jl,16,1.837351616335524,false,-13.680000398268305,-12.315882894820751,true,true,10.000020000021332
unitbox_c_20_30_2_25.jl,16,1.825067601421016,false,-13.680000398268305,-12.307646902625008,true,true,10.000020000021332
unitbox_c_20_30_2_25.jl,16,0.5935654495401266,true,-13.680000398268305,-13.650321725398804,true,true,8.21999999998332
unitbox_c_20_30_2_25.jl,16,0.6351333968181972,true,-13.680000398268305,-13.648243328034901,true,true,7.499999999982749
unitbox_c_20_30_2_25.jl,16,0.5753267582484787,true,-13.680000398268305,-13.651233659963385,true,true,1.2899999999991316
unitbox_c_20_30_2_25.jl,16,0.6804145018229887,true,-13.680000398268305,-13.645979272784661,true,true,6.209999999993394
unitbox_c_20_30_2_25.jl,16,0.28861459021051533,true,-13.680000398268305,-13.665569268365285,true,true,7.229999999984977
unitbox_c_20_30_2_25.jl,16,2.2873563826847745,true,-13.680000398268305,-10.919999999999998,true,true,4.6500000000062665
unitbox_c_20_30_2_25.jl,16,0.5341435273020055,true,-13.680000398268305,-13.65329282151071,true,true,8.15999999998204
unitbox_c_20_30_2_25.jl,16,0.3810367187734764,true,-13.680000398268305,-13.660948161937135,true,true,5.250000000001315
unitbox_c_20_30_2_25.jl,16,0.3803435407614521,true,-13.680000398268305,-13.660982820837738,true,true,9.060000000001258
unitbox_c_20_30_2_25.jl,16,0.46716110528671173,true,-13.680000398268305,-13.656641942611476,true,true,2.550000000002131
unitbox_c_20_30_2_25.jl,16,0.6243264936088357,true,-13.680000398268305,-13.648783673195368,true,true,3.1500000000060617
unitbox_c_20_30_2_25.jl,16,0.41810982231993665,true,-13.680000398268305,-13.659094506759814,true,true,8.15999999998204
unitbox_c_20_30_2_25.jl,16,0.7035199647468922,true,-13.680000398268305,-13.644823999638465,true,true,5.010000000003296
unitbox_c_20_30_2_25.jl,16,1.8405379599780445,false,-13.680000398268305,-12.313944377518867,true,true,10.000020000021332
unitbox_c_20_30_2_25.jl,16,0.626621295102969,true,-13.680000398268305,-13.64866893312066,true,true,5.879999999996117
unitbox_c_20_30_2_25.jl,16,5.861402161645307e-8,true,-13.680000398268305,-13.68,true,true,9.060000000001258
unitbox_c_20_30_2_25.jl,32,5.861402161645307e-8,true,-13.680000398268305,-13.68,true,false,9.540000000011508
unitbox_c_20_30_2_25.jl,32,0.22989656032972713,true,-13.680000398268305,-13.668505169859323,true,true,6.209999999993394
unitbox_c_20_30_2_25.jl,32,5.861402161645307e-8,true,-13.680000398268305,-13.68,true,true,5.1900000000018105
unitbox_c_20_30_2_25.jl,32,0.7827336952888136,true,-13.680000398268305,-13.640863313111367,true,true,2.670000000002917
unitbox_c_20_30_2_25.jl,32,0.7496589343106069,true,-13.680000398268305,-13.64251705116028,true,true,2.7900000000037033
unitbox_c_20_30_2_25.jl,32,5.861402161645307e-8,true,-13.680000398268305,-13.68,true,true,5.42999999999983
unitbox_c_20_30_2_25.jl,32,5.861402161645307e-8,true,-13.680000398268305,-13.68,true,true,9.420000000008946
unitbox_c_20_30_2_25.jl,32,1.8085661088713243,false,-13.680000398268305,-12.296173200038341,true,true,10.000020000021332
unitbox_c_20_30_2_25.jl,32,0.728653237283819,true,-13.680000398268305,-13.643567336011618,true,true,5.54999999999884
unitbox_c_20_30_2_25.jl,32,2.243266291417259,true,-13.680000398268305,-10.919999999999998,true,true,9.930000000019836
unitbox_c_20_30_2_25.jl,32,5.861402161645307e-8,true,-13.680000398268305,-13.68,true,true,8.15999999998204
unitbox_c_20_30_2_25.jl,32,0.5422427711456314,true,-13.680000398268305,-13.652887859318529,true,true,6.719999999989185
unitbox_c_20_30_2_25.jl,32,0.45301505979385553,true,-13.680000398268305,-13.657349244886117,true,true,3.5700000000088132
unitbox_c_20_30_2_25.jl,32,0.41958594400268684,true,-13.680000398268305,-13.659020700675676,true,true,6.959999999987205
unitbox_c_20_30_2_25.jl,32,0.35992746063872244,true,-13.680000398268305,-13.662003624843873,true,true,8.63999999999229
unitbox_c_20_30_2_25.jl,32,1.819943890231669,false,-13.680000398268305,-12.304600964418759,true,true,10.000020000021332
unitbox_c_20_30_2_25.jl,32,1.8477647838298068,false,-13.680000398268305,-12.322058123867238,false,true,10.000020000021332
unitbox_c_20_30_2_25.jl,32,0.7342266219213391,true,-13.680000398268305,-13.643288666779743,true,true,3.0900000000056687
unitbox_c_20_30_2_25.jl,32,5.861402161645307e-8,true,-13.680000398268305,-13.68,true,true,6.839999999988195
unitbox_c_20_30_2_25.jl,32,1.8412909599980194,false,-13.680000398268305,-12.31112781111314,true,true,10.000020000021332
unitbox_c_20_30_2_25.jl,32,0.5209164510939335,true,-13.680000398268305,-13.653954175321115,true,true,9.540000000011508
unitbox_c_20_30_2_50.jl,0,0.010171642999833135,false,-24.709691857915534,-24.696569823956327,true,false,10.000020000021332
unitbox_c_20_30_2_50.jl,0,0.07662272513252003,false,-24.709691857915534,-24.80853455884696,false,true,10.000020000021332
unitbox_c_20_30_2_50.jl,0,0.024417957544160845,false,-24.709691857915534,-24.678192078194098,true,true,10.000020000021332
unitbox_c_20_30_2_50.jl,0,0.03397073454938326,false,-24.709691857915534,-24.7535134909947,false,true,10.000020000021332
unitbox_c_20_30_2_50.jl,0,0.07152334835421542,false,-24.709691857915534,-24.80195636280295,false,true,10.000020000021332
unitbox_c_20_30_2_50.jl,0,1.8104186509353202,true,-24.709691857915534,-22.11,true,true,2.7000000000031137
unitbox_c_20_30_2_50.jl,0,1.8104186509353202,true,-24.709691857915534,-22.11,true,true,1.2599999999991571
unitbox_c_20_30_2_50.jl,0,0.018765768180320514,false,-24.709691857915534,-24.685483402473462,true,true,10.000020000021332
unitbox_c_20_30_2_50.jl,0,1.8104186509353202,true,-24.709691857915534,-22.11,true,true,1.739999999998749
unitbox_c_20_30_2_50.jl,0,0.06280978628950303,false,-24.709691857915534,-24.62866661911258,true,true,10.000020000021332
unitbox_c_20_30_2_50.jl,0,1.8104186509353202,true,-24.709691857915534,-22.11,true,true,2.2500000000001656
unitbox_c_20_30_2_50.jl,0,0.11353754452940151,false,-24.709691857915534,-24.856154675868943,false,true,10.000020000021332
unitbox_c_20_30_2_50.jl,0,1.8104186509353202,true,-24.709691857915534,-22.11,true,true,2.1299999999993795
unitbox_c_20_30_2_50.jl,0,0.1027147934081574,false,-24.709691857915534,-24.57718915992951,true,true,10.000020000021332
unitbox_c_20_30_2_50.jl,0,0.03650862787980193,false,-24.709691857915534,-24.662595113461105,true,true,10.000020000021332
unitbox_c_20_30_2_50.jl,0,0.03701856184481173,false,-24.709691857915534,-24.757445188205804,false,true,10.000020000021332
unitbox_c_20_30_2_50.jl,0,0.06823222275481855,false,-24.709691857915534,-24.797710810779723,false,true,10.000020000021332
unitbox_c_20_30_2_50.jl,0,0.08673522111362396,false,-24.709691857915534,-24.821579678662587,false,true,10.000020000021332
unitbox_c_20_30_2_50.jl,0,0.03649562323814184,false,-24.709691857915534,-24.7567705974032,false,true,10.000020000021332
unitbox_c_20_30_2_50.jl,0,0.11997716188681254,false,-24.709691857915534,-24.86446178226,false,true,10.000020000021332
unitbox_c_20_30_2_50.jl,0,0.01444477142064614,false,-24.709691857915534,-24.69105748829345,true,true,10.000020000021332
unitbox_c_20_30_2_50.jl,8,1.0160999348504445,false,-24.709691857915534,-24.10727968831131,false,false,10.000020000021332
unitbox_c_20_30_2_50.jl,8,0.3211198380707336,false,-24.709691857915534,-24.92716230144866,false,true,10.000020000021332
unitbox_c_20_30_2_50.jl,8,1.2981626256378966,false,-24.709691857915534,-21.77594109589769,true,true,10.000020000021332
unitbox_c_20_30_2_50.jl,8,0.7494177412615365,false,-24.709691857915534,-23.61431685555564,true,true,9.330000000007024
unitbox_c_20_30_2_50.jl,8,1.318224454223805,false,-24.709691857915534,-23.709627596413547,false,true,10.000020000021332
unitbox_c_20_30_2_50.jl,8,1.635067236085418,false,-24.709691857915534,-22.032032818958772,true,true,10.000020000021332
unitbox_c_20_30_2_50.jl,8,2.2973061896816427,true,-24.709691857915534,-20.560000000000002,true,true,1.8299999999986725
unitbox_c_20_30_2_50.jl,8,1.8964350723327341,false,-24.709691857915534,-18.817842854220444,true,true,10.000020000021332
unitbox_c_20_30_2_50.jl,8,2.8770845977619275,true,-24.709691857915534,-17.400000000000002,true,true,0.8399999999995142
unitbox_c_20_30_2_50.jl,8,1.2737292999670573,false,-24.709691857915534,-23.382574008226214,true,true,10.000020000021332
unitbox_c_20_30_2_50.jl,8,1.5293782239942897,true,-24.709691857915534,-22.982335771007996,true,true,2.2500000000001656
unitbox_c_20_30_2_50.jl,8,1.429642426409832,true,-24.709691857915534,-20.02267373111395,true,true,10.000020000021332
unitbox_c_20_30_2_50.jl,8,0.8064571189514587,false,-24.709691857915534,-24.843189324015025,false,true,10.000020000021332
unitbox_c_20_30_2_50.jl,8,1.0065747972460621,false,-24.709691857915534,-24.191521895205195,false,true,10.000020000021332
unitbox_c_20_30_2_50.jl,8,1.1062688567402097,true,-24.709691857915534,-24.04,false,true,0.8999999999994632
unitbox_c_20_30_2_50.jl,8,1.1329724864498814,false,-24.709691857915534,-23.62743712615847,true,true,10.000020000021332
unitbox_c_20_30_2_50.jl,8,1.285640980123185,false,-24.709691857915534,-21.74432196052939,false,true,10.000020000021332
unitbox_c_20_30_2_50.jl,8,2.0162921171316994,false,-24.709691857915534,-20.60091132838345,false,true,10.000020000021332
unitbox_c_20_30_2_50.jl,8,0.5268924367643615,true,-24.709691857915534,-24.029999999999998,true,true,1.2299999999991826
unitbox_c_20_30_2_50.jl,8,1.8161454324549269,false,-24.709691857915534,-22.079736283529332,true,true,10.000020000021332
unitbox_c_20_30_2_50.jl,8,1.425526387111271,false,-24.709691857915534,-22.668243374528934,true,true,10.000020000021332
unitbox_c_20_30_2_50.jl,16,1.8104186509353202,true,-24.709691857915534,-22.11,true,false,1.1099999999992847
unitbox_c_20_30_2_50.jl,16,1.8104186509353202,true,-24.709691857915534,-22.11,true,true,1.2299999999991826
unitbox_c_20_30_2_50.jl,16,0.03381634294318546,false,-24.709691857915534,-24.7533143258227,false,true,10.000020000021332
unitbox_c_20_30_2_50.jl,16,0.027751519305311334,false,-24.709691857915534,-24.74549070332984,false,true,10.000020000021332
unitbox_c_20_30_2_50.jl,16,0.009277259816589833,false,-24.709691857915534,-24.721658908589315,false,true,10.000020000021332
unitbox_c_20_30_2_50.jl,16,0.019991096782356894,false,-24.709691857915534,-24.683902728576832,true,true,10.000020000021332
unitbox_c_20_30_2_50.jl,16,0.027256269760331735,false,-24.709691857915534,-24.67453065543523,true,true,10.000020000021332
unitbox_c_20_30_2_50.jl,16,1.8104186509353202,true,-24.709691857915534,-22.11,true,true,3.0900000000056687
unitbox_c_20_30_2_50.jl,16,0.045786022612043016,false,-24.709691857915534,-24.650627274256504,true,true,10.000020000021332
unitbox_c_20_30_2_50.jl,16,0.03501207537436136,false,-24.709691857915534,-24.754856820658922,false,true,10.000020000021332
unitbox_c_20_30_2_50.jl,16,0.11949698135680364,false,-24.709691857915534,-24.555540137475756,true,true,10.000020000021332
unitbox_c_20_30_2_50.jl,16,0.016165064630565117,false,-24.709691857915534,-24.73054417679939,false,true,10.000020000021332
unitbox_c_20_30_2_50.jl,16,1.8104186509353202,true,-24.709691857915534,-22.11,true,true,3.270000000006848
unitbox_c_20_30_2_50.jl,16,1.8104186509353202,true,-24.709691857915534,-22.11,true,true,3.660000000009403
unitbox_c_20_30_2_50.jl,16,0.10814354479817584,false,-24.709691857915534,-24.849196416215655,false,true,10.000020000021332
unitbox_c_20_30_2_50.jl,16,0.06355256393223623,false,-24.709691857915534,-24.791674050898592,false,true,10.000020000021332
unitbox_c_20_30_2_50.jl,16,0.06602334480113774,false,-24.709691857915534,-24.794861358219475,false,true,10.000020000021332
unitbox_c_20_30_2_50.jl,16,0.07999929758046198,false,-24.709691857915534,-24.606492149547243,true,true,10.000020000021332
unitbox_c_20_30_2_50.jl,16,0.06045067648784506,false,-24.709691857915534,-24.787672616095325,false,true,10.000020000021332
unitbox_c_20_30_2_50.jl,16,0.10525207787785043,false,-24.709691857915534,-24.845466423888443,false,true,10.000020000021332
unitbox_c_20_30_2_50.jl,16,0.012176502291739949,false,-24.709691857915534,-24.693983555469757,true,true,10.000020000021332
unitbox_c_20_30_2_50.jl,32,0.02768848073916886,false,-24.709691857915534,-24.745409383579513,false,false,10.000020000021332
unitbox_c_20_30_2_50.jl,32,0.07386948408538291,false,-24.709691857915534,-24.80498287789615,false,true,10.000020000021332
unitbox_c_20_30_2_50.jl,32,0.02071487029617328,false,-24.709691857915534,-24.73641342610804,false,true,10.000020000021332
unitbox_c_20_30_2_50.jl,32,0.056947507751134184,false,-24.709691857915534,-24.63622895842708,true,true,10.000020000021332
unitbox_c_20_30_2_50.jl,32,0.05935547648068061,false,-24.709691857915534,-24.78625980808608,false,true,10.000020000021332
unitbox_c_20_30_2_50.jl,32,0.10526005189370514,false,-24.709691857915534,-24.57390577648315,true,true,10.000020000021332
unitbox_c_20_30_2_50.jl,32,0.11444533963992676,false,-24.709691857915534,-24.562056755290524,true,true,10.000020000021332
unitbox_c_20_30_2_50.jl,32,1.8104186509353202,true,-24.709691857915534,-22.11,true,true,1.0199999999993612
unitbox_c_20_30_2_50.jl,32,0.05889297887376507,false,-24.709691857915534,-24.63371930067888,true,true,10.000020000021332
unitbox_c_20_30_2_50.jl,32,0.07691857172929605,false,-24.709691857915534,-24.808916200956798,false,true,10.000020000021332
unitbox_c_20_30_2_50.jl,32,0.04559811195824289,false,-24.709691857915534,-24.650869678999907,true,true,10.000020000021332
unitbox_c_20_30_2_50.jl,32,0.09775267220288698,false,-24.709691857915534,-24.835792190567737,false,true,10.000020000021332
unitbox_c_20_30_2_50.jl,32,0.020662858853613974,false,-24.709691857915534,-24.683036155504904,true,true,10.000020000021332
unitbox_c_20_30_2_50.jl,32,0.06813532164759452,false,-24.709691857915534,-24.79758580835141,false,true,10.000020000021332
unitbox_c_20_30_2_50.jl,32,0.12193263051100217,false,-24.709691857915534,-24.55239815006684,true,true,10.000020000021332
unitbox_c_20_30_2_50.jl,32,0.0993061522801257,false,-24.709691857915534,-24.581586306984672,true,true,10.000020000021332
unitbox_c_20_30_2_50.jl,32,0.04184132272049385,false,-24.709691857915534,-24.763666549735433,false,true,10.000020000021332
unitbox_c_20_30_2_50.jl,32,1.8104186509353202,true,-24.709691857915534,-22.11,true,true,1.7099999999987745
unitbox_c_20_30_2_50.jl,32,0.026236094600735237,false,-24.709691857915534,-24.743535805460937,false,true,10.000020000021332
unitbox_c_20_30_2_50.jl,32,1.8104186509353202,true,-24.709691857915534,-22.11,true,true,4.6500000000062665
unitbox_c_20_30_2_50.jl,32,0.06000689911531083,false,-24.709691857915534,-24.787100143284757,false,true,10.000020000021332
unitbox_c_20_30_3_100.jl,0,2.917455337707831,false,-21.440000741697897,-24.047020394527877,true,false,10.000020000021332
unitbox_c_20_30_3_100.jl,0,4.050507317047041e-8,true,-21.440000741697897,-21.44,true,true,1.4699999999989786
unitbox_c_20_30_3_100.jl,0,4.050507317047041e-8,true,-21.440000741697897,-21.44,true,true,1.1999999999992081
unitbox_c_20_30_3_100.jl,0,1.8341862475088697,false,-21.440000741697897,-18.757206922502846,false,true,10.000020000021332
unitbox_c_20_30_3_100.jl,0,1.8411369983563715,false,-21.440000741697897,-18.578451883143806,false,true,10.000020000021332
unitbox_c_20_30_3_100.jl,0,2.923171886962023,false,-21.440000741697897,-24.06887105158387,false,true,10.000020000021332
unitbox_c_20_30_3_100.jl,0,3.0986108712984204,false,-21.440000741697897,-23.33255633890019,false,true,10.000020000021332
unitbox_c_20_30_3_100.jl,0,2.9237859757658415,false,-21.440000741697897,-24.071165697380724,false,true,10.000020000021332
unitbox_c_20_30_3_100.jl,0,1.8367711207866504,true,-21.440000741697897,-18.57616051950625,true,true,10.000020000021332
unitbox_c_20_30_3_100.jl,0,4.050507317047041e-8,true,-21.440000741697897,-21.44,true,true,0.8099999999995398
unitbox_c_20_30_3_100.jl,0,4.050507317047041e-8,true,-21.440000741697897,-21.44,true,true,0.9599999999994122
unitbox_c_20_30_3_100.jl,0,3.8729833806082516,true,-21.440000741697897,-16.399999999999995,true,true,1.1099999999992847
unitbox_c_20_30_3_100.jl,0,2.919523413943279,false,-21.440000741697897,-24.05502979754368,true,true,10.000020000021332
unitbox_c_20_30_3_100.jl,0,2.922698505854115,false,-21.440000741697897,-24.067095410581317,false,true,10.000020000021332
unitbox_c_20_30_3_100.jl,0,3.098979076036567,false,-21.440000741697897,-23.33369217821631,false,true,10.000020000021332
unitbox_c_20_30_3_100.jl,0,3.0983007772376068,true,-21.440000741697897,-23.331596444542143,true,true,10.000020000021332
unitbox_c_20_30_3_100.jl,0,3.098282189970915,true,-21.440000741697897,-23.331538811144153,true,true,9.960000000020477
unitbox_c_20_30_3_100.jl,0,4.050507317047041e-8,true,-21.440000741697897,-21.44,true,true,0.8099999999995398
unitbox_c_20_30_3_100.jl,0,4.050507317047041e-8,true,-21.440000741697897,-21.44,true,true,0.3599999999999223
unitbox_c_20_30_3_100.jl,0,2.325036902007296,false,-21.440000741697897,-19.109177930587343,false,true,10.000020000021332
unitbox_c_20_30_3_100.jl,0,2.9236431294851077,false,-21.440000741697897,-24.070632809578804,false,true,10.000020000021332
unitbox_c_20_30_3_100.jl,8,4.050507317047041e-8,true,-21.440000741697897,-21.44,true,false,0.4799999999998203
unitbox_c_20_30_3_100.jl,8,4.194780935732334,true,-21.440000741697897,-14.387835296394098,true,true,2.430000000001345
unitbox_c_20_30_3_100.jl,8,2.831429964507874,true,-21.440000741697897,-21.887027311005127,true,true,2.4600000000015414
unitbox_c_20_30_3_100.jl,8,4.050507317047041e-8,true,-21.440000741697897,-21.44,true,true,5.010000000003296
unitbox_c_20_30_3_100.jl,8,3.07388234807062,false,-21.440000741697897,-23.245074780357417,true,true,9.18000000000382
unitbox_c_20_30_3_100.jl,8,2.82842759426981,true,-21.440000741697897,-23.242061817108684,true,true,2.5800000000023275
unitbox_c_20_30_3_100.jl,8,2.0153923867449386,true,-21.440000741697897,-18.293424160466763,true,true,5.819999999996612
unitbox_c_20_30_3_100.jl,8,2.894432596885477,false,-21.440000741697897,-23.948329558017818,true,true,10.000020000021332
unitbox_c_20_30_3_100.jl,8,3.162277688157486,true,-21.440000741697897,-20.34,true,true,7.319999999984234
unitbox_c_20_30_3_100.jl,8,2.8284271493331503,true,-21.440000741697897,-23.24,true,true,4.860000000004534
unitbox_c_20_30_3_100.jl,8,3.0000000263508975,true,-21.440000741697897,-24.3,false,true,0.7499999999995908
unitbox_c_20_30_3_100.jl,8,3.316624819892632,true,-21.440000741697897,-21.28,true,true,1.7099999999987745
unitbox_c_20_30_3_100.jl,8,2.916592365652778,false,-21.440000741697897,-24.0436418962871,true,true,10.000020000021332
unitbox_c_20_30_3_100.jl,8,2.645751334823533,true,-21.440000741697897,-19.14,true,true,7.769999999980521
unitbox_c_20_30_3_100.jl,8,2.8324099459398884,true,-21.440000741697897,-22.163795889994645,true,true,3.840000000010582
unitbox_c_20_30_3_100.jl,8,2.806873763722743,false,-21.440000741697897,-22.003585727251796,true,true,10.000020000021332
unitbox_c_20_30_3_100.jl,8,3.121597593135774,false,-21.440000741697897,-23.396102839681614,false,true,10.000020000021332
unitbox_c_20_30_3_100.jl,8,3.1647363962121386,false,-21.440000741697897,-23.23943118799381,false,true,10.000020000021332
unitbox_c_20_30_3_100.jl,8,2.0266485009336166,true,-21.440000741697897,-14.569183121461723,true,true,3.8100000000103855
unitbox_c_20_30_3_100.jl,8,3.0162223311699887,true,-21.440000741697897,-22.360414215204194,true,true,2.9100000000044894
unitbox_c_20_30_3_100.jl,8,2.8284271494243813,true,-21.440000741697897,-21.86000000000001,true,true,2.670000000002917
unitbox_c_20_30_3_100.jl,16,2.924138563443238,false,-21.440000741697897,-24.072478749714566,false,false,10.000020000021332
unitbox_c_20_30_3_100.jl,16,3.096522751798505,false,-21.440000741697897,-23.32603333581723,true,true,10.000020000021332
unitbox_c_20_30_3_100.jl,16,2.9216343483673852,false,-21.440000741697897,-24.063082007963054,false,true,10.000020000021332
unitbox_c_20_30_3_100.jl,16,2.922644888979632,false,-21.440000741697897,-24.066893920983365,false,true,10.000020000021332
unitbox_c_20_30_3_100.jl,16,2.922374003306591,false,-21.440000741697897,-24.065874777398566,false,true,10.000020000021332
unitbox_c_20_30_3_100.jl,16,2.828427150394597,true,-21.440000741697897,-21.97000000000001,true,true,1.7099999999987745
unitbox_c_20_30_3_100.jl,16,2.919490326352236,false,-21.440000741697897,-24.054902604626957,true,true,10.000020000021332
unitbox_c_20_30_3_100.jl,16,2.9202984795219598,false,-21.440000741697897,-24.05800053707945,true,true,10.000020000021332
unitbox_c_20_30_3_100.jl,16,4.050507317047041e-8,true,-21.440000741697897,-21.44,true,true,0.6899999999996418
unitbox_c_20_30_3_100.jl,16,4.050507317047041e-8,true,-21.440000741697897,-21.44,true,true,0.8999999999994632
unitbox_c_20_30_3_100.jl,16,2.9221727388593375,false,-21.440000741697897,-24.065116300620748,false,true,10.000020000021332
unitbox_c_20_30_3_100.jl,16,2.9248922596985345,false,-21.440000741697897,-24.075274757972153,false,true,10.000020000021332
unitbox_c_20_30_3_100.jl,16,2.9208201439822674,false,-21.440000741697897,-24.059990678493065,true,true,10.000020000021332
unitbox_c_20_30_3_100.jl,16,2.921843077249204,false,-21.440000741697897,-24.063871608676948,false,true,10.000020000021332
unitbox_c_20_30_3_100.jl,16,2.920070966393696,false,-21.440000741697897,-24.057130231803793,true,true,10.000020000021332
unitbox_c_20_30_3_100.jl,16,2.923950871848987,false,-21.440000741697897,-24.071780180287153,false,true,10.000020000021332
unitbox_c_20_30_3_100.jl,16,2.828427150394597,true,-21.440000741697897,-21.97000000000001,true,true,1.4099999999990296
unitbox_c_20_30_3_100.jl,16,2.9225146348337963,false,-21.440000741697897,-24.06640411414402,false,true,10.000020000021332
unitbox_c_20_30_3_100.jl,16,2.828427150394597,true,-21.440000741697897,-21.97000000000001,true,true,9.510000000010868
unitbox_c_20_30_3_100.jl,16,1.6158552019899004,true,-21.440000741697897,-19.159263267799616,true,true,3.3000000000070444
unitbox_c_20_30_3_100.jl,16,2.922683671282913,false,-21.440000741697897,-24.06703967062146,false,true,10.000020000021332
unitbox_c_20_30_3_100.jl,32,2.828427150394597,true,-21.440000741697897,-21.97000000000001,true,false,2.1299999999993795
unitbox_c_20_30_3_100.jl,32,2.91800945960233,false,-21.440000741697897,-24.04917838895492,true,true,10.000020000021332
unitbox_c_20_30_3_100.jl,32,3.098636976974787,false,-21.440000741697897,-23.332637010305348,false,true,10.000020000021332
unitbox_c_20_30_3_100.jl,32,2.9219266950602094,false,-21.440000741697897,-24.06418759762149,false,true,10.000020000021332
unitbox_c_20_30_3_100.jl,32,2.9235333774428494,false,-21.440000741697897,-24.070223017516554,false,true,10.000020000021332
unitbox_c_20_30_3_100.jl,32,2.921547520890673,false,-21.440000741697897,-24.06275320216481,false,true,10.000020000021332
unitbox_c_20_30_3_100.jl,32,2.925017233077126,false,-21.440000741697897,-24.075736963223395,false,true,10.000020000021332
unitbox_c_20_30_3_100.jl,32,2.828427150394597,true,-21.440000741697897,-21.97000000000001,true,true,1.5899999999988765
unitbox_c_20_30_3_100.jl,32,2.828427150394597,true,-21.440000741697897,-21.97000000000001,true,true,2.670000000002917
unitbox_c_20_30_3_100.jl,32,4.050507317047041e-8,true,-21.440000741697897,-21.44,true,true,1.2599999999991571
unitbox_c_20_30_3_100.jl,32,2.9092985970632044,true,-21.440000741697897,-22.12761997301534,true,true,10.000020000021332
unitbox_c_20_30_3_100.jl,32,3.0979795084095767,false,-21.440000741697897,-23.330598745895667,true,true,10.000020000021332
unitbox_c_20_30_3_100.jl,32,2.922863942717464,false,-21.440000741697897,-24.067716633778268,false,true,10.000020000021332
unitbox_c_20_30_3_100.jl,32,2.925271563786026,false,-21.440000741697897,-24.076676354258833,false,true,10.000020000021332
unitbox_c_20_30_3_100.jl,32,2.828427150394597,true,-21.440000741697897,-21.97000000000001,true,true,7.379999999983739
unitbox_c_20_30_3_100.jl,32,3.098451637835326,false,-21.440000741697897,-23.332063812245934,false,true,10.000020000021332
unitbox_c_20_30_3_100.jl,32,3.09864677805203,false,-21.440000741697897,-23.332667291914117,false,true,10.000020000021332
unitbox_c_20_30_3_100.jl,32,4.050507317047041e-8,true,-21.440000741697897,-21.44,true,true,1.2899999999991316
unitbox_c_20_30_3_100.jl,32,2.310354923285169,false,-21.440000741697897,-19.124278179929682,false,true,10.000020000021332
unitbox_c_20_30_3_100.jl,32,2.862198626313298,true,-21.440000741697897,-21.9214765953791,true,true,10.000020000021332
unitbox_c_20_30_3_100.jl,32,2.9197284934802963,false,-21.440000741697897,-24.055817468011625,true,true,10.000020000021332
unitbox_c_20_30_3_25.jl,0,0.3143049173442518,false,-9.54418919834114,-9.431581051126848,true,false,10.000020000021332
unitbox_c_20_30_3_25.jl,0,2.4515284140451126,false,-9.54418919834114,-7.777325254912088,true,true,10.000020000021332
unitbox_c_20_30_3_25.jl,0,0.034805325625414794,false,-9.54418919834114,-9.560519997089234,false,true,10.000020000021332
unitbox_c_20_30_3_25.jl,0,1.5078234558597172,true,-9.54418919834114,-8.84,true,true,1.1099999999992847
unitbox_c_20_30_3_25.jl,0,0.010323537017887982,false,-9.54418919834114,-9.548718989197948,false,true,10.000020000021332
unitbox_c_20_30_3_25.jl,0,0.00755261916889965,false,-9.54418919834114,-9.540639126996538,true,true,10.000020000021332
unitbox_c_20_30_3_25.jl,0,1.5078234558597172,true,-9.54418919834114,-8.84,true,true,3.3000000000070444
unitbox_c_20_30_3_25.jl,0,0.06384711537976237,false,-9.54418919834114,-9.574197002234367,false,true,10.000020000021332
unitbox_c_20_30_3_25.jl,0,0.0970097862122889,false,-9.54418919834114,-9.498594258486111,true,true,10.000020000021332
unitbox_c_20_30_3_25.jl,0,0.046198123909918856,false,-9.54418919834114,-9.522475739768225,true,true,10.000020000021332
unitbox_c_20_30_3_25.jl,0,0.05103606442034688,false,-9.54418919834114,-9.568175808283438,false,true,10.000020000021332
unitbox_c_20_30_3_25.jl,0,0.31280771297626475,false,-9.54418919834114,-9.432894130147737,true,true,10.000020000021332
unitbox_c_20_30_3_25.jl,0,0.0839687799733859,false,-9.54418919834114,-9.583654184593371,false,true,10.000020000021332
unitbox_c_20_30_3_25.jl,0,2.467878506153943,false,-9.54418919834114,-7.887737098407462,false,true,10.000020000021332
unitbox_c_20_30_3_25.jl,0,2.4503997705653404,false,-9.54418919834114,-7.759075159254408,true,true,10.000020000021332
unitbox_c_20_30_3_25.jl,0,0.07737450448080238,false,-9.54418919834114,-9.580554875111854,false,true,10.000020000021332
unitbox_c_20_30_3_25.jl,0,0.09703605734394044,false,-9.54418919834114,-9.589795804957532,false,true,10.000020000021332
unitbox_c_20_30_3_25.jl,0,0.09662653008519653,false,-9.54418919834114,-9.498774388865844,true,true,10.000020000021332
unitbox_c_20_30_3_25.jl,0,3.654234201382642,false,-9.54418919834114,-3.1661315230184894,true,true,10.000020000021332
unitbox_c_20_30_3_25.jl,0,0.05651690045731446,false,-9.54418919834114,-9.570751801220815,false,true,10.000020000021332
unitbox_c_20_30_3_25.jl,0,1.5078234558597172,true,-9.54418919834114,-8.84,true,true,2.7000000000031137
unitbox_c_20_30_3_25.jl,8,1.5078234558597172,true,-9.54418919834114,-8.84,true,false,3.450000000008027
unitbox_c_20_30_3_25.jl,8,2.6969485793158836,true,-9.54418919834114,-4.510000000000001,true,true,2.610000000002524
unitbox_c_20_30_3_25.jl,8,1.4484304698307524,false,-9.54418919834114,-8.067450629505828,true,true,10.000020000021332
unitbox_c_20_30_3_25.jl,8,0.3267696739118625,false,-9.54418919834114,-9.513149275400941,false,true,10.000020000021332
unitbox_c_20_30_3_25.jl,8,1.7320790198782523,true,-9.54418919834114,-7.416180613354731,true,true,10.000020000021332
unitbox_c_20_30_3_25.jl,8,1.4188955430987902,false,-9.54418919834114,-8.467493782532982,true,true,10.000020000021332
unitbox_c_20_30_3_25.jl,8,1.8092903496657728,true,-9.54418919834114,-7.85,false,true,1.7699999999987235
unitbox_c_20_30_3_25.jl,8,1.994387619601648,false,-9.54418919834114,-7.135978384493986,true,true,10.000020000021332
unitbox_c_20_30_3_25.jl,8,1.2053209164114844,false,-9.54418919834114,-9.04782250218313,false,true,10.000020000021332
unitbox_c_20_30_3_25.jl,8,1.000000108904749,false,-9.54418919834114,-9.083967445822704,true,true,10.000020000021332
unitbox_c_20_30_3_25.jl,8,3.5527793499971687,false,-9.54418919834114,-1.4190516173262813,true,true,10.000020000021332
unitbox_c_20_30_3_25.jl,8,2.495501303810268,true,-9.54418919834114,-7.46,true,true,3.0900000000056687
unitbox_c_20_30_3_25.jl,8,2.154584707915793,false,-9.54418919834114,-7.368700650842597,false,true,10.000020000021332
unitbox_c_20_30_3_25.jl,8,2.8353251410168836,false,-9.54418919834114,-6.547551290100499,true,true,10.000020000021332
unitbox_c_20_30_3_25.jl,8,0.4769975702252849,true,-9.54418919834114,-9.32,true,true,5.1900000000018105
unitbox_c_20_30_3_25.jl,8,0.6299971631124757,true,-9.54418919834114,-9.628432646379373,false,true,5.42999999999983
unitbox_c_20_30_3_25.jl,8,1.507823449249426,true,-9.54418919834114,-8.71,true,true,1.4099999999990296
unitbox_c_20_30_3_25.jl,8,2.0876207378897895,false,-9.54418919834114,-6.740611417593597,true,true,10.000020000021332
unitbox_c_20_30_3_25.jl,8,1.6330445367185835,false,-9.54418919834114,-8.18150442666633,false,true,10.000020000021332
unitbox_c_20_30_3_25.jl,8,1.5379156047829088,false,-9.54418919834114,-8.358819032256031,true,true,10.000020000021332
unitbox_c_20_30_3_25.jl,8,1.5458145286082032,true,-9.54418919834114,-8.397682428625934,true,true,10.000020000021332
unitbox_c_20_30_3_25.jl,16,2.470815606078795,false,-9.54418919834114,-7.90050934780308,false,false,10.000020000021332
unitbox_c_20_30_3_25.jl,16,2.4673239535795326,false,-9.54418919834114,-7.8852149999807395,false,true,10.000020000021332
unitbox_c_20_30_3_25.jl,16,2.464751521750041,false,-9.54418919834114,-7.872972355541858,false,true,10.000020000021332
unitbox_c_20_30_3_25.jl,16,0.06886458154556697,false,-9.54418919834114,-9.576555211332295,false,true,10.000020000021332
unitbox_c_20_30_3_25.jl,16,0.003090607691036944,false,-9.54418919834114,-9.545641443620571,false,true,10.000020000021332
unitbox_c_20_30_3_25.jl,16,0.053031124556885176,false,-9.54418919834114,-9.519264229464152,true,true,10.000020000021332
unitbox_c_20_30_3_25.jl,16,0.008542109137572484,false,-9.54418919834114,-9.548203649300508,false,true,10.000020000021332
unitbox_c_20_30_3_25.jl,16,0.08964534575526445,false,-9.54418919834114,-9.586322170510854,false,true,10.000020000021332
unitbox_c_20_30_3_25.jl,16,0.030374277842899904,false,-9.54418919834114,-9.529912947419728,true,true,10.000020000021332
unitbox_c_20_30_3_25.jl,16,0.019456858789845762,false,-9.54418919834114,-9.535044134374669,true,true,10.000020000021332
unitbox_c_20_30_3_25.jl,16,2.4559449617715723,false,-9.54418919834114,-7.820220201518266,false,true,10.000020000021332
unitbox_c_20_30_3_25.jl,16,2.456183705200851,true,-9.54418919834114,-7.822016067065644,false,true,10.000020000021332
unitbox_c_20_30_3_25.jl,16,2.4627365989540833,false,-9.54418919834114,-7.862648780709657,false,true,10.000020000021332
unitbox_c_20_30_3_25.jl,16,0.103324493540065,false,-9.54418919834114,-9.592751369969712,false,true,10.000020000021332
unitbox_c_20_30_3_25.jl,16,0.10806413684914577,false,-9.54418919834114,-9.493398713686787,true,true,10.000020000021332
unitbox_c_20_30_3_25.jl,16,0.06540332854891967,false,-9.54418919834114,-9.513449293587893,true,true,10.000020000021332
unitbox_c_20_30_3_25.jl,16,2.45196089855159,false,-9.54418919834114,-7.7828790877440905,true,true,10.000020000021332
unitbox_c_20_30_3_25.jl,16,0.056415491369776395,false,-9.54418919834114,-9.570704138949672,false,true,10.000020000021332
unitbox_c_20_30_3_25.jl,16,0.03837441256121591,false,-9.54418919834114,-9.562224831909646,false,true,10.000020000021332
unitbox_c_20_30_3_25.jl,16,0.07059814087182203,false,-9.54418919834114,-9.577369984215636,false,true,10.000020000021332
unitbox_c_20_30_3_25.jl,16,0.08159295997820841,false,-9.54418919834114,-9.505840166816128,true,true,10.000020000021332
unitbox_c_20_30_3_25.jl,32,0.008237860457731316,false,-9.54418919834114,-9.548060652420979,false,false,10.000020000021332
unitbox_c_20_30_3_25.jl,32,0.07126996106168196,false,-9.54418919834114,-9.577685739704869,false,true,10.000020000021332
unitbox_c_20_30_3_25.jl,32,2.4552761191966956,false,-9.54418919834114,-7.815004886940791,true,true,10.000020000021332
unitbox_c_20_30_3_25.jl,32,0.09626120912577041,false,-9.54418919834114,-9.589431626294992,false,true,10.000020000021332
unitbox_c_20_30_3_25.jl,32,2.470520394920378,false,-9.54418919834114,-7.899266614340851,false,true,10.000020000021332
unitbox_c_20_30_3_25.jl,32,0.07242103874768423,false,-9.54418919834114,-9.510150969794473,true,true,10.000020000021332
unitbox_c_20_30_3_25.jl,32,0.10690547957450203,false,-9.54418919834114,-9.594434433405894,false,true,10.000020000021332
unitbox_c_20_30_3_25.jl,32,2.451897174089823,false,-9.54418919834114,-7.782093138598589,true,true,10.000020000021332
unitbox_c_20_30_3_25.jl,32,0.07575639899888424,false,-9.54418919834114,-9.579794365535353,false,true,10.000020000021332
unitbox_c_20_30_3_25.jl,32,0.09941932078739191,false,-9.54418919834114,-9.590915938775954,false,true,10.000020000021332
unitbox_c_20_30_3_25.jl,32,0.07550075658417095,false,-9.54418919834114,-9.579674213600438,false,true,10.000020000021332
unitbox_c_20_30_3_25.jl,32,2.451969009725408,false,-9.54418919834114,-7.782978397864645,true,true,10.000020000021332
unitbox_c_20_30_3_25.jl,32,0.08809962296235492,false,-9.54418919834114,-9.585595680798185,false,true,10.000020000021332
unitbox_c_20_30_3_25.jl,32,0.05996800900297058,false,-9.54418919834114,-9.572373822237275,false,true,10.000020000021332
unitbox_c_20_30_3_25.jl,32,2.468915017603775,false,-9.54418919834114,-7.8923523102657835,false,true,10.000020000021332
unitbox_c_20_30_3_25.jl,32,0.09907885315006684,false,-9.54418919834114,-9.59075591898641,false,true,10.000020000021332
unitbox_c_20_30_3_25.jl,32,0.05685413434609121,false,-9.54418919834114,-9.517467414863226,true,true,10.000020000021332
unitbox_c_20_30_3_25.jl,32,1.5078234558597172,true,-9.54418919834114,-8.84,true,true,6.029999999994879
unitbox_c_20_30_3_25.jl,32,0.07725136650217256,false,-9.54418919834114,-9.5804970002619,false,true,10.000020000021332
unitbox_c_20_30_3_25.jl,32,0.05863905820011982,false,-9.54418919834114,-9.571749215359933,false,true,10.000020000021332
unitbox_c_20_30_3_25.jl,32,0.04070806767544312,false,-9.54418919834114,-9.523699104074268,true,true,10.000020000021332
unitbox_c_20_30_3_50.jl,0,3.952900574473204e-8,true,-28.83000068296313,-28.82999999999999,true,false,4.950000000003791
unitbox_c_20_30_3_50.jl,0,2.4494897633249657,true,-28.83000068296313,-28.179999999999996,true,true,2.1899999999997726
unitbox_c_20_30_3_50.jl,0,2.645751330690691,true,-28.83000068296313,-27.459999999999994,true,true,2.4000000000011483
unitbox_c_20_30_3_50.jl,0,2.000000016221874,true,-28.83000068296313,-28.709999999999997,true,true,2.3400000000007553
unitbox_c_20_30_3_50.jl,0,2.645751330690691,true,-28.83000068296313,-27.459999999999994,true,true,3.4800000000082236
unitbox_c_20_30_3_50.jl,0,2.4494897633249657,true,-28.83000068296313,-28.179999999999996,true,true,2.7000000000031137
unitbox_c_20_30_3_50.jl,0,3.952900574473204e-8,true,-28.83000068296313,-28.82999999999999,true,true,0.8699999999994887
unitbox_c_20_30_3_50.jl,0,3.952900574473204e-8,true,-28.83000068296313,-28.82999999999999,true,true,1.919999999998596
unitbox_c_20_30_3_50.jl,0,2.000000016221874,true,-28.83000068296313,-28.709999999999997,true,true,2.099999999999183
unitbox_c_20_30_3_50.jl,0,3.952900574473204e-8,true,-28.83000068296313,-28.82999999999999,true,true,2.3100000000005587
unitbox_c_20_30_3_50.jl,0,2.000000016221874,true,-28.83000068296313,-28.709999999999997,true,true,1.979999999998545
unitbox_c_20_30_3_50.jl,0,3.952900574473204e-8,true,-28.83000068296313,-28.82999999999999,true,true,6.539999999990671
unitbox_c_20_30_3_50.jl,0,2.000000016221874,true,-28.83000068296313,-28.709999999999997,true,true,2.7900000000037033
unitbox_c_20_30_3_50.jl,0,2.4494897633249657,true,-28.83000068296313,-28.179999999999996,true,true,1.4099999999990296
unitbox_c_20_30_3_50.jl,0,2.4494897633249657,true,-28.83000068296313,-28.179999999999996,true,true,1.6799999999988
unitbox_c_20_30_3_50.jl,0,2.4494897633249657,true,-28.83000068296313,-28.179999999999996,true,true,2.1299999999993795
unitbox_c_20_30_3_50.jl,0,3.952900574473204e-8,true,-28.83000068296313,-28.82999999999999,true,true,1.1399999999992592
unitbox_c_20_30_3_50.jl,0,3.952900574473204e-8,true,-28.83000068296313,-28.82999999999999,true,true,5.7299999999973545
unitbox_c_20_30_3_50.jl,0,2.000000016221874,true,-28.83000068296313,-28.709999999999997,true,true,1.2599999999991571
unitbox_c_20_30_3_50.jl,0,1.4142135739774282,true,-28.83000068296313,-27.61,true,true,2.4600000000015414
unitbox_c_20_30_3_50.jl,0,2.154885615109556,true,-28.83000068296313,-26.226630401576255,true,true,1.3499999999990806
unitbox_c_20_30_3_50.jl,8,3.952900574473204e-8,true,-28.83000068296313,-28.82999999999999,true,false,5.519999999999087
unitbox_c_20_30_3_50.jl,8,2.4494897633249657,true,-28.83000068296313,-28.179999999999996,true,true,2.7300000000033102
unitbox_c_20_30_3_50.jl,8,2.000000013018327,true,-28.83000068296313,-26.32999999999999,true,true,2.8200000000039
unitbox_c_20_30_3_50.jl,8,2.4494897633249657,true,-28.83000068296313,-28.179999999999996,true,true,9.270000000005743
unitbox_c_20_30_3_50.jl,8,2.4494994665629055,true,-28.83000068296313,-25.07517322486763,true,true,8.879999999997414
unitbox_c_20_30_3_50.jl,8,3.952900574473204e-8,true,-28.83000068296313,-28.82999999999999,true,true,2.7900000000037033
unitbox_c_20_30_3_50.jl,8,1.0000000012945287,true,-28.83000068296313,-28.53999999999999,true,true,4.680000000006019
unitbox_c_20_30_3_50.jl,8,2.4494897603005312,true,-28.83000068296313,-26.179999999999993,true,true,2.0699999999989864
unitbox_c_20_30_3_50.jl,8,1.0000000012945287,true,-28.83000068296313,-28.53999999999999,true,true,3.0300000000052756
unitbox_c_20_30_3_50.jl,8,3.952900574473204e-8,true,-28.83000068296313,-28.82999999999999,true,true,1.439999999999004
unitbox_c_20_30_3_50.jl,8,1.0000000012945287,true,-28.83000068296313,-28.53999999999999,true,true,1.739999999998749
unitbox_c_20_30_3_50.jl,8,1.7320508221153588,true,-28.83000068296313,-25.879999999999992,true,true,2.4000000000011483
unitbox_c_20_30_3_50.jl,8,2.6457513335456913,true,-28.83000068296313,-27.73999999999999,true,true,0.8999999999994632
unitbox_c_20_30_3_50.jl,8,2.2360679961066707,true,-28.83000068296313,-27.88999999999999,true,true,1.0499999999993357
unitbox_c_20_30_3_50.jl,8,2.8246869378580626,false,-28.83000068296313,-27.48444422920041,false,true,10.000020000021332
unitbox_c_20_30_3_50.jl,8,0.7082835724283311,true,-28.83000068296313,-28.62459776437119,true,true,10.000020000021332
unitbox_c_20_30_3_50.jl,8,2.4498807988181146,true,-28.83000068296313,-27.335690121001107,true,true,1.3499999999990806
unitbox_c_20_30_3_50.jl,8,2.614349489089192,true,-28.83000068296313,-26.214019849127393,true,true,1.799999999998698
unitbox_c_20_30_3_50.jl,8,2.828427148966154,true,-28.83000068296313,-27.48999999999999,false,true,3.9900000000115647
unitbox_c_20_30_3_50.jl,8,2.237714914312653,true,-28.83000068296313,-27.91489266656212,true,true,1.8299999999986725
unitbox_c_20_30_3_50.jl,8,3.952900574473204e-8,true,-28.83000068296313,-28.82999999999999,true,true,0.9299999999994377
unitbox_c_20_30_3_50.jl,16,3.952900574473204e-8,true,-28.83000068296313,-28.82999999999999,true,false,3.780000000010189
unitbox_c_20_30_3_50.jl,16,2.000000016221874,true,-28.83000068296313,-28.709999999999997,true,true,3.7500000000099925
unitbox_c_20_30_3_50.jl,16,2.4494897635372643,true,-28.83000068296313,-27.060000000000002,true,true,1.2599999999991571
unitbox_c_20_30_3_50.jl,16,2.000000016221874,true,-28.83000068296313,-28.709999999999997,true,true,2.5200000000019345
unitbox_c_20_30_3_50.jl,16,3.952900574473204e-8,true,-28.83000068296313,-28.82999999999999,true,true,1.499999999998953
unitbox_c_20_30_3_50.jl,16,2.000000016221874,true,-28.83000068296313,-28.709999999999997,true,true,4.140000000010475
unitbox_c_20_30_3_50.jl,16,2.645751330690691,true,-28.83000068296313,-27.459999999999994,true,true,1.2899999999991316
unitbox_c_20_30_3_50.jl,16,3.952900574473204e-8,true,-28.83000068296313,-28.82999999999999,true,true,1.2599999999991571
unitbox_c_20_30_3_50.jl,16,3.952900574473204e-8,true,-28.83000068296313,-28.82999999999999,true,true,5.370000000000325
unitbox_c_20_30_3_50.jl,16,3.952900574473204e-8,true,-28.83000068296313,-28.82999999999999,true,true,1.799999999998698
unitbox_c_20_30_3_50.jl,16,3.952900574473204e-8,true,-28.83000068296313,-28.82999999999999,true,true,3.3600000000074375
unitbox_c_20_30_3_50.jl,16,2.4494897635372643,true,-28.83000068296313,-27.060000000000002,true,true,3.6300000000092063
unitbox_c_20_30_3_50.jl,16,3.952900574473204e-8,true,-28.83000068296313,-28.82999999999999,true,true,5.31000000000082
unitbox_c_20_30_3_50.jl,16,2.000000016221874,true,-28.83000068296313,-28.709999999999997,true,true,2.7600000000035068
unitbox_c_20_30_3_50.jl,16,3.952900574473204e-8,true,-28.83000068296313,-28.82999999999999,true,true,1.0199999999993612
unitbox_c_20_30_3_50.jl,16,3.952900574473204e-8,true,-28.83000068296313,-28.82999999999999,true,true,1.2299999999991826
unitbox_c_20_30_3_50.jl,16,2.4494897633249657,true,-28.83000068296313,-28.179999999999996,true,true,4.740000000005524
unitbox_c_20_30_3_50.jl,16,3.952900574473204e-8,true,-28.83000068296313,-28.82999999999999,true,true,1.919999999998596
unitbox_c_20_30_3_50.jl,16,3.952900574473204e-8,true,-28.83000068296313,-28.82999999999999,true,true,6.179999999993641
unitbox_c_20_30_3_50.jl,16,3.952900574473204e-8,true,-28.83000068296313,-28.82999999999999,true,true,7.799999999980273
unitbox_c_20_30_3_50.jl,16,2.000000016221874,true,-28.83000068296313,-28.709999999999997,true,true,2.1899999999997726
unitbox_c_20_30_3_50.jl,32,2.4494897635372643,true,-28.83000068296313,-27.060000000000002,true,false,5.999999999995127
unitbox_c_20_30_3_50.jl,32,3.952900574473204e-8,true,-28.83000068296313,-28.82999999999999,true,true,2.03999999999879
unitbox_c_20_30_3_50.jl,32,2.645751330690691,true,-28.83000068296313,-27.459999999999994,true,true,1.0499999999993357
unitbox_c_20_30_3_50.jl,32,2.000000016221874,true,-28.83000068296313,-28.709999999999997,true,true,2.7000000000031137
unitbox_c_20_30_3_50.jl,32,2.000000016221874,true,-28.83000068296313,-28.709999999999997,true,true,1.1699999999992337
unitbox_c_20_30_3_50.jl,32,3.952900574473204e-8,true,-28.83000068296313,-28.82999999999999,true,true,2.940000000004686
unitbox_c_20_30_3_50.jl,32,3.952900574473204e-8,true,-28.83000068296313,-28.82999999999999,true,true,4.800000000005029
unitbox_c_20_30_3_50.jl,32,2.000000016221874,true,-28.83000068296313,-28.709999999999997,true,true,1.439999999999004
unitbox_c_20_30_3_50.jl,32,2.645751330690691,true,-28.83000068296313,-27.459999999999994,true,true,1.799999999998698
unitbox_c_20_30_3_50.jl,32,2.000000016221874,true,-28.83000068296313,-28.709999999999997,true,true,2.670000000002917
unitbox_c_20_30_3_50.jl,32,3.952900574473204e-8,true,-28.83000068296313,-28.82999999999999,true,true,5.42999999999983
unitbox_c_20_30_3_50.jl,32,3.952900574473204e-8,true,-28.83000068296313,-28.82999999999999,true,true,5.100000000002553
unitbox_c_20_30_3_50.jl,32,2.4494897633249657,true,-28.83000068296313,-28.179999999999996,true,true,7.1399999999857195
unitbox_c_20_30_3_50.jl,32,2.000000016221874,true,-28.83000068296313,-28.709999999999997,true,true,1.4699999999989786
unitbox_c_20_30_3_50.jl,32,3.952900574473204e-8,true,-28.83000068296313,-28.82999999999999,true,true,2.4600000000015414
unitbox_c_20_30_3_50.jl,32,3.952900574473204e-8,true,-28.83000068296313,-28.82999999999999,true,true,2.1299999999993795
unitbox_c_20_30_3_50.jl,32,3.952900574473204e-8,true,-28.83000068296313,-28.82999999999999,true,true,5.939999999995622
unitbox_c_20_30_3_50.jl,32,1.4142135739774282,true,-28.83000068296313,-27.61,true,true,1.2299999999991826
unitbox_c_20_30_3_50.jl,32,3.952900574473204e-8,true,-28.83000068296313,-28.82999999999999,true,true,2.099999999999183
unitbox_c_20_30_3_50.jl,32,2.4494897635372643,true,-28.83000068296313,-27.060000000000002,true,true,1.9499999999985704
unitbox_c_20_30_3_50.jl,32,3.952900574473204e-8,true,-28.83000068296313,-28.82999999999999,true,true,3.960000000011368
unitbox_c_20_40_1_100.jl,0,2.3575942293744316,true,-15.471778199087467,-16.85319443725102,true,false,1.6799999999988
unitbox_c_20_40_1_100.jl,0,2.791076224913194,false,-15.471778199087467,-17.473358518987904,true,true,10.000020000021332
unitbox_c_20_40_1_100.jl,0,2.0299192520424576,true,-15.471778199087467,-14.137456777139427,true,true,2.4000000000011483
unitbox_c_20_40_1_100.jl,0,2.7803581118693645,true,-15.471778199087467,-15.334513429818657,true,true,2.0099999999985934
unitbox_c_20_40_1_100.jl,0,3.4701720719365388,true,-15.471778199087467,-15.266989403301086,true,true,2.610000000002524
unitbox_c_20_40_1_100.jl,0,3.0245548901673063,true,-15.471778199087467,-16.407558362103604,true,true,3.6300000000092063
unitbox_c_20_40_1_100.jl,0,2.790782545522744,false,-15.471778199087467,-17.492664601787997,false,true,10.000020000021332
unitbox_c_20_40_1_100.jl,0,3.342652339962164,true,-15.471778199087467,-19.130260458367008,true,true,7.619999999981759
unitbox_c_20_40_1_100.jl,0,3.3426559361822905,true,-15.471778199087467,-19.130336387235083,true,true,6.299999999992651
unitbox_c_20_40_1_100.jl,0,3.8461994405793165,false,-15.471778199087467,-19.38066317363091,false,true,10.000020000021332
unitbox_c_20_40_1_100.jl,0,2.7803306816291045,true,-15.471778199087467,-15.334503428843462,true,true,3.1500000000060617
unitbox_c_20_40_1_100.jl,0,2.015000548574205,true,-15.471778199087467,-14.137789947102489,true,true,1.979999999998545
unitbox_c_20_40_1_100.jl,0,3.342656337882479,true,-15.471778199087467,-19.130344857516647,true,true,6.449999999991413
unitbox_c_20_40_1_100.jl,0,3.2780006755602225,false,-15.471778199087467,-18.814472930134126,true,true,10.000020000021332
unitbox_c_20_40_1_100.jl,0,2.790435325002088,false,-15.471778199087467,-17.447978142989594,true,true,10.000020000021332
unitbox_c_20_40_1_100.jl,0,3.3426547212828313,true,-15.471778199087467,-19.130310756305462,true,true,8.939999999998696
unitbox_c_20_40_1_100.jl,0,3.3851285335774848,true,-15.471778199087467,-19.310892715520954,true,true,4.470000000007752
unitbox_c_20_40_1_100.jl,0,2.787035871722581,true,-15.471778199087467,-15.334160815411414,true,true,2.7000000000031137
unitbox_c_20_40_1_100.jl,0,2.7909788162003064,false,-15.471778199087467,-17.483726255819477,false,true,10.000020000021332
unitbox_c_20_40_1_100.jl,0,3.0245580759074784,true,-15.471778199087467,-16.40755722573603,true,true,3.1800000000062583
unitbox_c_20_40_1_100.jl,0,0.21171141849514372,false,-15.471778199087467,-15.58726068543415,false,true,10.000020000021332
unitbox_c_20_40_1_100.jl,8,2.8325180873047144,false,-15.471778199087467,-17.337454249934815,true,false,10.000020000021332
unitbox_c_20_40_1_100.jl,8,3.3755920071459293,false,-15.471778199087467,-16.803442164249244,false,true,10.000020000021332
unitbox_c_20_40_1_100.jl,8,3.0454226951325047,true,-15.471778199087467,-16.589999999999993,true,true,1.1699999999992337
unitbox_c_20_40_1_100.jl,8,3.805388454019614,false,-15.471778199087467,-17.572404713251697,true,true,10.000020000021332
unitbox_c_20_40_1_100.jl,8,2.7945979494506332,true,-15.471778199087467,-17.849999999999998,false,true,1.499999999998953
unitbox_c_20_40_1_100.jl,8,3.258567118509936,true,-15.471778199087467,-18.180000000000003,true,true,1.1999999999992081
unitbox_c_20_40_1_100.jl,8,3.4356898487610326,false,-15.471778199087467,-18.40179161053441,false,true,9.930000000019836
unitbox_c_20_40_1_100.jl,8,2.2957370243723463,false,-15.471778199087467,-14.386320500363144,false,true,10.000020000021332
unitbox_c_20_40_1_100.jl,8,2.024874758235489,false,-15.471778199087467,-15.361470229233008,true,true,10.000020000021332
unitbox_c_20_40_1_100.jl,8,2.531056217757503,false,-15.471778199087467,-12.494946227325801,true,true,10.000020000021332
unitbox_c_20_40_1_100.jl,8,2.9676969967410765,true,-15.471778199087467,-16.15947578519788,true,true,0.9899999999993867
unitbox_c_20_40_1_100.jl,8,2.9096593378122466,true,-15.471778199087467,-15.280000000000001,true,true,6.269999999992899
unitbox_c_20_40_1_100.jl,8,3.159378719534515,false,-15.471778199087467,-15.960364530388029,true,true,10.000020000021332
unitbox_c_20_40_1_100.jl,8,2.7489057453324803,false,-15.471778199087467,-15.453337450448556,true,true,10.000020000021332
unitbox_c_20_40_1_100.jl,8,3.009638428508201,true,-15.471778199087467,-16.40736702705678,true,true,2.2500000000001656
unitbox_c_20_40_1_100.jl,8,2.84509248494891,false,-15.471778199087467,-15.512022486934491,false,true,10.000020000021332
unitbox_c_20_40_1_100.jl,8,3.3923757556050553,false,-15.471778199087467,-17.893434212950876,true,true,10.000020000021332
unitbox_c_20_40_1_100.jl,8,3.343117627235017,false,-15.471778199087467,-18.331609080987413,true,true,10.000020000021332
unitbox_c_20_40_1_100.jl,8,3.064652741602892,true,-15.471778199087467,-16.51629448849692,true,true,4.6500000000062665
unitbox_c_20_40_1_100.jl,8,0.5240221802546589,true,-15.471778199087467,-15.049999999999995,true,true,1.979999999998545
unitbox_c_20_40_1_100.jl,8,3.4979030546047984,false,-15.471778199087467,-18.224356428673165,false,true,10.000020000021332
unitbox_c_20_40_1_100.jl,16,2.0279626954220595,true,-15.471778199087467,-14.137542813895873,true,false,2.0699999999989864
unitbox_c_20_40_1_100.jl,16,2.7878347215032906,true,-15.471778199087467,-15.333800655473084,true,true,2.0099999999985934
unitbox_c_20_40_1_100.jl,16,3.2764948984192515,false,-15.471778199087467,-18.82351037148164,false,true,10.000020000021332
unitbox_c_20_40_1_100.jl,16,2.029270082185483,true,-15.471778199087467,-14.137432436645291,true,true,1.979999999998545
unitbox_c_20_40_1_100.jl,16,3.383623312192771,true,-15.471778199087467,-19.310225943487694,true,true,2.610000000002524
unitbox_c_20_40_1_100.jl,16,3.384611503545925,true,-15.471778199087467,-19.310716235703662,true,true,2.880000000004293
unitbox_c_20_40_1_100.jl,16,3.8102253175888783,false,-15.471778199087467,-18.39812995979812,true,true,10.000020000021332
unitbox_c_20_40_1_100.jl,16,1.4167633978138674,false,-15.471778199087467,-15.763978485953547,true,true,10.000020000021332
unitbox_c_20_40_1_100.jl,16,2.7771794687939337,true,-15.471778199087467,-11.210383205929173,true,true,2.8200000000039
unitbox_c_20_40_1_100.jl,16,2.788952608702427,false,-15.471778199087467,-17.50990363142947,false,true,10.000020000021332
unitbox_c_20_40_1_100.jl,16,2.7825633855087175,true,-15.471778199087467,-15.334980681436754,true,true,1.439999999999004
unitbox_c_20_40_1_100.jl,16,3.2801068319148556,true,-15.471778199087467,-18.814891014118768,true,true,10.000020000021332
unitbox_c_20_40_1_100.jl,16,3.023342960541617,true,-15.471778199087467,-16.40795872938288,true,true,2.7600000000035068
unitbox_c_20_40_1_100.jl,16,3.3832214799206914,true,-15.471778199087467,-19.309965074025055,true,true,3.5400000000086167
unitbox_c_20_40_1_100.jl,16,2.0210299280891784,true,-15.471778199087467,-14.137665786059603,true,true,1.4699999999989786
unitbox_c_20_40_1_100.jl,16,1.502494021476651,false,-15.471778199087467,-16.598965043460144,false,true,10.000020000021332
unitbox_c_20_40_1_100.jl,16,3.3426369246357837,false,-15.471778199087467,-19.129932954352395,true,true,8.249999999983961
unitbox_c_20_40_1_100.jl,16,3.3895838261281788,true,-15.471778199087467,-19.310523920640506,true,true,2.3100000000005587
unitbox_c_20_40_1_100.jl,16,3.4726691126674307,true,-15.471778199087467,-15.267489109298106,true,true,2.940000000004686
unitbox_c_20_40_1_100.jl,16,3.8061466758996163,false,-15.471778199087467,-17.852405945993354,true,true,10.000020000021332
unitbox_c_20_40_1_100.jl,16,0.29398756154537814,false,-15.471778199087467,-15.961010502570055,false,true,10.000020000021332
unitbox_c_20_40_1_100.jl,32,3.024725000133653,true,-15.471778199087467,-16.40749707470448,true,false,3.5400000000086167
unitbox_c_20_40_1_100.jl,32,3.0245874008278744,true,-15.471778199087467,-16.407546744955727,true,true,3.120000000005865
unitbox_c_20_40_1_100.jl,32,3.387642487371776,true,-15.471778199087467,-19.311063839819123,true,true,2.4000000000011483
unitbox_c_20_40_1_100.jl,32,3.3834131037281807,true,-15.471778199087467,-19.31009410957183,true,true,2.670000000002917
unitbox_c_20_40_1_100.jl,32,1.4811738533894,false,-15.471778199087467,-16.331659941655463,false,true,10.000020000021332
unitbox_c_20_40_1_100.jl,32,2.787801457005789,true,-15.471778199087467,-15.333816821186947,true,true,2.159999999999576
unitbox_c_20_40_1_100.jl,32,1.4444241081290623,false,-15.471778199087467,-15.98249150342438,true,true,10.000020000021332
unitbox_c_20_40_1_100.jl,32,3.3426545473742273,true,-15.471778199087467,-19.130307085670257,true,true,6.119999999994136
unitbox_c_20_40_1_100.jl,32,3.024668244325435,true,-15.471778199087467,-16.4075176604664,true,true,3.1500000000060617
unitbox_c_20_40_1_100.jl,32,3.024739126937171,true,-15.471778199087467,-16.407491929404248,true,true,3.1800000000062583
unitbox_c_20_40_1_100.jl,32,3.4720037878412007,true,-15.471778199087467,-15.267139765504044,true,true,2.5200000000019345
unitbox_c_20_40_1_100.jl,32,1.4029015694460087,false,-15.471778199087467,-15.750062200546497,true,true,10.000020000021332
unitbox_c_20_40_1_100.jl,32,2.3575820168368082,true,-15.471778199087467,-16.85319329399479,true,true,1.859999999998647
unitbox_c_20_40_1_100.jl,32,1.4391153903475025,false,-15.471778199087467,-16.313383159134855,false,true,10.000020000021332
unitbox_c_20_40_1_100.jl,32,3.0247441870944947,true,-15.471778199087467,-16.40749008430719,true,true,3.2400000000066513
unitbox_c_20_40_1_100.jl,32,3.38670759593513,true,-15.471778199087467,-19.311124698159578,true,true,3.4800000000082236
unitbox_c_20_40_1_100.jl,32,3.6999791013484242,true,-15.471778199087467,-11.57999122548966,true,true,1.6499999999988255
unitbox_c_20_40_1_100.jl,32,2.7900995986679584,false,-15.471778199087467,-17.48111005259383,false,true,10.000020000021332
unitbox_c_20_40_1_100.jl,32,1.4213736912287507,false,-15.471778199087467,-16.172192052199986,true,true,10.000020000021332
unitbox_c_20_40_1_100.jl,32,3.627855111712839,false,-15.471778199087467,-18.495486598167044,false,true,10.000020000021332
unitbox_c_20_40_1_100.jl,32,0.07541660955617473,true,-15.471778199087467,-15.351960165061644,true,true,10.000020000021332
unitbox_c_20_40_1_25.jl,0,1.7320508221325557,true,-10.590000376396432,-9.19,true,false,2.6400000000027206
unitbox_c_20_40_1_25.jl,0,2.645751329905117,true,-10.590000376396432,-6.56,true,true,8.66999999999293
unitbox_c_20_40_1_25.jl,0,3.095400099441244,true,-10.590000376396432,-6.443881879057945,true,true,10.000020000021332
unitbox_c_20_40_1_25.jl,0,3.7579618052757805e-8,true,-10.590000376396432,-10.59,true,true,2.550000000002131
unitbox_c_20_40_1_25.jl,0,2.236067995943757,true,-10.590000376396432,-6.62,true,true,5.939999999995622
unitbox_c_20_40_1_25.jl,0,3.7579618052757805e-8,true,-10.590000376396432,-10.59,true,true,3.450000000008027
unitbox_c_20_40_1_25.jl,0,1.7320508221325557,true,-10.590000376396432,-9.19,true,true,5.31000000000082
unitbox_c_20_40_1_25.jl,0,3.7579618052757805e-8,true,-10.590000376396432,-10.59,true,true,3.4200000000078306
unitbox_c_20_40_1_25.jl,0,3.7579618052757805e-8,true,-10.590000376396432,-10.59,true,true,4.620000000006514
unitbox_c_20_40_1_25.jl,0,1.7320508221325557,true,-10.590000376396432,-9.19,true,true,4.110000000010722
unitbox_c_20_40_1_25.jl,0,1.7320508221325557,true,-10.590000376396432,-9.19,true,true,4.230000000009732
unitbox_c_20_40_1_25.jl,0,3.7579618052757805e-8,true,-10.590000376396432,-10.59,true,true,3.120000000005865
unitbox_c_20_40_1_25.jl,0,2.236067995943757,true,-10.590000376396432,-6.62,true,true,5.130000000002306
unitbox_c_20_40_1_25.jl,0,3.162277684351594,true,-10.590000376396432,-6.47,true,true,4.110000000010722
unitbox_c_20_40_1_25.jl,0,1.7320508221325557,true,-10.590000376396432,-9.19,true,true,2.490000000001738
unitbox_c_20_40_1_25.jl,0,2.645751329905117,true,-10.590000376396432,-6.56,true,true,4.470000000007752
unitbox_c_20_40_1_25.jl,0,2.236067991928684,true,-10.590000376396432,-7.880000000000001,true,true,7.01999999998671
unitbox_c_20_40_1_25.jl,0,3.162277684351594,true,-10.590000376396432,-6.47,true,true,2.7000000000031137
unitbox_c_20_40_1_25.jl,0,3.7579618052757805e-8,true,-10.590000376396432,-10.59,true,true,2.550000000002131
unitbox_c_20_40_1_25.jl,0,3.7579618052757805e-8,true,-10.590000376396432,-10.59,true,true,4.08000000001097
unitbox_c_20_40_1_25.jl,0,3.0917588705543917,true,-10.590000376396432,-6.442240929010212,true,true,10.000020000021332
unitbox_c_20_40_1_25.jl,8,1.8263410661356092,true,-10.590000376396432,-7.823844778852684,true,false,3.900000000010975
unitbox_c_20_40_1_25.jl,8,2.1826908479372404,true,-10.590000376396432,-6.1148180688167075,true,true,10.000020000021332
unitbox_c_20_40_1_25.jl,8,2.4494897594071485,true,-10.590000376396432,-7.700000000000001,true,true,2.550000000002131
unitbox_c_20_40_1_25.jl,8,3.7579618052757805e-8,true,-10.590000376396432,-10.59,true,true,2.159999999999576
unitbox_c_20_40_1_25.jl,8,2.828427148800166,true,-10.590000376396432,-5.66,true,true,3.6900000000095994
unitbox_c_20_40_1_25.jl,8,1.850612974586872,true,-10.590000376396432,-7.8617908965879275,true,true,10.000020000021332
unitbox_c_20_40_1_25.jl,8,3.464101642447973,true,-10.590000376396432,-2.0300000000000002,false,true,2.550000000002131
unitbox_c_20_40_1_25.jl,8,2.1524994499217955,false,-10.590000376396432,-6.1117217077736665,false,true,10.000020000021332
unitbox_c_20_40_1_25.jl,8,1.0982661481096911,false,-10.590000376396432,-9.672502597221182,true,true,10.000020000021332
unitbox_c_20_40_1_25.jl,8,1.7428548808130329,false,-10.590000376396432,-8.051559904923288,true,true,10.000020000021332
unitbox_c_20_40_1_25.jl,8,1.4322715071928953,false,-10.590000376396432,-8.769878250259092,true,true,10.000020000021332
unitbox_c_20_40_1_25.jl,8,3.464101645000731,true,-10.590000376396432,-5.33,true,true,6.239999999993146
unitbox_c_20_40_1_25.jl,8,2.3026671516268533,true,-10.590000376396432,-6.2510774253290915,false,true,10.000020000021332
unitbox_c_20_40_1_25.jl,8,3.7579618052757805e-8,false,-10.590000376396432,-10.59,true,true,4.08000000001097
unitbox_c_20_40_1_25.jl,8,2.449489764420591,true,-10.590000376396432,-4.14,true,true,5.489999999999335
unitbox_c_20_40_1_25.jl,8,3.7579618052757805e-8,true,-10.590000376396432,-10.59,true,true,4.680000000006019
unitbox_c_20_40_1_25.jl,8,0.8643780834167866,false,-10.590000376396432,-9.772919754095735,true,true,10.000020000021332
unitbox_c_20_40_1_25.jl,8,0.17828098034334944,true,-10.590000376396432,-10.472334557074035,true,true,10.000020000021332
unitbox_c_20_40_1_25.jl,8,2.783050370658478,false,-10.590000376396432,-5.9239288172259625,true,true,10.000020000021332
unitbox_c_20_40_1_25.jl,8,2.125261259832714,true,-10.590000376396432,-6.679342667756686,true,true,2.099999999999183
unitbox_c_20_40_1_25.jl,8,2.381471213578061,true,-10.590000376396432,-7.060703173549386,false,true,1.379999999999055
unitbox_c_20_40_1_25.jl,16,3.7579618052757805e-8,true,-10.590000376396432,-10.59,true,false,2.1899999999997726
unitbox_c_20_40_1_25.jl,16,3.7579618052757805e-8,true,-10.590000376396432,-10.59,true,true,4.230000000009732
unitbox_c_20_40_1_25.jl,16,3.7579618052757805e-8,true,-10.590000376396432,-10.59,true,true,7.529999999982501
unitbox_c_20_40_1_25.jl,16,2.236067991928684,true,-10.590000376396432,-7.880000000000001,true,true,5.42999999999983
unitbox_c_20_40_1_25.jl,16,3.162277684351594,true,-10.590000376396432,-6.47,true,true,2.0699999999989864
unitbox_c_20_40_1_25.jl,16,2.236067991928684,true,-10.590000376396432,-7.880000000000001,true,true,6.209999999993394
unitbox_c_20_40_1_25.jl,16,3.7579618052757805e-8,true,-10.590000376396432,-10.59,true,true,3.660000000009403
unitbox_c_20_40_1_25.jl,16,2.6295155238437085,false,-10.590000376396432,-6.820937998843025,true,true,10.000020000021332
unitbox_c_20_40_1_25.jl,16,3.7579618052757805e-8,true,-10.590000376396432,-10.59,true,true,5.609999999998345
unitbox_c_20_40_1_25.jl,16,2.236067995943757,true,-10.590000376396432,-6.62,true,true,2.610000000002524
unitbox_c_20_40_1_25.jl,16,3.162277684351594,true,-10.590000376396432,-6.47,true,true,3.6900000000095994
unitbox_c_20_40_1_25.jl,16,2.578480621868494,true,-10.590000376396432,-6.777253294692775,true,true,10.000020000021332
unitbox_c_20_40_1_25.jl,16,3.7579618052757805e-8,true,-10.590000376396432,-10.59,true,true,3.270000000006848
unitbox_c_20_40_1_25.jl,16,1.7320508221325557,true,-10.590000376396432,-9.19,true,true,4.740000000005524
unitbox_c_20_40_1_25.jl,16,3.7579618052757805e-8,true,-10.590000376396432,-10.59,true,true,3.2400000000066513
unitbox_c_20_40_1_25.jl,16,2.645751329905117,true,-10.590000376396432,-6.56,true,true,2.7000000000031137
unitbox_c_20_40_1_25.jl,16,3.7579618052757805e-8,true,-10.590000376396432,-10.59,true,true,5.999999999995127
unitbox_c_20_40_1_25.jl,16,2.6280897506429794,false,-10.590000376396432,-6.820728907668105,true,true,10.000020000021332
unitbox_c_20_40_1_25.jl,16,3.7579618052757805e-8,true,-10.590000376396432,-10.59,true,true,4.20000000000998
unitbox_c_20_40_1_25.jl,16,2.236067991928684,true,-10.590000376396432,-7.880000000000001,true,true,5.040000000003048
unitbox_c_20_40_1_25.jl,16,3.7579618052757805e-8,true,-10.590000376396432,-10.59,true,true,6.539999999990671
unitbox_c_20_40_1_25.jl,32,1.7320508221325557,true,-10.590000376396432,-9.19,true,false,3.3600000000074375
unitbox_c_20_40_1_25.jl,32,3.7579618052757805e-8,true,-10.590000376396432,-10.59,true,true,4.830000000004781
unitbox_c_20_40_1_25.jl,32,3.7579618052757805e-8,true,-10.590000376396432,-10.59,true,true,4.860000000004534
unitbox_c_20_40_1_25.jl,32,1.7320508221325557,true,-10.590000376396432,-9.19,true,true,2.3400000000007553
unitbox_c_20_40_1_25.jl,32,3.7579618052757805e-8,true,-10.590000376396432,-10.59,true,true,2.940000000004686
unitbox_c_20_40_1_25.jl,32,1.7320508221325557,true,-10.590000376396432,-9.19,true,true,1.5899999999988765
unitbox_c_20_40_1_25.jl,32,3.162277684351594,true,-10.590000376396432,-6.47,true,true,4.830000000004781
unitbox_c_20_40_1_25.jl,32,3.7579618052757805e-8,true,-10.590000376396432,-10.59,true,true,1.7699999999987235
unitbox_c_20_40_1_25.jl,32,3.7579618052757805e-8,true,-10.590000376396432,-10.59,true,true,3.900000000010975
unitbox_c_20_40_1_25.jl,32,1.7320508221325557,true,-10.590000376396432,-9.19,true,true,6.269999999992899
unitbox_c_20_40_1_25.jl,32,2.4494897628980064,true,-10.590000376396432,-7.160000000000001,true,true,4.020000000011465
unitbox_c_20_40_1_25.jl,32,3.162277684351594,true,-10.590000376396432,-6.47,true,true,8.009999999978836
unitbox_c_20_40_1_25.jl,32,3.7579618052757805e-8,true,-10.590000376396432,-10.59,true,true,4.410000000008247
unitbox_c_20_40_1_25.jl,32,2.4494897628980064,true,-10.590000376396432,-7.160000000000001,true,true,3.2400000000066513
unitbox_c_20_40_1_25.jl,32,3.7579618052757805e-8,true,-10.590000376396432,-10.59,true,true,5.579999999998592
unitbox_c_20_40_1_25.jl,32,3.162277684351594,true,-10.590000376396432,-6.47,true,true,6.569999999990423
unitbox_c_20_40_1_25.jl,32,3.7579618052757805e-8,true,-10.590000376396432,-10.59,true,true,3.000000000005079
unitbox_c_20_40_1_25.jl,32,2.236067995943757,true,-10.590000376396432,-6.62,true,true,8.69999999999357
unitbox_c_20_40_1_25.jl,32,3.0884429431175167,true,-10.590000376396432,-6.440719290663827,true,true,10.000020000021332
unitbox_c_20_40_1_25.jl,32,1.7320508221325557,true,-10.590000376396432,-9.19,true,true,5.370000000000325
unitbox_c_20_40_1_25.jl,32,1.7320508221325557,true,-10.590000376396432,-9.19,true,true,4.350000000008742
unitbox_c_20_40_1_50.jl,0,2.600497112595777,true,-21.086229218073925,-21.97,true,false,2.219999999999969
unitbox_c_20_40_1_50.jl,0,2.600497112595777,true,-21.086229218073925,-21.97,true,true,1.0799999999993102
unitbox_c_20_40_1_50.jl,0,2.5353919239611677,true,-21.086229218073925,-21.938696141571413,true,true,10.000020000021332
unitbox_c_20_40_1_50.jl,0,2.600497112595777,true,-21.086229218073925,-21.97,true,true,1.8299999999986725
unitbox_c_20_40_1_50.jl,0,2.600497112595777,true,-21.086229218073925,-21.97,true,true,1.8899999999986214
unitbox_c_20_40_1_50.jl,0,1.0621845671931096,true,-21.086229218073925,-20.666061242522918,true,true,10.000020000021332
unitbox_c_20_40_1_50.jl,0,2.600497112595777,true,-21.086229218073925,-21.97,true,true,3.4800000000082236
unitbox_c_20_40_1_50.jl,0,1.819975839488414,true,-21.086229218073925,-20.942586053732985,true,true,0.8999999999994632
unitbox_c_20_40_1_50.jl,0,2.2327375313752214,false,-21.086229218073925,-21.381667812677133,true,true,10.000020000021332
unitbox_c_20_40_1_50.jl,0,0.03082619966818885,false,-21.086229218073925,-21.041530761962694,true,true,10.000020000021332
unitbox_c_20_40_1_50.jl,0,2.600497112595777,true,-21.086229218073925,-21.97,true,true,0.9599999999994122
unitbox_c_20_40_1_50.jl,0,2.0759626469295434,false,-21.086229218073925,-21.325874182802025,false,true,10.000020000021332
unitbox_c_20_40_1_50.jl,0,1.7579616130936697,true,-21.086229218073925,-20.95290188321849,true,true,1.619999999998851
unitbox_c_20_40_1_50.jl,0,2.0590680901538523,true,-21.086229218073925,-21.315142618700598,true,true,6.989999999986957
unitbox_c_20_40_1_50.jl,0,1.824202763096246,true,-21.086229218073925,-20.94290599512431,true,true,1.799999999998698
unitbox_c_20_40_1_50.jl,0,0.047107047661400114,false,-21.086229218073925,-21.017923532372528,true,true,10.000020000021332
unitbox_c_20_40_1_50.jl,0,2.600497112595777,true,-21.086229218073925,-21.97,true,true,7.049999999986462
unitbox_c_20_40_1_50.jl,0,2.600497112595777,true,-21.086229218073925,-21.97,true,true,1.979999999998545
unitbox_c_20_40_1_50.jl,0,1.7476126074089418,true,-21.086229218073925,-20.95562240629573,true,true,4.980000000003543
unitbox_c_20_40_1_50.jl,0,1.7470211044761397,true,-21.086229218073925,-20.95580179515642,true,true,1.319999999999106
unitbox_c_20_40_1_50.jl,0,1.7780855863634144,true,-21.086229218073925,-20.948851229142953,true,true,1.1099999999992847
unitbox_c_20_40_1_50.jl,8,1.9635268605136196,false,-21.086229218073925,-21.345357086473197,false,false,10.000020000021332
unitbox_c_20_40_1_50.jl,8,1.891041678354838,false,-21.086229218073925,-19.82098169985927,true,true,10.000020000021332
unitbox_c_20_40_1_50.jl,8,1.6621026352614185,true,-21.086229218073925,-19.180000000000003,false,true,1.8299999999986725
unitbox_c_20_40_1_50.jl,8,2.56008167711372,false,-21.086229218073925,-21.95123628078827,true,true,10.000020000021332
unitbox_c_20_40_1_50.jl,8,2.8769235713699275,false,-21.086229218073925,-19.582020372857738,true,true,10.000020000021332
unitbox_c_20_40_1_50.jl,8,1.3032110184206525,false,-21.086229218073925,-18.722480426092957,true,true,10.000020000021332
unitbox_c_20_40_1_50.jl,8,2.8107072351684836,false,-21.086229218073925,-19.811292173282435,true,true,10.000020000021332
unitbox_c_20_40_1_50.jl,8,2.718504030065309,false,-21.086229218073925,-21.13431549240698,false,true,10.000020000021332
unitbox_c_20_40_1_50.jl,8,2.1934619785655567,false,-21.086229218073925,-20.690278474592954,true,true,10.000020000021332
unitbox_c_20_40_1_50.jl,8,2.420198219778813,false,-21.086229218073925,-19.39966991348705,true,true,10.000020000021332
unitbox_c_20_40_1_50.jl,8,1.0079993734486103,true,-21.086229218073925,-20.310000000000002,false,true,4.590000000006762
unitbox_c_20_40_1_50.jl,8,2.052538541930736,false,-21.086229218073925,-20.24361183798226,true,true,10.000020000021332
unitbox_c_20_40_1_50.jl,8,2.2200900822066933,false,-21.086229218073925,-20.923387794980734,false,true,10.000020000021332
unitbox_c_20_40_1_50.jl,8,2.624080840518799,false,-21.086229218073925,-16.7169390180912,true,true,10.000020000021332
unitbox_c_20_40_1_50.jl,8,1.0079993716809006,true,-21.086229218073925,-20.25,true,true,0.8999999999994632
unitbox_c_20_40_1_50.jl,8,2.7861416427310712,true,-21.086229218073925,-18.7,false,true,1.739999999998749
unitbox_c_20_40_1_50.jl,8,2.600497112595777,true,-21.086229218073925,-21.97,true,true,1.7699999999987235
unitbox_c_20_40_1_50.jl,8,1.9766778122738884,false,-21.086229218073925,-18.907502898652744,false,true,10.000020000021332
unitbox_c_20_40_1_50.jl,8,2.7861416422653518,true,-21.086229218073925,-20.930000000000003,true,true,1.7699999999987235
unitbox_c_20_40_1_50.jl,8,3.2806379420010687,true,-21.086229218073925,-15.37,true,true,1.979999999998545
unitbox_c_20_40_1_50.jl,8,2.194602582360183,false,-21.086229218073925,-20.459987079691917,false,true,10.000020000021332
unitbox_c_20_40_1_50.jl,16,1.060110666563329,true,-21.086229218073925,-20.666495185032804,false,false,10.000020000021332
unitbox_c_20_40_1_50.jl,16,2.600497112595777,true,-21.086229218073925,-21.97,true,true,3.210000000006455
unitbox_c_20_40_1_50.jl,16,2.600497112595777,true,-21.086229218073925,-21.97,true,true,3.780000000010189
unitbox_c_20_40_1_50.jl,16,2.600497112595777,true,-21.086229218073925,-21.97,true,true,2.280000000000362
unitbox_c_20_40_1_50.jl,16,2.134667898314736,false,-21.086229218073925,-21.317235622271856,false,true,10.000020000021332
unitbox_c_20_40_1_50.jl,16,2.194333962731922,false,-21.086229218073925,-21.308983963750986,true,true,10.000020000021332
unitbox_c_20_40_1_50.jl,16,2.600497112595777,true,-21.086229218073925,-21.97,true,true,1.799999999998698
unitbox_c_20_40_1_50.jl,16,2.2733029595368883,false,-21.086229218073925,-21.47773956582507,false,true,10.000020000021332
unitbox_c_20_40_1_50.jl,16,2.600497112595777,true,-21.086229218073925,-21.97,true,true,1.919999999998596
unitbox_c_20_40_1_50.jl,16,2.600497112595777,true,-21.086229218073925,-21.97,true,true,6.269999999992899
unitbox_c_20_40_1_50.jl,16,2.600497112595777,true,-21.086229218073925,-21.97,true,true,4.20000000000998
unitbox_c_20_40_1_50.jl,16,2.600497112595777,true,-21.086229218073925,-21.97,true,true,1.799999999998698
unitbox_c_20_40_1_50.jl,16,2.600497112595777,true,-21.086229218073925,-21.97,true,true,2.1299999999993795
unitbox_c_20_40_1_50.jl,16,2.600497112595777,true,-21.086229218073925,-21.97,true,true,3.0300000000052756
unitbox_c_20_40_1_50.jl,16,0.012775070906571541,false,-21.086229218073925,-21.06742247842983,true,true,10.000020000021332
unitbox_c_20_40_1_50.jl,16,2.600497112595777,true,-21.086229218073925,-21.97,true,true,2.3100000000005587
unitbox_c_20_40_1_50.jl,16,1.7621579941029653,true,-21.086229218073925,-20.951956582307144,true,true,1.3499999999990806
unitbox_c_20_40_1_50.jl,16,0.04344127477402448,false,-21.086229218073925,-21.023238903059227,true,true,10.000020000021332
unitbox_c_20_40_1_50.jl,16,0.032550489825374604,false,-21.086229218073925,-21.039030541234773,true,true,10.000020000021332
unitbox_c_20_40_1_50.jl,16,1.7964502928210535,true,-21.086229218073925,-20.94586283775148,true,true,1.1399999999992592
unitbox_c_20_40_1_50.jl,16,2.600497112595777,true,-21.086229218073925,-21.97,true,true,1.5899999999988765
unitbox_c_20_40_1_50.jl,32,2.187371941048983,false,-21.086229218073925,-21.19593327985295,true,false,10.000020000021332
unitbox_c_20_40_1_50.jl,32,2.555112509340316,true,-21.086229218073925,-21.948787852242358,true,true,10.000020000021332
unitbox_c_20_40_1_50.jl,32,2.1323049944023893,false,-21.086229218073925,-21.31930613345373,false,true,10.000020000021332
unitbox_c_20_40_1_50.jl,32,2.600497112595777,true,-21.086229218073925,-21.97,true,true,2.03999999999879
unitbox_c_20_40_1_50.jl,32,1.0629734071090715,true,-21.086229218073925,-20.665897925808363,true,true,10.000020000021332
unitbox_c_20_40_1_50.jl,32,2.600497112595777,true,-21.086229218073925,-21.97,true,true,5.010000000003296
unitbox_c_20_40_1_50.jl,32,2.600497112595777,true,-21.086229218073925,-21.97,true,true,2.2500000000001656
unitbox_c_20_40_1_50.jl,32,0.04243875843709337,false,-21.086229218073925,-21.147764951215297,false,true,10.000020000021332
unitbox_c_20_40_1_50.jl,32,1.0616944611028354,true,-21.086229218073925,-20.66616318774748,false,true,10.000020000021332
unitbox_c_20_40_1_50.jl,32,1.060172116092542,true,-21.086229218073925,-20.66648222980122,false,true,10.000020000021332
unitbox_c_20_40_1_50.jl,32,2.1585093856100896,true,-21.086229218073925,-21.324719581983842,true,true,10.000020000021332
unitbox_c_20_40_1_50.jl,32,2.0781209685717172,false,-21.086229218073925,-21.323179049011287,true,true,10.000020000021332
unitbox_c_20_40_1_50.jl,32,2.600497112595777,true,-21.086229218073925,-21.97,true,true,3.330000000007241
unitbox_c_20_40_1_50.jl,32,1.7463246651635025,true,-21.086229218073925,-20.9560175552287,true,true,3.6300000000092063
unitbox_c_20_40_1_50.jl,32,0.00011361901584720472,false,-21.086229218073925,-21.0860640039172,true,true,10.000020000021332
unitbox_c_20_40_1_50.jl,32,1.7709709258672903,true,-21.086229218073925,-20.95016085936603,true,true,1.919999999998596
unitbox_c_20_40_1_50.jl,32,0.034683562242071184,false,-21.086229218073925,-21.03593758623056,true,true,10.000020000021332
unitbox_c_20_40_1_50.jl,32,2.600497112595777,true,-21.086229218073925,-21.97,true,true,1.859999999998647
unitbox_c_20_40_1_50.jl,32,2.600497112595777,true,-21.086229218073925,-21.97,true,true,8.69999999999357
unitbox_c_20_40_1_50.jl,32,2.600497112595777,true,-21.086229218073925,-21.97,true,true,8.849999999996774
unitbox_c_20_40_1_50.jl,32,2.600497112595777,true,-21.086229218073925,-21.97,true,true,1.3499999999990806
unitbox_c_20_40_2_100.jl,0,4.003192658802122e-8,true,-30.510000817006492,-30.510000000000012,true,false,0.9299999999994377
unitbox_c_20_40_2_100.jl,0,0.22034463229920576,true,-30.510000817006492,-30.483895223556708,true,true,1.0799999999993102
unitbox_c_20_40_2_100.jl,0,2.0367771415166374,true,-30.510000817006492,-30.50705263564962,true,true,6.239999999993146
unitbox_c_20_40_2_100.jl,0,4.003192658802122e-8,true,-30.510000817006492,-30.510000000000012,true,true,0.8999999999994632
unitbox_c_20_40_2_100.jl,0,4.003192658802122e-8,true,-30.510000817006492,-30.510000000000012,true,true,4.590000000006762
unitbox_c_20_40_2_100.jl,0,1.3851498106848799,true,-30.510000817006492,-28.115191608434845,true,true,2.8500000000040964
unitbox_c_20_40_2_100.jl,0,1.3322981486903613,false,-30.510000817006492,-30.397043625521324,false,true,10.000020000021332
unitbox_c_20_40_2_100.jl,0,2.236067996922502,true,-30.510000817006492,-28.950000000000006,true,true,0.4799999999998203
unitbox_c_20_40_2_100.jl,0,2.036767075256069,true,-30.510000817006492,-30.50704723801765,true,true,3.6300000000092063
unitbox_c_20_40_2_100.jl,0,4.003192658802122e-8,true,-30.510000817006492,-30.510000000000012,true,true,2.0099999999985934
unitbox_c_20_40_2_100.jl,0,4.003192658802122e-8,true,-30.510000817006492,-30.510000000000012,true,true,1.7699999999987235
unitbox_c_20_40_2_100.jl,0,2.0368239518157787,true,-30.510000817006492,-30.50707767730006,true,true,4.08000000001097
unitbox_c_20_40_2_100.jl,0,2.236067996922502,true,-30.510000817006492,-28.950000000000006,true,true,1.559999999998902
unitbox_c_20_40_2_100.jl,0,4.003192658802122e-8,true,-30.510000817006492,-30.510000000000012,true,true,1.379999999999055
unitbox_c_20_40_2_100.jl,0,2.036771270702352,true,-30.510000817006492,-30.507049488200582,true,true,5.519999999999087
unitbox_c_20_40_2_100.jl,0,1.4094007746057884,false,-30.510000817006492,-30.331486861729417,true,true,10.000020000021332
unitbox_c_20_40_2_100.jl,0,2.236067996922502,true,-30.510000817006492,-28.950000000000006,true,true,3.060000000005472
unitbox_c_20_40_2_100.jl,0,2.036672140823497,true,-30.510000817006492,-30.506996113690796,true,true,5.969999999995374
unitbox_c_20_40_2_100.jl,0,1.6107055383291151,true,-30.510000817006492,-28.6691764377652,true,true,7.4699999999829965
unitbox_c_20_40_2_100.jl,0,2.0368044235386606,true,-30.510000817006492,-30.507067242150377,true,true,8.399999999987164
unitbox_c_20_40_2_100.jl,0,2.2422267848942785,true,-30.510000817006492,-28.946918930304893,true,true,1.619999999998851
unitbox_c_20_40_2_100.jl,8,2.2360679977194016,true,-30.510000817006492,-24.85,true,false,0.5099999999997948
unitbox_c_20_40_2_100.jl,8,2.434216359102974,false,-30.510000817006492,-29.14162630989105,false,true,4.950000000003791
unitbox_c_20_40_2_100.jl,8,2.930097068210716,false,-30.510000817006492,-25.23928138840096,true,true,10.000020000021332
unitbox_c_20_40_2_100.jl,8,2.321538599479442,false,-30.510000817006492,-29.419971653282797,false,true,10.000020000021332
unitbox_c_20_40_2_100.jl,8,1.0000000092014534,true,-30.510000817006492,-28.05000000000001,true,true,1.5299999999989276
unitbox_c_20_40_2_100.jl,8,1.4458666270064864,false,-30.510000817006492,-30.129968703733788,true,true,9.240000000005102
unitbox_c_20_40_2_100.jl,8,2.602349955010137,false,-30.510000817006492,-21.576727032944937,true,true,10.000020000021332
unitbox_c_20_40_2_100.jl,8,1.831885181990472,true,-30.510000817006492,-28.905170553317753,false,true,2.7000000000031137
unitbox_c_20_40_2_100.jl,8,2.8284271500420664,true,-30.510000817006492,-23.45,true,true,0.7799999999995653
unitbox_c_20_40_2_100.jl,8,2.012300888293245,true,-30.510000817006492,-27.002462710704776,false,true,1.5299999999989276
unitbox_c_20_40_2_100.jl,8,2.051500652665439,true,-30.510000817006492,-28.626085515610594,true,true,10.000020000021332
unitbox_c_20_40_2_100.jl,8,2.4498314574950273,false,-30.510000817006492,-26.63964250557707,true,true,10.000020000021332
unitbox_c_20_40_2_100.jl,8,2.1888585536869942,false,-30.510000817006492,-26.716987046321943,false,true,10.000020000021332
unitbox_c_20_40_2_100.jl,8,2.236067996922502,true,-30.510000817006492,-28.950000000000006,true,true,1.799999999998698
unitbox_c_20_40_2_100.jl,8,1.4142135746855056,true,-30.510000817006492,-27.85,true,true,1.5299999999989276
unitbox_c_20_40_2_100.jl,8,2.1532854673290496,false,-30.510000817006492,-29.33902185277135,false,true,10.000020000021332
unitbox_c_20_40_2_100.jl,8,2.646479348348975,false,-30.510000817006492,-25.90345463946408,false,true,6.3299999999924035
unitbox_c_20_40_2_100.jl,8,2.000093495915295,true,-30.510000817006492,-30.381549126431715,false,true,2.8500000000040964
unitbox_c_20_40_2_100.jl,8,2.7163827672553373,true,-30.510000817006492,-23.885207524177783,true,true,3.780000000010189
unitbox_c_20_40_2_100.jl,8,2.5812408717317914,false,-30.510000817006492,-24.20202472133801,true,true,10.000020000021332
unitbox_c_20_40_2_100.jl,8,2.30500139528844,false,-30.510000817006492,-25.41296418968896,true,true,10.000020000021332
unitbox_c_20_40_2_100.jl,16,1.3367361415026733,false,-30.510000817006492,-30.39265543104096,false,false,10.000020000021332
unitbox_c_20_40_2_100.jl,16,4.003192658802122e-8,true,-30.510000817006492,-30.510000000000012,true,true,3.2400000000066513
unitbox_c_20_40_2_100.jl,16,4.003192658802122e-8,true,-30.510000817006492,-30.510000000000012,true,true,0.4199999999998713
unitbox_c_20_40_2_100.jl,16,4.003192658802122e-8,true,-30.510000817006492,-30.510000000000012,true,true,0.5699999999997438
unitbox_c_20_40_2_100.jl,16,2.236067996922502,true,-30.510000817006492,-28.950000000000006,true,true,0.6299999999996928
unitbox_c_20_40_2_100.jl,16,4.003192658802122e-8,true,-30.510000817006492,-30.510000000000012,true,true,2.099999999999183
unitbox_c_20_40_2_100.jl,16,4.003192658802122e-8,true,-30.510000817006492,-30.510000000000012,true,true,4.020000000011465
unitbox_c_20_40_2_100.jl,16,2.036193670868688,false,-30.510000817006492,-30.506732357771035,true,true,5.1900000000018105
unitbox_c_20_40_2_100.jl,16,4.003192658802122e-8,true,-30.510000817006492,-30.510000000000012,true,true,5.040000000003048
unitbox_c_20_40_2_100.jl,16,2.6062942581968076,false,-30.510000817006492,-26.51149101893518,false,true,10.000020000021332
unitbox_c_20_40_2_100.jl,16,2.236067996922502,true,-30.510000817006492,-28.950000000000006,true,true,1.0799999999993102
unitbox_c_20_40_2_100.jl,16,4.003192658802122e-8,true,-30.510000817006492,-30.510000000000012,true,true,1.4699999999989786
unitbox_c_20_40_2_100.jl,16,2.0360539662769157,false,-30.510000817006492,-30.506653410618906,true,true,5.699999999997602
unitbox_c_20_40_2_100.jl,16,2.0363486729901394,false,-30.510000817006492,-30.506818921509907,true,true,5.42999999999983
unitbox_c_20_40_2_100.jl,16,0.20346705624189332,true,-30.510000817006492,-30.484624160562735,true,true,1.1399999999992592
unitbox_c_20_40_2_100.jl,16,2.037633029089271,false,-30.510000817006492,-30.507495455852766,false,true,4.260000000009485
unitbox_c_20_40_2_100.jl,16,2.236067996922502,true,-30.510000817006492,-28.950000000000006,true,true,1.499999999998953
unitbox_c_20_40_2_100.jl,16,4.003192658802122e-8,true,-30.510000817006492,-30.510000000000012,true,true,2.159999999999576
unitbox_c_20_40_2_100.jl,16,2.236067996922502,true,-30.510000817006492,-28.950000000000006,true,true,2.3100000000005587
unitbox_c_20_40_2_100.jl,16,4.003192658802122e-8,true,-30.510000817006492,-30.510000000000012,true,true,2.280000000000362
unitbox_c_20_40_2_100.jl,16,4.003192658802122e-8,true,-30.510000817006492,-30.510000000000012,true,true,1.739999999998749
unitbox_c_20_40_2_100.jl,32,1.334209299308239,false,-30.510000817006492,-30.395355496903182,false,false,10.000020000021332
unitbox_c_20_40_2_100.jl,32,2.0368144690594625,true,-30.510000817006492,-30.50707261217633,true,true,4.410000000008247
unitbox_c_20_40_2_100.jl,32,2.0368309458734024,true,-30.510000817006492,-30.507081410579953,true,true,6.65999999998968
unitbox_c_20_40_2_100.jl,32,4.003192658802122e-8,true,-30.510000817006492,-30.510000000000012,true,true,1.7699999999987235
unitbox_c_20_40_2_100.jl,32,1.3935503705586705,true,-30.510000817006492,-28.114777051033744,true,true,3.0900000000056687
unitbox_c_20_40_2_100.jl,32,2.0367765747261632,true,-30.510000817006492,-30.50705233184917,true,true,3.6000000000090098
unitbox_c_20_40_2_100.jl,32,1.334570087157051,false,-30.510000817006492,-30.395088238020353,false,true,10.000020000021332
unitbox_c_20_40_2_100.jl,32,2.036860798728547,true,-30.510000817006492,-30.507097321275236,true,true,4.08000000001097
unitbox_c_20_40_2_100.jl,32,4.003192658802122e-8,true,-30.510000817006492,-30.510000000000012,true,true,0.8099999999995398
unitbox_c_20_40_2_100.jl,32,2.236067996922502,true,-30.510000817006492,-28.950000000000006,true,true,1.739999999998749
unitbox_c_20_40_2_100.jl,32,1.3452596867119861,false,-30.510000817006492,-30.385265763485585,false,true,10.000020000021332
unitbox_c_20_40_2_100.jl,32,2.036813101422493,true,-30.510000817006492,-30.507071881340345,true,true,5.66999999999785
unitbox_c_20_40_2_100.jl,32,1.3931842329475006,true,-30.510000817006492,-28.114792219373232,true,true,3.660000000009403
unitbox_c_20_40_2_100.jl,32,1.39302750191371,true,-30.510000817006492,-28.11480831566004,true,true,2.280000000000362
unitbox_c_20_40_2_100.jl,32,2.0367759439550706,true,-30.510000817006492,-30.507051993738415,true,true,6.839999999988195
unitbox_c_20_40_2_100.jl,32,2.236067996922502,true,-30.510000817006492,-28.950000000000006,true,true,0.7199999999996163
unitbox_c_20_40_2_100.jl,32,4.003192658802122e-8,true,-30.510000817006492,-30.510000000000012,true,true,4.740000000005524
unitbox_c_20_40_2_100.jl,32,4.003192658802122e-8,true,-30.510000817006492,-30.510000000000012,true,true,0.5399999999997693
unitbox_c_20_40_2_100.jl,32,2.036655998558131,true,-30.510000817006492,-30.506987381169264,true,true,3.9900000000115647
unitbox_c_20_40_2_100.jl,32,4.003192658802122e-8,true,-30.510000817006492,-30.510000000000012,true,true,1.2599999999991571
unitbox_c_20_40_2_100.jl,32,2.0367038949426193,true,-30.510000817006492,-30.507013258221033,true,true,6.119999999994136
unitbox_c_20_40_2_25.jl,0,1.3720210747493768,false,-10.82542478589562,-10.142826448963628,false,false,10.000020000021332
unitbox_c_20_40_2_25.jl,0,2.7018175440820613,true,-10.82542478589562,-7.863891712974428,true,true,10.000020000021332
unitbox_c_20_40_2_25.jl,0,2.7300111959669686,true,-10.82542478589562,-7.854676611829004,true,true,10.000020000021332
unitbox_c_20_40_2_25.jl,0,2.3625109667809796,false,-10.82542478589562,-9.26026360041455,true,true,10.000020000021332
unitbox_c_20_40_2_25.jl,0,1.6213872536419387,false,-10.82542478589562,-9.21373248392614,false,true,10.000020000021332
unitbox_c_20_40_2_25.jl,0,2.01308076073297,true,-10.82542478589562,-8.683431776638294,false,true,10.000020000021332
unitbox_c_20_40_2_25.jl,0,2.4887513206277356,true,-10.82542478589562,-9.273126566241249,false,true,10.000020000021332
unitbox_c_20_40_2_25.jl,0,0.08651195229063417,false,-10.82542478589562,-10.844756421690402,false,true,10.000020000021332
unitbox_c_20_40_2_25.jl,0,0.12469084926732915,false,-10.82542478589562,-10.769111156318019,true,true,10.000020000021332
unitbox_c_20_40_2_25.jl,0,1.8132438042364867,true,-10.82542478589562,-8.74983593429035,true,true,4.890000000004286
unitbox_c_20_40_2_25.jl,0,2.3365063520830236,false,-10.82542478589562,-8.954646147349905,true,true,10.000020000021332
unitbox_c_20_40_2_25.jl,0,2.3439118805748533,false,-10.82542478589562,-9.30628040057779,false,true,10.000020000021332
unitbox_c_20_40_2_25.jl,0,2.3516648916379927,false,-10.82542478589562,-9.287445320939568,false,true,10.000020000021332
unitbox_c_20_40_2_25.jl,0,2.353680770962657,false,-10.82542478589562,-9.282108054636613,false,true,10.000020000021332
unitbox_c_20_40_2_25.jl,0,2.698711162226875,true,-10.82542478589562,-7.865048526757818,true,true,8.21999999998332
unitbox_c_20_40_2_25.jl,0,0.07288995743122659,false,-10.82542478589562,-10.749164084910415,true,true,10.000020000021332
unitbox_c_20_40_2_25.jl,0,2.3711271930549036,false,-10.82542478589562,-9.242285577514892,true,true,10.000020000021332
unitbox_c_20_40_2_25.jl,0,2.27826908205156,false,-10.82542478589562,-7.842384329371452,true,true,10.000020000021332
unitbox_c_20_40_2_25.jl,0,2.209917966656865,false,-10.82542478589562,-9.218938587405965,true,true,10.000020000021332
unitbox_c_20_40_2_25.jl,0,2.357557556158298,false,-10.82542478589562,-9.271688944838665,true,true,10.000020000021332
unitbox_c_20_40_2_25.jl,0,2.4793607547508425,false,-10.82542478589562,-9.308170222212247,false,true,10.000020000021332
unitbox_c_20_40_2_25.jl,8,1.6372654671337346,false,-10.82542478589562,-9.241766710718892,false,false,10.000020000021332
unitbox_c_20_40_2_25.jl,8,2.008415953960631,true,-10.82542478589562,-8.509999999999998,false,true,6.449999999991413
unitbox_c_20_40_2_25.jl,8,2.934467262723109,true,-10.82542478589562,-7.116693085961933,false,true,4.20000000000998
unitbox_c_20_40_2_25.jl,8,3.453853631939379,true,-10.82542478589562,-4.92,true,true,6.479999999991166
unitbox_c_20_40_2_25.jl,8,1.997473299946628,true,-10.82542478589562,-8.385548064312307,true,true,1.6499999999988255
unitbox_c_20_40_2_25.jl,8,2.008415953960631,true,-10.82542478589562,-8.509999999999998,false,true,2.0099999999985934
unitbox_c_20_40_2_25.jl,8,2.7540112373839674,false,-10.82542478589562,-8.251785091308994,false,true,10.000020000021332
unitbox_c_20_40_2_25.jl,8,1.8090432067498916,false,-10.82542478589562,-9.29235330085509,false,true,10.000020000021332
unitbox_c_20_40_2_25.jl,8,2.0077364459649893,false,-10.82542478589562,-8.45751469986591,false,true,10.000020000021332
unitbox_c_20_40_2_25.jl,8,2.4851580737311574,false,-10.82542478589562,-8.069186502885422,false,true,10.000020000021332
unitbox_c_20_40_2_25.jl,8,2.511588538389659,false,-10.82542478589562,-8.627109994940438,false,true,10.000020000021332
unitbox_c_20_40_2_25.jl,8,1.9831358265286123,false,-10.82542478589562,-8.8334929071381,true,true,10.000020000021332
unitbox_c_20_40_2_25.jl,8,1.0224344146618198,false,-10.82542478589562,-9.8650678941219,false,true,10.000020000021332
unitbox_c_20_40_2_25.jl,8,1.8555374358383023,false,-10.82542478589562,-9.4537248339902,false,true,10.000020000021332
unitbox_c_20_40_2_25.jl,8,1.0181896846922072,false,-10.82542478589562,-10.20877057980806,false,true,10.000020000021332
unitbox_c_20_40_2_25.jl,8,1.417825750289822,false,-10.82542478589562,-9.673882942759704,false,true,10.000020000021332
unitbox_c_20_40_2_25.jl,8,0.36750702727625784,false,-10.82542478589562,-10.335203643804636,true,true,10.000020000021332
unitbox_c_20_40_2_25.jl,8,2.604126594141151,false,-10.82542478589562,-8.282730794031327,false,true,10.000020000021332
unitbox_c_20_40_2_25.jl,8,2.282118944240471,true,-10.82542478589562,-7.623298755646193,true,true,3.120000000005865
unitbox_c_20_40_2_25.jl,8,2.38361124979725,false,-10.82542478589562,-8.409930185392238,true,true,10.000020000021332
unitbox_c_20_40_2_25.jl,8,2.318196616811841,true,-10.82542478589562,-8.072260998732238,true,true,10.000020000021332
unitbox_c_20_40_2_25.jl,16,0.031777965297148096,false,-10.82542478589562,-10.7518754852697,true,false,10.000020000021332
unitbox_c_20_40_2_25.jl,16,2.343006417842855,false,-10.82542478589562,-9.30851509862627,false,true,10.000020000021332
unitbox_c_20_40_2_25.jl,16,2.434975323990036,true,-10.82542478589562,-9.02,true,true,1.4699999999989786
unitbox_c_20_40_2_25.jl,16,0.47214938986480387,false,-10.82542478589562,-10.479903634828023,true,true,10.000020000021332
unitbox_c_20_40_2_25.jl,16,2.434975323990036,false,-10.82542478589562,-9.02,true,true,8.15999999998204
unitbox_c_20_40_2_25.jl,16,2.366031459440723,false,-10.82542478589562,-9.253839860856964,true,true,10.000020000021332
unitbox_c_20_40_2_25.jl,16,0.09365471430728248,false,-10.82542478589562,-10.80699880732939,false,true,10.000020000021332
unitbox_c_20_40_2_25.jl,16,2.370833640405573,false,-10.82542478589562,-9.242946345503881,true,true,10.000020000021332
unitbox_c_20_40_2_25.jl,16,0.06214789298322697,false,-10.82542478589562,-10.973216548767962,false,true,10.000020000021332
unitbox_c_20_40_2_25.jl,16,0.0254969852751018,false,-10.82542478589562,-10.77883355728439,true,true,10.000020000021332
unitbox_c_20_40_2_25.jl,16,2.715025447825909,true,-10.82542478589562,-7.859325934839509,true,true,10.000020000021332
unitbox_c_20_40_2_25.jl,16,0.07163678377826523,false,-10.82542478589562,-10.852300161193671,false,true,10.000020000021332
unitbox_c_20_40_2_25.jl,16,1.5403174027049025,false,-10.82542478589562,-9.146855000870401,true,true,10.000020000021332
unitbox_c_20_40_2_25.jl,16,2.471546057456997,false,-10.82542478589562,-9.196322441154187,true,true,10.000020000021332
unitbox_c_20_40_2_25.jl,16,2.434975323990036,false,-10.82542478589562,-9.02,true,true,10.000020000021332
unitbox_c_20_40_2_25.jl,16,2.728488763499144,false,-10.82542478589562,-8.24358562438595,false,true,10.000020000021332
unitbox_c_20_40_2_25.jl,16,2.459527261540403,false,-10.82542478589562,-9.324617171274731,false,true,10.000020000021332
unitbox_c_20_40_2_25.jl,16,0.05102438288852464,false,-10.82542478589562,-10.94351003789318,false,true,10.000020000021332
unitbox_c_20_40_2_25.jl,16,2.3651497521984086,false,-10.82542478589562,-9.25585756090678,true,true,10.000020000021332
unitbox_c_20_40_2_25.jl,16,2.3452219603337876,false,-10.82542478589562,-9.303060391695684,false,true,10.000020000021332
unitbox_c_20_40_2_25.jl,16,0.07808520026238706,false,-10.82542478589562,-10.85265583327573,false,true,10.000020000021332
unitbox_c_20_40_2_25.jl,32,0.035338121117341664,false,-10.82542478589562,-10.816070011643848,true,false,10.000020000021332
unitbox_c_20_40_2_25.jl,32,0.08626895002540404,false,-10.82542478589562,-10.860875926857439,false,true,10.000020000021332
unitbox_c_20_40_2_25.jl,32,2.3708025846223877,false,-10.82542478589562,-9.243016284143572,true,true,10.000020000021332
unitbox_c_20_40_2_25.jl,32,2.434975323990036,false,-10.82542478589562,-9.02,true,true,10.000020000021332
unitbox_c_20_40_2_25.jl,32,1.8005427776796117,true,-10.82542478589562,-8.751710214818388,true,true,6.209999999993394
unitbox_c_20_40_2_25.jl,32,1.5380136579108408,false,-10.82542478589562,-9.142850300520177,true,true,10.000020000021332
unitbox_c_20_40_2_25.jl,32,2.465070838729564,false,-10.82542478589562,-9.27296348319291,false,true,10.000020000021332
unitbox_c_20_40_2_25.jl,32,0.09361492644627012,false,-10.82542478589562,-10.828981362942354,false,true,10.000020000021332
unitbox_c_20_40_2_25.jl,32,0.008655532964807056,false,-10.82542478589562,-10.825391626591497,false,true,10.000020000021332
unitbox_c_20_40_2_25.jl,32,3.417837221712409,true,-10.82542478589562,-5.01,true,true,2.670000000002917
unitbox_c_20_40_2_25.jl,32,0.018111647718065265,false,-10.82542478589562,-10.813535427701591,false,true,10.000020000021332
unitbox_c_20_40_2_25.jl,32,1.5338430781286128,false,-10.82542478589562,-9.134632724307401,true,true,10.000020000021332
unitbox_c_20_40_2_25.jl,32,0.036235814027011155,false,-10.82542478589562,-10.805699354762009,false,true,10.000020000021332
unitbox_c_20_40_2_25.jl,32,0.08429328817601563,false,-10.82542478589562,-10.855078795358274,false,true,10.000020000021332
unitbox_c_20_40_2_25.jl,32,1.8028969853825716,true,-10.82542478589562,-8.751379455937958,true,true,5.969999999995374
unitbox_c_20_40_2_25.jl,32,1.6166170352462996,false,-10.82542478589562,-9.210401038194984,false,true,10.000020000021332
unitbox_c_20_40_2_25.jl,32,2.35937774889973,false,-10.82542478589562,-9.269206624745511,true,true,10.000020000021332
unitbox_c_20_40_2_25.jl,32,1.8031791250837863,true,-10.82542478589562,-8.751335795524259,true,true,6.479999999991166
unitbox_c_20_40_2_25.jl,32,2.1512382246919213,true,-10.82542478589562,-8.467937128438336,true,true,10.000020000021332
unitbox_c_20_40_2_25.jl,32,0.08671365829384023,false,-10.82542478589562,-10.855560873300796,false,true,10.000020000021332
unitbox_c_20_40_2_25.jl,32,0.08194241481590872,false,-10.82542478589562,-10.809930519016394,false,true,10.000020000021332
unitbox_c_20_40_2_50.jl,0,1.4471582782622814,false,-24.264369347488753,-22.65876769645665,false,false,10.000020000021332
unitbox_c_20_40_2_50.jl,0,0.046527255877438896,false,-24.264369347488753,-24.28716347919737,false,true,10.000020000021332
unitbox_c_20_40_2_50.jl,0,0.06170863749964302,false,-24.264369347488753,-24.295786442538898,false,true,10.000020000021332
unitbox_c_20_40_2_50.jl,0,0.021081069522966712,false,-24.264369347488753,-24.26087817910299,true,true,10.000020000021332
unitbox_c_20_40_2_50.jl,0,0.3271831433398915,false,-24.264369347488753,-24.24074699384099,false,true,10.000020000021332
unitbox_c_20_40_2_50.jl,0,1.452949304171173,false,-24.264369347488753,-24.34850111039669,false,true,10.000020000021332
unitbox_c_20_40_2_50.jl,0,0.5986745565136992,false,-24.264369347488753,-24.201665410925298,false,true,10.000020000021332
unitbox_c_20_40_2_50.jl,0,0.07889929663935913,false,-24.264369347488753,-24.227501768350585,true,true,10.000020000021332
unitbox_c_20_40_2_50.jl,0,0.02353491192705573,false,-24.264369347488753,-24.275422096252253,false,true,10.000020000021332
unitbox_c_20_40_2_50.jl,0,0.0644814842476849,false,-24.264369347488753,-24.24264441234265,false,true,10.000020000021332
unitbox_c_20_40_2_50.jl,0,0.06418755425298722,false,-24.264369347488753,-24.234451917446453,false,true,10.000020000021332
unitbox_c_20_40_2_50.jl,0,0.038254151946053444,false,-24.264369347488753,-24.24912557957277,true,true,10.000020000021332
unitbox_c_20_40_2_50.jl,0,0.054363912023520526,false,-24.264369347488753,-24.23644150045365,false,true,10.000020000021332
unitbox_c_20_40_2_50.jl,0,0.06002624023389291,false,-24.264369347488753,-24.23730363242088,true,true,10.000020000021332
unitbox_c_20_40_2_50.jl,0,0.01808469299646996,false,-24.264369347488753,-24.256651311182996,false,true,10.000020000021332
unitbox_c_20_40_2_50.jl,0,1.4945840092644576,false,-24.264369347488753,-22.619392552867378,false,true,10.000020000021332
unitbox_c_20_40_2_50.jl,0,0.10399689991246944,false,-24.264369347488753,-24.317368662484316,false,true,10.000020000021332
unitbox_c_20_40_2_50.jl,0,2.70180321832317,false,-24.264369347488753,-18.61678424055441,false,true,10.000020000021332
unitbox_c_20_40_2_50.jl,0,0.038723691234080364,false,-24.264369347488753,-24.284200617502854,false,true,10.000020000021332
unitbox_c_20_40_2_50.jl,0,0.02186439789311311,false,-24.264369347488753,-24.271586358547015,false,true,10.000020000021332
unitbox_c_20_40_2_50.jl,0,0.021351338915196985,false,-24.264369347488753,-24.272911891943806,false,true,10.000020000021332
unitbox_c_20_40_2_50.jl,8,0.22662076590798827,false,-24.264369347488753,-24.146884933267025,false,false,10.000020000021332
unitbox_c_20_40_2_50.jl,8,1.370205021254775,false,-24.264369347488753,-23.00568553551388,false,true,10.000020000021332
unitbox_c_20_40_2_50.jl,8,0.5854785716533946,false,-24.264369347488753,-23.51865409919672,true,true,10.000020000021332
unitbox_c_20_40_2_50.jl,8,1.8825322449809936,false,-24.264369347488753,-18.522151728667076,true,true,10.000020000021332
unitbox_c_20_40_2_50.jl,8,2.843399187411689,false,-24.264369347488753,-19.783391891215366,false,true,10.000020000021332
unitbox_c_20_40_2_50.jl,8,1.1322789425866537,false,-24.264369347488753,-23.664177007374505,false,true,10.000020000021332
unitbox_c_20_40_2_50.jl,8,2.867322219535485,true,-24.264369347488753,-19.680000000000007,false,true,4.350000000008742
unitbox_c_20_40_2_50.jl,8,1.5637608780341938,false,-24.264369347488753,-21.946047246943333,true,true,10.000020000021332
unitbox_c_20_40_2_50.jl,8,1.51784016049161,false,-24.264369347488753,-23.065206461250074,false,true,10.000020000021332
unitbox_c_20_40_2_50.jl,8,1.9056358541111205,false,-24.264369347488753,-21.669930476953795,false,true,10.000020000021332
unitbox_c_20_40_2_50.jl,8,2.5144150919319035,false,-24.264369347488753,-19.537645794738893,true,true,10.000020000021332
unitbox_c_20_40_2_50.jl,8,1.4444449258801666,false,-24.264369347488753,-22.640923080710614,false,true,10.000020000021332
unitbox_c_20_40_2_50.jl,8,2.8612396662134136,false,-24.264369347488753,-19.63828975457877,false,true,10.000020000021332
unitbox_c_20_40_2_50.jl,8,2.7332558438846366,false,-24.264369347488753,-20.564807889414222,false,true,10.000020000021332
unitbox_c_20_40_2_50.jl,8,1.9362013029616283,false,-24.264369347488753,-21.594945131435313,true,true,10.000020000021332
unitbox_c_20_40_2_50.jl,8,1.538759618226816,false,-24.264369347488753,-21.873894121848704,false,true,10.000020000021332
unitbox_c_20_40_2_50.jl,8,1.880635688342269,false,-24.264369347488753,-22.80836364685665,false,true,10.000020000021332
unitbox_c_20_40_2_50.jl,8,2.207119643646587,false,-24.264369347488753,-19.202155153023835,true,true,10.000020000021332
unitbox_c_20_40_2_50.jl,8,1.5913618492123163,false,-24.264369347488753,-18.497345668987347,true,true,10.000020000021332
unitbox_c_20_40_2_50.jl,8,1.5951409281382973,false,-24.264369347488753,-24.904729368694998,false,true,10.000020000021332
unitbox_c_20_40_2_50.jl,8,0.5086610256677888,false,-24.264369347488753,-24.520000000000003,false,true,10.000020000021332
unitbox_c_20_40_2_50.jl,16,2.5404206560052676,false,-24.264369347488753,-21.135233849032875,true,false,10.000020000021332
unitbox_c_20_40_2_50.jl,16,0.059087665449419444,false,-24.264369347488753,-24.243356236061953,false,true,10.000020000021332
unitbox_c_20_40_2_50.jl,16,0.017982244102904395,false,-24.264369347488753,-24.26884893933476,false,true,10.000020000021332
unitbox_c_20_40_2_50.jl,16,0.0400984026490285,false,-24.264369347488753,-24.283601415802636,false,true,10.000020000021332
unitbox_c_20_40_2_50.jl,16,2.676980931694282,false,-24.264369347488753,-19.66679097182733,false,true,10.000020000021332
unitbox_c_20_40_2_50.jl,16,2.5049058503043398,false,-24.264369347488753,-21.246501298481743,false,true,10.000020000021332
unitbox_c_20_40_2_50.jl,16,1.4245430093584095,false,-24.264369347488753,-24.345053927300185,false,true,10.000020000021332
unitbox_c_20_40_2_50.jl,16,2.533011204169834,false,-24.264369347488753,-21.163360103416828,true,true,10.000020000021332
unitbox_c_20_40_2_50.jl,16,0.024429550338694067,false,-24.264369347488753,-24.25792040101542,true,true,10.000020000021332
unitbox_c_20_40_2_50.jl,16,0.030151267346725467,false,-24.264369347488753,-24.253974191506444,true,true,10.000020000021332
unitbox_c_20_40_2_50.jl,16,0.010871607146907325,false,-24.264369347488753,-24.262091452560988,false,true,10.000020000021332
unitbox_c_20_40_2_50.jl,16,0.06372715918361858,false,-24.264369347488753,-24.235363349030276,true,true,10.000020000021332
unitbox_c_20_40_2_50.jl,16,0.01880242715188395,false,-24.264369347488753,-24.26721630148243,false,true,10.000020000021332
unitbox_c_20_40_2_50.jl,16,1.5052411862037713,false,-24.264369347488753,-22.566912531825455,true,true,10.000020000021332
unitbox_c_20_40_2_50.jl,16,0.018745275193129594,false,-24.264369347488753,-24.267005291600277,false,true,10.000020000021332
unitbox_c_20_40_2_50.jl,16,1.510171721357602,false,-24.264369347488753,-22.552156004958217,true,true,10.000020000021332
unitbox_c_20_40_2_50.jl,16,0.07085668944705742,false,-24.264369347488753,-24.231653609095826,true,true,10.000020000021332
unitbox_c_20_40_2_50.jl,16,1.5103635681825809,false,-24.264369347488753,-22.552116483170682,true,true,10.000020000021332
unitbox_c_20_40_2_50.jl,16,0.051932824389334865,false,-24.264369347488753,-24.256099521663067,false,true,10.000020000021332
unitbox_c_20_40_2_50.jl,16,0.2509066346663997,false,-24.264369347488753,-24.28036545180862,false,true,10.000020000021332
unitbox_c_20_40_2_50.jl,16,2.8084744541948554,false,-24.264369347488753,-18.62660864639785,false,true,10.000020000021332
unitbox_c_20_40_2_50.jl,32,0.04372870862058064,false,-24.264369347488753,-24.24944527262206,false,false,10.000020000021332
unitbox_c_20_40_2_50.jl,32,0.06221100073048436,false,-24.264369347488753,-24.295522307956915,false,true,10.000020000021332
unitbox_c_20_40_2_50.jl,32,0.041028092864253754,false,-24.264369347488753,-24.25750516132097,false,true,10.000020000021332
unitbox_c_20_40_2_50.jl,32,0.002972321761728437,false,-24.264369347488753,-24.26354096281321,true,true,10.000020000021332
unitbox_c_20_40_2_50.jl,32,2.6750390219935962,false,-24.264369347488753,-19.75164325272708,false,true,10.000020000021332
unitbox_c_20_40_2_50.jl,32,0.01603479116074991,false,-24.264369347488753,-24.256672710268187,true,true,10.000020000021332
unitbox_c_20_40_2_50.jl,32,1.488284261914096,false,-24.264369347488753,-22.629552062025414,false,true,10.000020000021332
unitbox_c_20_40_2_50.jl,32,0.9754745829486234,false,-24.264369347488753,-23.996225165857453,false,true,10.000020000021332
unitbox_c_20_40_2_50.jl,32,1.0752962921862617,false,-24.264369347488753,-23.98855823202561,true,true,10.000020000021332
unitbox_c_20_40_2_50.jl,32,0.020692154866487268,false,-24.264369347488753,-24.256431771959264,false,true,10.000020000021332
unitbox_c_20_40_2_50.jl,32,0.20685912625425584,false,-24.264369347488753,-24.198077186933116,false,true,10.000020000021332
unitbox_c_20_40_2_50.jl,32,1.2658640847835458,false,-24.264369347488753,-24.257319156657804,false,true,10.000020000021332
unitbox_c_20_40_2_50.jl,32,2.5419466677557794,false,-24.264369347488753,-21.166975580612462,true,true,10.000020000021332
unitbox_c_20_40_2_50.jl,32,2.4864653267876573,false,-24.264369347488753,-21.433772808966967,false,true,10.000020000021332
unitbox_c_20_40_2_50.jl,32,0.027945729815782652,false,-24.264369347488753,-24.255411078240762,true,true,10.000020000021332
unitbox_c_20_40_2_50.jl,32,0.30828031864089195,false,-24.264369347488753,-24.200177230347393,false,true,10.000020000021332
unitbox_c_20_40_2_50.jl,32,0.01726734286420227,false,-24.264369347488753,-24.25895412248411,true,true,10.000020000021332
unitbox_c_20_40_2_50.jl,32,0.021948661286353564,false,-24.264369347488753,-24.260013039872995,true,true,10.000020000021332
unitbox_c_20_40_2_50.jl,32,0.045316354808194716,false,-24.264369347488753,-24.28650126685734,false,true,10.000020000021332
unitbox_c_20_40_2_50.jl,32,0.025832423403660133,false,-24.264369347488753,-24.251687267393255,false,true,10.000020000021332
unitbox_c_20_40_2_50.jl,32,2.58067245481833,false,-24.264369347488753,-21.045334454907053,true,true,10.000020000021332
unitbox_c_20_40_3_100.jl,0,2.138392523660705,true,-26.271984352145864,-24.626517905434216,true,false,8.069999999980118
unitbox_c_20_40_3_100.jl,0,0.027998436029983313,true,-26.271984352145864,-26.271262497287665,true,true,2.1299999999993795
unitbox_c_20_40_3_100.jl,0,2.2781134681825046,true,-26.271984352145864,-21.017839675442396,true,true,3.6000000000090098
unitbox_c_20_40_3_100.jl,0,2.815728450013871,false,-26.271984352145864,-24.68873316698283,true,true,10.000020000021332
unitbox_c_20_40_3_100.jl,0,3.025762471565409,true,-26.271984352145864,-19.654695136835734,true,true,1.739999999998749
unitbox_c_20_40_3_100.jl,0,1.1206848990069715,false,-26.271984352145864,-25.738695110036893,true,true,10.000020000021332
unitbox_c_20_40_3_100.jl,0,3.0258580328259335,true,-26.271984352145864,-19.65466167373611,true,true,1.499999999998953
unitbox_c_20_40_3_100.jl,0,2.279971349166604,true,-26.271984352145864,-21.01760629879208,true,true,2.2500000000001656
unitbox_c_20_40_3_100.jl,0,2.0692967154439055,true,-26.271984352145864,-23.163516875507238,true,true,2.880000000004293
unitbox_c_20_40_3_100.jl,0,2.0013503802287054,true,-26.271984352145864,-24.43828166735537,true,true,2.6400000000027206
unitbox_c_20_40_3_100.jl,0,1.1850443651155673,false,-26.271984352145864,-25.780000000000005,false,true,10.000020000021332
unitbox_c_20_40_3_100.jl,0,2.138323103698072,true,-26.271984352145864,-24.62655658741094,true,true,8.939999999998696
unitbox_c_20_40_3_100.jl,0,0.028651531736455994,true,-26.271984352145864,-26.271228459289784,true,true,1.7699999999987235
unitbox_c_20_40_3_100.jl,0,0.028878439709686107,true,-26.271984352145864,-26.271216449609902,true,true,2.0699999999989864
unitbox_c_20_40_3_100.jl,0,0.030379505957283597,true,-26.271984352145864,-26.271134613268213,true,true,1.979999999998545
unitbox_c_20_40_3_100.jl,0,1.1486120032192473,false,-26.271984352145864,-25.75570255934307,true,true,10.000020000021332
unitbox_c_20_40_3_100.jl,0,1.1385933097741534,false,-26.271984352145864,-25.749437736661154,true,true,10.000020000021332
unitbox_c_20_40_3_100.jl,0,2.815940275743472,false,-26.271984352145864,-24.689501041652157,true,true,10.000020000021332
unitbox_c_20_40_3_100.jl,0,2.368026381709972,true,-26.271984352145864,-21.658849337094164,true,true,10.000020000021332
unitbox_c_20_40_3_100.jl,0,1.169496639706611,false,-26.271984352145864,-25.769342354742165,false,true,10.000020000021332
unitbox_c_20_40_3_100.jl,0,2.1383342863712436,true,-26.271984352145864,-24.626550358263643,true,true,8.309999999985243
unitbox_c_20_40_3_100.jl,8,1.1850443651155673,true,-26.271984352145864,-25.780000000000005,false,false,0.8399999999995142
unitbox_c_20_40_3_100.jl,8,2.431645944797962,true,-26.271984352145864,-24.03637699349034,true,true,2.0099999999985934
unitbox_c_20_40_3_100.jl,8,0.24857892657636452,false,-26.271984352145864,-26.215135540962187,true,true,3.6300000000092063
unitbox_c_20_40_3_100.jl,8,2.5711454720265796,false,-26.271984352145864,-19.721811581609597,true,true,10.000020000021332
unitbox_c_20_40_3_100.jl,8,2.6257327737790037,true,-26.271984352145864,-21.216833293887127,true,true,2.5800000000023275
unitbox_c_20_40_3_100.jl,8,2.601100714101691,false,-26.271984352145864,-19.861528702191467,true,true,7.919999999979283
unitbox_c_20_40_3_100.jl,8,0.5442002705071741,true,-26.271984352145864,-25.999522096627736,true,true,2.280000000000362
unitbox_c_20_40_3_100.jl,8,2.3270081940932212,true,-26.271984352145864,-22.594435742589287,true,true,4.800000000005029
unitbox_c_20_40_3_100.jl,8,2.3247215360434055,true,-26.271984352145864,-23.819999999999997,false,true,1.319999999999106
unitbox_c_20_40_3_100.jl,8,2.6575730520521597,false,-26.271984352145864,-23.961790661840883,false,true,10.000020000021332
unitbox_c_20_40_3_100.jl,8,0.45951904792031373,false,-26.271984352145864,-25.78517626974255,true,true,5.280000000001068
unitbox_c_20_40_3_100.jl,8,0.13485326403414022,true,-26.271984352145864,-26.255253119942054,true,true,1.6499999999988255
unitbox_c_20_40_3_100.jl,8,0.3641304141679583,true,-26.271984352145864,-26.15,true,true,1.3499999999990806
unitbox_c_20_40_3_100.jl,8,0.635869585832045,true,-26.271984352145864,-25.9,true,true,1.1999999999992081
unitbox_c_20_40_3_100.jl,8,2.8990222960573817,true,-26.271984352145864,-24.410000000000004,false,true,2.0099999999985934
unitbox_c_20_40_3_100.jl,8,2.487095307647201,false,-26.271984352145864,-21.40284033452201,false,true,10.000020000021332
unitbox_c_20_40_3_100.jl,8,2.4037897414170484,false,-26.271984352145864,-24.222314348472693,false,true,10.000020000021332
unitbox_c_20_40_3_100.jl,8,2.098649614042059,true,-26.271984352145864,-21.650000000000002,false,true,1.5299999999989276
unitbox_c_20_40_3_100.jl,8,2.5306778220943875,true,-26.271984352145864,-23.350000000000005,true,true,1.1999999999992081
unitbox_c_20_40_3_100.jl,8,2.35481991151279,true,-26.271984352145864,-21.792910360285838,true,true,2.099999999999183
unitbox_c_20_40_3_100.jl,8,2.3260454479500097,false,-26.271984352145864,-22.675521687278113,true,true,10.000020000021332
unitbox_c_20_40_3_100.jl,16,2.138451466776634,true,-26.271984352145864,-24.62648503781371,true,false,9.18000000000382
unitbox_c_20_40_3_100.jl,16,2.4878951613358007,false,-26.271984352145864,-22.775103436348576,false,true,10.000020000021332
unitbox_c_20_40_3_100.jl,16,1.1323492851888635,false,-26.271984352145864,-25.745625489953778,true,true,10.000020000021332
unitbox_c_20_40_3_100.jl,16,1.1850443651155673,false,-26.271984352145864,-25.780000000000005,false,true,10.000020000021332
unitbox_c_20_40_3_100.jl,16,2.0696585488293078,true,-26.271984352145864,-23.16360364621971,true,true,2.6400000000027206
unitbox_c_20_40_3_100.jl,16,0.027094732478737105,true,-26.271984352145864,-26.271308302114058,true,true,2.0699999999989864
unitbox_c_20_40_3_100.jl,16,3.0259552192143815,true,-26.271984352145864,-19.654626692394565,true,true,1.919999999998596
unitbox_c_20_40_3_100.jl,16,2.00206554772868,true,-26.271984352145864,-24.43719242110423,true,true,10.000020000021332
unitbox_c_20_40_3_100.jl,16,0.027765486975471224,true,-26.271984352145864,-26.271274446113374,true,true,3.4200000000078306
unitbox_c_20_40_3_100.jl,16,1.1821665183250647,false,-26.271984352145864,-25.777995152778217,false,true,10.000020000021332
unitbox_c_20_40_3_100.jl,16,0.026079947403125525,true,-26.271984352145864,-26.271357946077387,true,true,1.979999999998545
unitbox_c_20_40_3_100.jl,16,1.1777379783797814,false,-26.271984352145864,-25.774938486484086,false,true,10.000020000021332
unitbox_c_20_40_3_100.jl,16,0.031248880706137617,true,-26.271984352145864,-26.271085323695726,true,true,1.739999999998749
unitbox_c_20_40_3_100.jl,16,1.182523885535121,false,-26.271984352145864,-25.778243320419985,false,true,10.000020000021332
unitbox_c_20_40_3_100.jl,16,2.138875408068595,false,-26.271984352145864,-24.62624800911122,true,true,9.63000000001343
unitbox_c_20_40_3_100.jl,16,2.537492106498957,false,-26.271984352145864,-22.947786992827307,false,true,10.000020000021332
unitbox_c_20_40_3_100.jl,16,0.029760708574518086,true,-26.271984352145864,-26.271168852988158,true,true,1.979999999998545
unitbox_c_20_40_3_100.jl,16,0.03136224907678632,true,-26.271984352145864,-26.271078793427996,true,true,2.0699999999989864
unitbox_c_20_40_3_100.jl,16,2.0010509492024795,true,-26.271984352145864,-24.438566722366108,true,true,3.1500000000060617
unitbox_c_20_40_3_100.jl,16,0.026969393813120093,true,-26.271984352145864,-26.27131453428276,true,true,2.6400000000027206
unitbox_c_20_40_3_100.jl,16,1.1850443651155673,false,-26.271984352145864,-25.780000000000005,false,true,10.000020000021332
unitbox_c_20_40_3_100.jl,32,2.0013256104467176,true,-26.271984352145864,-24.438315567635197,true,false,2.9100000000044894
unitbox_c_20_40_3_100.jl,32,2.0691716757114573,true,-26.271984352145864,-23.16348598974719,true,true,1.5299999999989276
unitbox_c_20_40_3_100.jl,32,2.085468003251749,true,-26.271984352145864,-23.163985007183175,true,true,2.7000000000031137
unitbox_c_20_40_3_100.jl,32,0.031567557835001495,true,-26.271984352145864,-26.27106690460373,true,true,2.7300000000033102
unitbox_c_20_40_3_100.jl,32,2.001391752439752,true,-26.271984352145864,-24.438229317360673,true,true,2.370000000000952
unitbox_c_20_40_3_100.jl,32,1.1217196876218185,false,-26.271984352145864,-25.739299808861098,true,true,10.000020000021332
unitbox_c_20_40_3_100.jl,32,1.1511784378050218,false,-26.271984352145864,-25.757336568495745,true,true,10.000020000021332
unitbox_c_20_40_3_100.jl,32,2.5280020837608945,false,-26.271984352145864,-22.90573097717655,true,true,10.000020000021332
unitbox_c_20_40_3_100.jl,32,2.83997721447834,false,-26.271984352145864,-24.772327617061233,true,true,10.000020000021332
unitbox_c_20_40_3_100.jl,32,1.1850443651155673,false,-26.271984352145864,-25.780000000000005,false,true,10.000020000021332
unitbox_c_20_40_3_100.jl,32,2.548890230415957,false,-26.271984352145864,-23.735131887859435,false,true,10.000020000021332
unitbox_c_20_40_3_100.jl,32,2.823528331898809,false,-26.271984352145864,-24.716534476832006,true,true,10.000020000021332
unitbox_c_20_40_3_100.jl,32,0.02872619408611062,true,-26.271984352145864,-26.271224518053252,true,true,2.1299999999993795
unitbox_c_20_40_3_100.jl,32,2.0013801837259586,true,-26.271984352145864,-24.438253866344574,true,true,3.4200000000078306
unitbox_c_20_40_3_100.jl,32,0.03097177687761398,true,-26.271984352145864,-26.271101183591462,true,true,4.020000000011465
unitbox_c_20_40_3_100.jl,32,0.031222050199399953,true,-26.271984352145864,-26.27108686336273,true,true,2.430000000001345
unitbox_c_20_40_3_100.jl,32,0.00044061262966910207,true,-26.271984352145864,-26.271983517027135,true,true,1.379999999999055
unitbox_c_20_40_3_100.jl,32,0.031224421309000838,true,-26.271984352145864,-26.271086727140606,true,true,0.9599999999994122
unitbox_c_20_40_3_100.jl,32,1.8483992095823345,true,-26.271984352145864,-23.361752872565372,true,true,0.9899999999993867
unitbox_c_20_40_3_100.jl,32,1.1213575385656616,false,-26.271984352145864,-25.739087955179087,true,true,10.000020000021332
unitbox_c_20_40_3_100.jl,32,2.138286987857873,true,-26.271984352145864,-24.62657669989637,true,true,8.21999999998332
unitbox_c_20_40_3_25.jl,0,1.620604611324817,true,-11.934256442025777,-11.81,true,false,2.550000000002131
unitbox_c_20_40_3_25.jl,0,3.259809724589342,true,-11.934256442025777,-13.12,true,true,1.4099999999990296
unitbox_c_20_40_3_25.jl,0,1.8427059314756573,false,-11.934256442025777,-11.898409642755011,false,true,10.000020000021332
unitbox_c_20_40_3_25.jl,0,2.4930760644095997,false,-11.934256442025777,-12.272772775952307,false,true,10.000020000021332
unitbox_c_20_40_3_25.jl,0,3.259809724589342,true,-11.934256442025777,-13.12,true,true,1.2599999999991571
unitbox_c_20_40_3_25.jl,0,2.7281297093986376,false,-11.934256442025777,-13.774679690665115,false,true,10.000020000021332
unitbox_c_20_40_3_25.jl,0,3.259809724589342,true,-11.934256442025777,-13.12,true,true,1.2599999999991571
unitbox_c_20_40_3_25.jl,0,0.1462589102522519,false,-11.934256442025777,-11.7552623587726,true,true,10.000020000021332
unitbox_c_20_40_3_25.jl,0,0.11170939838709669,false,-11.934256442025777,-11.968965938261071,false,true,10.000020000021332
unitbox_c_20_40_3_25.jl,0,2.150897333438004,true,-11.934256442025777,-12.590000000000002,true,true,3.210000000006455
unitbox_c_20_40_3_25.jl,0,3.259809724589342,true,-11.934256442025777,-13.12,true,true,1.2899999999991316
unitbox_c_20_40_3_25.jl,0,3.473871561425062,true,-11.934256442025777,-13.410000000000002,true,true,4.380000000008494
unitbox_c_20_40_3_25.jl,0,3.259809724589342,true,-11.934256442025777,-13.12,true,true,2.219999999999969
unitbox_c_20_40_3_25.jl,0,3.292514545672952,true,-11.934256442025777,-13.138024223128967,true,true,10.000020000021332
unitbox_c_20_40_3_25.jl,0,2.723169905252875,false,-11.934256442025777,-13.780752457414854,false,true,10.000020000021332
unitbox_c_20_40_3_25.jl,0,0.16112692151822175,false,-11.934256442025777,-12.145412438267389,false,true,10.000020000021332
unitbox_c_20_40_3_25.jl,0,3.331733237291563,true,-11.934256442025777,-13.196989383272507,true,true,10.000020000021332
unitbox_c_20_40_3_25.jl,0,3.329860513469219,true,-11.934256442025777,-13.18694144278504,true,true,10.000020000021332
unitbox_c_20_40_3_25.jl,0,2.7246948309461168,false,-11.934256442025777,-13.778862161358312,false,true,10.000020000021332
unitbox_c_20_40_3_25.jl,0,0.12332988167495021,false,-11.934256442025777,-11.940039099586413,false,true,10.000020000021332
unitbox_c_20_40_3_25.jl,0,3.473871561425062,true,-11.934256442025777,-13.410000000000002,true,true,6.419999999991661
unitbox_c_20_40_3_25.jl,8,2.578069184038407,false,-11.934256442025777,-12.098465828220556,true,false,10.000020000021332
unitbox_c_20_40_3_25.jl,8,2.846905789554109,false,-11.934256442025777,-12.536673438389967,true,true,10.000020000021332
unitbox_c_20_40_3_25.jl,8,2.5763600299723977,true,-11.934256442025777,-10.845088290151628,false,true,10.000020000021332
unitbox_c_20_40_3_25.jl,8,3.2602195181711435,true,-11.934256442025777,-11.902266285876776,true,true,2.9700000000048825
unitbox_c_20_40_3_25.jl,8,2.6857438877462565,false,-11.934256442025777,-11.744052098719585,true,true,10.000020000021332
unitbox_c_20_40_3_25.jl,8,3.2646891372024625,false,-11.934256442025777,-11.39896209873939,true,true,10.000020000021332
unitbox_c_20_40_3_25.jl,8,3.11904225098183,false,-11.934256442025777,-13.008583728554774,true,true,10.000020000021332
unitbox_c_20_40_3_25.jl,8,2.3554697662775776,false,-11.934256442025777,-12.091072222050977,false,true,10.000020000021332
unitbox_c_20_40_3_25.jl,8,3.019200023688621,false,-11.934256442025777,-11.380870336821765,false,true,10.000020000021332
unitbox_c_20_40_3_25.jl,8,3.1471861364537608,true,-11.934256442025777,-12.051579645060798,true,true,10.000020000021332
unitbox_c_20_40_3_25.jl,8,2.4396460312467445,false,-11.934256442025777,-9.109557473753746,true,true,10.000020000021332
unitbox_c_20_40_3_25.jl,8,3.4098804189153293,false,-11.934256442025777,-12.254549228085038,true,true,10.000020000021332
unitbox_c_20_40_3_25.jl,8,2.2543690935179295,false,-11.934256442025777,-10.348658699322083,false,true,10.000020000021332
unitbox_c_20_40_3_25.jl,8,3.172149715813492,true,-11.934256442025777,-12.208712113468227,true,true,3.900000000010975
unitbox_c_20_40_3_25.jl,8,3.4738805413559355,true,-11.934256442025777,-12.355308611817483,true,true,7.919999999979283
unitbox_c_20_40_3_25.jl,8,3.1026374946627766,true,-11.934256442025777,-12.880000000000003,true,true,3.390000000007634
unitbox_c_20_40_3_25.jl,8,2.5817072825470797,false,-11.934256442025777,-11.666779775585237,false,true,10.000020000021332
unitbox_c_20_40_3_25.jl,8,3.5533588994224723,true,-11.934256442025777,-10.120000000000001,true,true,3.120000000005865
unitbox_c_20_40_3_25.jl,8,1.9551325664099688,false,-11.934256442025777,-10.730120640505692,true,true,10.000020000021332
unitbox_c_20_40_3_25.jl,8,2.574171589545249,true,-11.934256442025777,-11.710000000000003,true,true,1.859999999998647
unitbox_c_20_40_3_25.jl,8,2.2297403283463693,false,-11.934256442025777,-12.363799751310179,false,true,10.000020000021332
unitbox_c_20_40_3_25.jl,16,3.259809724589342,true,-11.934256442025777,-13.12,true,false,2.3400000000007553
unitbox_c_20_40_3_25.jl,16,2.5514452716794054,true,-11.934256442025777,-12.178384821985313,true,true,3.9900000000115647
unitbox_c_20_40_3_25.jl,16,3.473871561425062,true,-11.934256442025777,-13.410000000000002,true,true,3.6900000000095994
unitbox_c_20_40_3_25.jl,16,2.9370664634556527,true,-11.934256442025777,-12.51,true,true,3.120000000005865
unitbox_c_20_40_3_25.jl,16,3.322423453738911,true,-11.934256442025777,-13.166495985370558,true,true,10.000020000021332
unitbox_c_20_40_3_25.jl,16,3.1713919672069144,false,-11.934256442025777,-13.751361068836026,false,true,10.000020000021332
unitbox_c_20_40_3_25.jl,16,0.1127833442051244,false,-11.934256442025777,-11.880010989919288,false,true,10.000020000021332
unitbox_c_20_40_3_25.jl,16,3.473871561425062,true,-11.934256442025777,-13.410000000000002,true,true,5.7299999999973545
unitbox_c_20_40_3_25.jl,16,3.259809724589342,true,-11.934256442025777,-13.12,true,true,0.9899999999993867
unitbox_c_20_40_3_25.jl,16,3.259809724589342,true,-11.934256442025777,-13.12,true,true,2.9700000000048825
unitbox_c_20_40_3_25.jl,16,3.259809724589342,true,-11.934256442025777,-13.12,true,true,3.960000000011368
unitbox_c_20_40_3_25.jl,16,3.1724672108554963,false,-11.934256442025777,-13.750437130902142,true,true,10.000020000021332
unitbox_c_20_40_3_25.jl,16,3.259809724589342,true,-11.934256442025777,-13.12,true,true,4.20000000000998
unitbox_c_20_40_3_25.jl,16,2.726207034606594,false,-11.934256442025777,-13.777008256251577,false,true,10.000020000021332
unitbox_c_20_40_3_25.jl,16,2.670572661024799,false,-11.934256442025777,-12.71331417823553,false,true,10.000020000021332
unitbox_c_20_40_3_25.jl,16,3.259809724589342,true,-11.934256442025777,-13.12,true,true,1.919999999998596
unitbox_c_20_40_3_25.jl,16,2.7374363664334496,false,-11.934256442025777,-13.763821264370899,true,true,10.000020000021332
unitbox_c_20_40_3_25.jl,16,3.3150356227222915,true,-11.934256442025777,-13.156337436853747,true,true,10.000020000021332
unitbox_c_20_40_3_25.jl,16,3.4738715610689113,true,-11.934256442025777,-13.060000000000002,true,true,1.5299999999989276
unitbox_c_20_40_3_25.jl,16,3.473871561425062,true,-11.934256442025777,-13.410000000000002,true,true,2.9700000000048825
unitbox_c_20_40_3_25.jl,16,3.2873705225198817,true,-11.934256442025777,-13.135966350753465,true,true,10.000020000021332
unitbox_c_20_40_3_25.jl,32,2.725790826686763,false,-11.934256442025777,-13.777516504140557,false,false,10.000020000021332
unitbox_c_20_40_3_25.jl,32,2.7319569787115996,false,-11.934256442025777,-13.770134723507681,true,true,10.000020000021332
unitbox_c_20_40_3_25.jl,32,3.259809724589342,true,-11.934256442025777,-13.12,true,true,1.559999999998902
unitbox_c_20_40_3_25.jl,32,1.8509125773134916,false,-11.934256442025777,-11.836311837940412,false,true,10.000020000021332
unitbox_c_20_40_3_25.jl,32,3.3310232732977263,true,-11.934256442025777,-13.193453799744331,true,true,10.000020000021332
unitbox_c_20_40_3_25.jl,32,2.7279994670779235,false,-11.934256442025777,-13.774836443003911,false,true,10.000020000021332
unitbox_c_20_40_3_25.jl,32,2.737877912088379,false,-11.934256442025777,-13.763321789642465,true,true,10.000020000021332
unitbox_c_20_40_3_25.jl,32,2.6715418319641957,false,-11.934256442025777,-12.714516541929205,false,true,10.000020000021332
unitbox_c_20_40_3_25.jl,32,2.726715014251469,false,-11.934256442025777,-13.77638997711459,false,true,10.000020000021332
unitbox_c_20_40_3_25.jl,32,2.721550574870276,false,-11.934256442025777,-13.782783477286191,false,true,10.000020000021332
unitbox_c_20_40_3_25.jl,32,3.4738715610689113,true,-11.934256442025777,-13.060000000000002,true,true,2.9700000000048825
unitbox_c_20_40_3_25.jl,32,2.7227565058817453,false,-11.934256442025777,-13.781268601248351,false,true,10.000020000021332
unitbox_c_20_40_3_25.jl,32,3.259809724589342,true,-11.934256442025777,-13.12,true,true,1.3499999999990806
unitbox_c_20_40_3_25.jl,32,3.259809724589342,true,-11.934256442025777,-13.12,true,true,1.739999999998749
unitbox_c_20_40_3_25.jl,32,2.671740032070422,false,-11.934256442025777,-12.734213197455139,false,true,10.000020000021332
unitbox_c_20_40_3_25.jl,32,3.4738715610689113,true,-11.934256442025777,-13.060000000000002,true,true,1.9499999999985704
unitbox_c_20_40_3_25.jl,32,3.259809724589342,true,-11.934256442025777,-13.12,true,true,5.250000000001315
unitbox_c_20_40_3_25.jl,32,3.473871561425062,true,-11.934256442025777,-13.410000000000002,true,true,5.280000000001068
unitbox_c_20_40_3_25.jl,32,2.150897333438004,true,-11.934256442025777,-12.590000000000002,true,true,2.940000000004686
unitbox_c_20_40_3_25.jl,32,3.259809724589342,true,-11.934256442025777,-13.12,true,true,1.0199999999993612
unitbox_c_20_40_3_25.jl,32,0.1528541993139021,false,-11.934256442025777,-11.868344788742855,false,true,10.000020000021332
unitbox_c_20_40_3_50.jl,0,0.148409332262639,false,-27.406394982624278,-27.51324904155702,false,false,10.000020000021332
unitbox_c_20_40_3_50.jl,0,0.1759592581742388,false,-27.406394982624278,-27.53308498821337,false,true,10.000020000021332
unitbox_c_20_40_3_50.jl,0,0.16396642588959365,false,-27.406394982624278,-27.524450148968427,false,true,10.000020000021332
unitbox_c_20_40_3_50.jl,0,0.02375323089607822,false,-27.406394982624278,-27.389291996082772,true,true,10.000020000021332
unitbox_c_20_40_3_50.jl,0,0.033825604350490215,false,-27.406394982624278,-27.43074875746026,false,true,10.000020000021332
unitbox_c_20_40_3_50.jl,0,0.14601965093405853,false,-27.406394982624278,-27.51152847100044,false,true,10.000020000021332
unitbox_c_20_40_3_50.jl,0,0.08684269585547845,false,-27.406394982624278,-27.343867581311983,true,true,10.000020000021332
unitbox_c_20_40_3_50.jl,0,0.15176504021258239,false,-27.406394982624278,-27.515665151280977,false,true,10.000020000021332
unitbox_c_20_40_3_50.jl,0,0.08376792560025771,false,-27.406394982624278,-27.34608141589575,true,true,10.000020000021332
unitbox_c_20_40_3_50.jl,0,0.15058682249429986,false,-27.406394982624278,-27.514816834523813,false,true,10.000020000021332
unitbox_c_20_40_3_50.jl,0,0.05133870717712776,false,-27.406394982624278,-27.3694304531604,true,true,10.000020000021332
unitbox_c_20_40_3_50.jl,0,0.1491982353501529,false,-27.406394982624278,-27.51381705178003,false,true,10.000020000021332
unitbox_c_20_40_3_50.jl,0,0.05713306133869481,false,-27.406394982624278,-27.447530126491774,false,true,10.000020000021332
unitbox_c_20_40_3_50.jl,0,0.02884543835636789,false,-27.406394982624278,-27.427163037944492,false,true,10.000020000021332
unitbox_c_20_40_3_50.jl,0,0.11661245999222185,false,-27.406394982624278,-27.32243335113353,true,true,10.000020000021332
unitbox_c_20_40_3_50.jl,0,0.11347782519792628,false,-27.406394982624278,-27.324690288185426,true,true,10.000020000021332
unitbox_c_20_40_3_50.jl,0,0.038595908077911065,false,-27.406394982624278,-27.434183376144006,false,true,10.000020000021332
unitbox_c_20_40_3_50.jl,0,2.4618162318515915,true,-27.406394982624278,-22.63136108987419,true,true,0.5999999999997183
unitbox_c_20_40_3_50.jl,0,0.05178930123390956,false,-27.406394982624278,-27.369106025439514,true,true,10.000020000021332
unitbox_c_20_40_3_50.jl,0,0.06431547076394489,false,-27.406394982624278,-27.452701461277957,false,true,10.000020000021332
unitbox_c_20_40_3_50.jl,0,0.1502644772842847,false,-27.406394982624278,-27.29820389868324,true,true,10.000020000021332
unitbox_c_20_40_3_50.jl,8,0.43943655878878174,true,-27.406394982624278,-27.090000000000003,true,false,1.6499999999988255
unitbox_c_20_40_3_50.jl,8,0.43943655878878174,true,-27.406394982624278,-27.090000000000003,true,true,1.7099999999987745
unitbox_c_20_40_3_50.jl,8,0.4394366977256327,false,-27.406394982624278,-27.088857361576647,true,true,10.000020000021332
unitbox_c_20_40_3_50.jl,8,0.45503107791416775,false,-27.406394982624278,-26.581497058397737,true,true,10.000020000021332
unitbox_c_20_40_3_50.jl,8,0.5000387708391953,false,-27.406394982624278,-27.027961646676104,true,true,10.000020000021332
unitbox_c_20_40_3_50.jl,8,1.6208906134378034,false,-27.406394982624278,-24.228447304290945,true,true,10.000020000021332
unitbox_c_20_40_3_50.jl,8,0.29125584669351734,false,-27.406394982624278,-27.19669011270859,true,true,10.000020000021332
unitbox_c_20_40_3_50.jl,8,1.1555953530253473,false,-27.406394982624278,-24.650046346829853,true,true,10.000020000021332
unitbox_c_20_40_3_50.jl,8,0.5651114127497608,false,-27.406394982624278,-27.617527991997953,false,true,10.000020000021332
unitbox_c_20_40_3_50.jl,8,1.7869260030693583,true,-27.406394982624278,-23.389999999999997,true,true,7.799999999980273
unitbox_c_20_40_3_50.jl,8,1.4809134085300668,true,-27.406394982624278,-25.589999999999996,true,true,7.679999999981264
unitbox_c_20_40_3_50.jl,8,0.6068420798145083,false,-27.406394982624278,-26.696598137042145,false,true,10.000020000021332
unitbox_c_20_40_3_50.jl,8,2.0477071471341297,true,-27.406394982624278,-21.93,true,true,4.0500000000112175
unitbox_c_20_40_3_50.jl,8,0.27447488829197475,false,-27.406394982624278,-26.589479968431007,true,true,10.000020000021332
unitbox_c_20_40_3_50.jl,8,1.7843227107482502,false,-27.406394982624278,-23.889014411707663,true,true,10.000020000021332
unitbox_c_20_40_3_50.jl,8,1.4309898217235444,false,-27.406394982624278,-25.607374068631824,true,true,5.789999999996859
unitbox_c_20_40_3_50.jl,8,0.48742394831222263,false,-27.406394982624278,-26.89175666878373,true,true,10.000020000021332
unitbox_c_20_40_3_50.jl,8,1.2265845213035518,false,-27.406394982624278,-25.145533758063188,true,true,10.000020000021332
unitbox_c_20_40_3_50.jl,8,1.45308127099612,false,-27.406394982624278,-23.47768028963757,true,true,10.000020000021332
unitbox_c_20_40_3_50.jl,8,0.8972025962582181,false,-27.406394982624278,-25.32338358936052,true,true,10.000020000021332
unitbox_c_20_40_3_50.jl,8,2.0819728496204175,false,-27.406394982624278,-22.882852675981127,true,true,10.000020000021332
unitbox_c_20_40_3_50.jl,16,0.032176764331835896,false,-27.406394982624278,-27.38322705200902,true,false,10.000020000021332
unitbox_c_20_40_3_50.jl,16,0.07112582565543712,false,-27.406394982624278,-27.457604916799827,false,true,10.000020000021332
unitbox_c_20_40_3_50.jl,16,2.4262028519563796,true,-27.406394982624278,-22.632435419356753,true,true,0.6299999999996928
unitbox_c_20_40_3_50.jl,16,0.17672915160231192,false,-27.406394982624278,-27.533639311481586,false,true,10.000020000021332
unitbox_c_20_40_3_50.jl,16,0.03943641382305313,false,-27.406394982624278,-27.434788540280508,false,true,10.000020000021332
unitbox_c_20_40_3_50.jl,16,0.15844087501080986,false,-27.406394982624278,-27.29231689232014,true,true,10.000020000021332
unitbox_c_20_40_3_50.jl,16,0.11238688844715923,false,-27.406394982624278,-27.487312882009874,false,true,10.000020000021332
unitbox_c_20_40_3_50.jl,16,0.11332032962644618,false,-27.406394982624278,-27.487984959658956,false,true,10.000020000021332
unitbox_c_20_40_3_50.jl,16,0.12592083981111726,false,-27.406394982624278,-27.49705732699192,false,true,10.000020000021332
unitbox_c_20_40_3_50.jl,16,0.15903739323033553,false,-27.406394982624278,-27.52090124545376,false,true,10.000020000021332
unitbox_c_20_40_3_50.jl,16,0.18586937523190314,false,-27.406394982624278,-27.27256837216095,true,true,10.000020000021332
unitbox_c_20_40_3_50.jl,16,0.08777062416389306,false,-27.406394982624278,-27.343199472929925,true,true,10.000020000021332
unitbox_c_20_40_3_50.jl,16,0.021562028321406915,false,-27.406394982624278,-27.421918982719312,false,true,10.000020000021332
unitbox_c_20_40_3_50.jl,16,0.18044517047376263,false,-27.406394982624278,-27.53631484506903,false,true,10.000020000021332
unitbox_c_20_40_3_50.jl,16,0.03944557427003964,false,-27.406394982624278,-27.434795135802336,false,true,10.000020000021332
unitbox_c_20_40_3_50.jl,16,0.11110187447593661,false,-27.406394982624278,-27.326400972705255,true,true,10.000020000021332
unitbox_c_20_40_3_50.jl,16,0.15580646049909772,false,-27.406394982624278,-27.51857497388727,false,true,10.000020000021332
unitbox_c_20_40_3_50.jl,16,0.11803562790944473,false,-27.406394982624278,-27.491379974422717,false,true,10.000020000021332
unitbox_c_20_40_3_50.jl,16,0.15393940923767332,false,-27.406394982624278,-27.51723069697904,false,true,10.000020000021332
unitbox_c_20_40_3_50.jl,16,0.11103257705432656,false,-27.406394982624278,-27.486337777807034,false,true,10.000020000021332
unitbox_c_20_40_3_50.jl,16,0.1514246239614882,false,-27.406394982624278,-27.51542005158019,false,true,10.000020000021332
unitbox_c_20_40_3_50.jl,32,0.04886412588643042,false,-27.406394982624278,-27.371212151689704,true,false,10.000020000021332
unitbox_c_20_40_3_50.jl,32,2.413650485020651,true,-27.406394982624278,-22.632848236658965,true,true,1.1999999999992081
unitbox_c_20_40_3_50.jl,32,0.17880422190261505,false,-27.406394982624278,-27.277655282558044,true,true,10.000020000021332
unitbox_c_20_40_3_50.jl,32,0.042115793710347925,false,-27.406394982624278,-27.436717693799363,false,true,10.000020000021332
unitbox_c_20_40_3_50.jl,32,0.0275180285823987,false,-27.406394982624278,-27.426207302907226,false,true,10.000020000021332
unitbox_c_20_40_3_50.jl,32,0.02655182430685401,false,-27.406394982624278,-27.425511635828833,false,true,10.000020000021332
unitbox_c_20_40_3_50.jl,32,0.134869258991599,false,-27.406394982624278,-27.309288455853977,true,true,10.000020000021332
unitbox_c_20_40_3_50.jl,32,0.18472704060499834,false,-27.406394982624278,-27.539397791563516,false,true,10.000020000021332
unitbox_c_20_40_3_50.jl,32,0.1518593028485822,false,-27.406394982624278,-27.515733020378896,false,true,10.000020000021332
unitbox_c_20_40_3_50.jl,32,0.1772620021761963,false,-27.406394982624278,-27.278765680761065,true,true,10.000020000021332
unitbox_c_20_40_3_50.jl,32,0.02020369759127366,false,-27.406394982624278,-27.391847660062233,true,true,10.000020000021332
unitbox_c_20_40_3_50.jl,32,0.006125714738789129,false,-27.406394982624278,-27.41080483693976,false,true,10.000020000021332
unitbox_c_20_40_3_50.jl,32,2.472715198533426,true,-27.406394982624278,-22.63105523072019,true,true,1.4099999999990296
unitbox_c_20_40_3_50.jl,32,0.047088428831325746,false,-27.406394982624278,-27.37249065356938,true,true,10.000020000021332
unitbox_c_20_40_3_50.jl,32,0.02696450714634381,false,-27.406394982624278,-27.425808767473267,false,true,10.000020000021332
unitbox_c_20_40_3_50.jl,32,0.10528554799964873,false,-27.406394982624278,-27.33058872776818,true,true,10.000020000021332
unitbox_c_20_40_3_50.jl,32,0.1654959046231254,false,-27.406394982624278,-27.287237270999274,true,true,10.000020000021332
unitbox_c_20_40_3_50.jl,32,0.10704683195488317,false,-27.406394982624278,-27.32932060332041,true,true,10.000020000021332
unitbox_c_20_40_3_50.jl,32,0.025347342346462163,false,-27.406394982624278,-27.424644408817354,false,true,10.000020000021332
unitbox_c_20_40_3_50.jl,32,0.13667573552411172,false,-27.406394982624278,-27.504800851905284,false,true,10.000020000021332
unitbox_c_20_40_3_50.jl,32,0.18616324178830676,false,-27.406394982624278,-27.5404318564155,false,true,10.000020000021332
